id,time,SuDuMoNiLiang,FPLCSuDu,BianmaQiSuDu,CSJSuDu,LGuanLongShenDu,FPLCShenDu,BianmaQiShenDu,DianshuDianliu1,DianshuDianliu2,LiCi_Current,ZhiDongPressure,Shang_GuoJuan,Xia_GuoJuan
6762,2023/2/19 07:23:40,0.400000005960464,0.400000005960464,0.400000005960464,0.400000005960464,-289.2163086,-289.2593994,-289.2250366,13.3333330154419,6.66666650772095,330.409057617188,12.1171541213989,0,0
6763,2023/2/19 07:23:44,0.400000005960464,0.400000005960464,0.400000005960464,0.400000005960464,-287.0409546,-287.0624695,-287.0363464,13.3333330154419,13.3333330154419,330.409057617188,12.1171541213989,0,0
6764,2023/2/19 07:23:48,0.400000005960464,0.600000023841858,0.5,0.400000005960464,-284.8225098,-284.8871155,-284.8476563,13.3333330154419,13.3333330154419,330.409057617188,12.1171541213989,0,0
6765,2023/2/19 07:23:52,0.400000005960464,0.400000005960464,0.5,0.400000005960464,-282.6255798,-282.6686707,-282.6589966,13.3333330154419,13.3333330154419,330.803344726563,12.1171541213989,0,0
6766,2023/2/19 07:23:56,0.400000005960464,0.600000023841858,0.5,0.400000005960464,-280.4286804,-280.4502258,-280.4703064,13.3333330154419,13.3333330154419,330.409057617188,12.1916065216064,0,0
6767,2023/2/19 07:24:00,0.400000005960464,0.400000005960464,0.5,0.400000005960464,-278.2533264,-278.2533264,-278.260376,13.3333330154419,13.3333330154419,330.409057617188,12.1357669830322,0,0
6768,2023/2/19 07:24:04,0.400000005960464,0.600000023841858,0.400000005960464,0.400000005960464,-276.0563965,-276.0994873,-276.0504456,20,13.3333330154419,330.409057617188,12.1171541213989,0,0
6769,2023/2/19 07:24:08,0.400000005960464,0.400000005960464,0.400000005960464,0.400000005960464,-273.8810425,-273.9241028,-273.8829956,20,20,330.409057617188,12.1357669830322,0,0
6770,2023/2/19 07:24:12,0.400000005960464,0.600000023841858,0.5,0.400000005960464,-271.6841431,-271.7272034,-271.6943054,20,20,330.803344726563,12.1357669830322,0,0
6771,2023/2/19 07:24:16,0.400000005960464,0.400000005960464,0.400000005960464,0.400000005960464,-269.4656982,-269.530304,-269.5056152,20,13.3333330154419,330.409057617188,12.1357669830322,0,0
6772,2023/2/19 07:24:20,0.400000005960464,0.400000005960464,0.5,0.400000005960464,-267.2687683,-267.2903137,-267.3169556,13.3333330154419,13.3333330154419,330.409057617188,12.1357669830322,0,0
6773,2023/2/19 07:24:24,0.400000005960464,0.600000023841858,0.5,0.400000005960464,-265.0934143,-265.1149597,-265.1070251,20,20,330.409057617188,12.1357669830322,0,0
6774,2023/2/19 07:24:28,0.400000005960464,0.600000023841858,0.400000005960464,0.400000005960464,-262.9180298,-262.9395752,-262.8970642,20,20,330.409057617188,12.1171541213989,0,0
6775,2023/2/19 07:24:32,0.400000005960464,0.600000023841858,0.400000005960464,0.400000005960464,-260.7211304,-260.7642212,-260.7296448,20,20,330.409057617188,12.1171541213989,0,0
6776,2023/2/19 07:24:36,0.400000005960464,0.400000005960464,0.5,0.400000005960464,-258.524231,-258.5673218,-258.5409546,20,20,330.409057617188,12.1357669830322,0,0
6777,2023/2/19 07:24:40,0.400000005960464,0.600000023841858,0.400000005960464,0.400000005960464,-256.3057861,-256.3703918,-256.3522644,20,13.3333330154419,330.409057617188,12.1357669830322,0,0
6778,2023/2/19 07:24:44,0.400000005960464,0.600000023841858,0.5,0.400000005960464,-254.1304169,-254.1519623,-254.1635895,20,20,330.409057617188,12.1357669830322,0,0
6779,2023/2/19 07:24:48,0.400000005960464,0.400000005960464,0.5,0.400000005960464,-251.9550476,-251.976593,-251.9536591,20,20,330.409057617188,12.1357669830322,0,0
6780,2023/2/19 07:24:52,0.400000005960464,0.600000023841858,0.5,0.400000005960464,-249.7581482,-249.8012238,-249.7649689,20,20,330.409057617188,12.2102193832397,0,0
6781,2023/2/19 07:24:56,0.400000005960464,0.400000005960464,0.5,0.400000005960464,-247.5612335,-247.6258545,-247.5762939,20,20,330.409057617188,12.1357669830322,0,0
6782,2023/2/19 07:25:00,0.400000005960464,0.600000023841858,0.400000005960464,0.400000005960464,-245.3643341,-245.4289398,-245.3876038,26.6666660308838,20,330.409057617188,12.1357669830322,0,0
6783,2023/2/19 07:25:04,0.400000005960464,0.600000023841858,0.400000005960464,0.400000005960464,-243.1458893,-243.210495,-243.1989136,20,20,330.014770507813,12.1357669830322,0,0
6784,2023/2/19 07:25:08,0.400000005960464,0.600000023841858,0.5,0.400000005960464,-240.97052,-240.9920502,-241.0102386,20,20,330.803344726563,12.1357669830322,0,0
6785,2023/2/19 07:25:12,0.400000005960464,0.400000005960464,0.400000005960464,0.400000005960464,-238.7951508,-238.8166809,-238.8003082,20,20,330.014770507813,12.1357669830322,0,0
6786,2023/2/19 07:25:16,0.400000005960464,0.600000023841858,0.400000005960464,0.400000005960464,-236.5982361,-236.6413116,-236.611618,26.6666660308838,20,330.409057617188,12.1171541213989,0,0
6787,2023/2/19 07:25:20,0.400000005960464,0.600000023841858,0.5,0.400000005960464,-234.4013367,-234.4659424,-234.4229279,26.6666660308838,26.6666660308838,330.409057617188,12.1171541213989,0,0
6788,2023/2/19 07:25:24,0.400000005960464,0.600000023841858,0.400000005960464,0.400000005960464,-232.204422,-232.269043,-232.2342529,26.6666660308838,26.6666660308838,330.409057617188,12.1171541213989,0,0
6789,2023/2/19 07:25:28,0.400000005960464,0.600000023841858,0.5,0.400000005960464,-229.9859772,-230.0505981,-230.0455627,20,26.6666660308838,330.409057617188,12.1171541213989,0,0
6790,2023/2/19 07:25:32,0.400000005960464,0.600000023841858,0.400000005960464,0.400000005960464,-227.8106079,-227.8321533,-227.8356323,26.6666660308838,20,330.409057617188,12.1357669830322,0,0
6791,2023/2/19 07:25:36,0.400000005960464,0.600000023841858,0.400000005960464,0.400000005960464,-225.6352386,-225.6567841,-225.6257019,26.6666660308838,26.6666660308838,330.803344726563,12.1171541213989,0,0
6792,2023/2/19 07:25:40,0.400000005960464,0.600000023841858,0.400000005960464,0.400000005960464,-223.4383392,-223.4814148,-223.4370117,26.6666660308838,26.6666660308838,330.409057617188,12.1357669830322,0,0
6793,2023/2/19 07:25:44,0.400000005960464,0.600000023841858,0.5,0.400000005960464,-221.26297,-221.3060455,-221.269577,33.3333320617676,26.6666660308838,330.409057617188,12.1357669830322,0,0
6794,2023/2/19 07:25:48,0.400000005960464,0.600000023841858,0.400000005960464,0.400000005960464,-219.0445251,-219.1091461,-219.0809021,26.6666660308838,26.6666660308838,330.014770507813,12.1357669830322,0,0
6795,2023/2/19 07:25:52,0.400000005960464,0.600000023841858,0.5,0.400000005960464,-216.8476105,-216.8907013,-216.8922119,26.6666660308838,26.6666660308838,330.409057617188,12.1171541213989,0,0
6796,2023/2/19 07:25:56,0.400000005960464,0.400000005960464,0.5,0.400000005960464,-214.6507111,-214.6722412,-214.6822815,26.6666660308838,26.6666660308838,330.409057617188,12.1357669830322,0,0
6797,2023/2/19 07:26:00,0.400000005960464,0.400000005960464,0.400000005960464,0.400000005960464,-212.4753418,-212.4968872,-212.4723511,26.6666660308838,26.6666660308838,330.409057617188,12.1171541213989,0,0
6798,2023/2/19 07:26:04,0.400000005960464,0.400000005960464,0.400000005960464,0.400000005960464,-210.2999725,-210.3215179,-210.2836609,33.3333320617676,26.6666660308838,330.409057617188,12.1171541213989,0,0
6799,2023/2/19 07:26:08,0.400000005960464,0.400000005960464,0.5,0.400000005960464,-208.1030731,-208.1461487,-208.1162262,33.3333320617676,33.3333320617676,330.409057617188,12.1357669830322,0,0
6800,2023/2/19 07:26:12,0.400000005960464,0.400000005960464,0.400000005960464,0.400000005960464,-205.8846283,-205.949234,-205.9275513,33.3333320617676,26.6666660308838,330.409057617188,12.1357669830322,0,0
6801,2023/2/19 07:26:16,0.400000005960464,0.600000023841858,0.5,0.400000005960464,-203.6877136,-203.7307892,-203.7388611,33.3333320617676,33.3333320617676,330.409057617188,12.1171541213989,0,0
6802,2023/2/19 07:26:20,0.400000005960464,0.400000005960464,0.5,0.400000005960464,-201.5123444,-201.5338898,-201.5289307,33.3333320617676,33.3333320617676,330.409057617188,12.1357669830322,0,0
6803,2023/2/19 07:26:24,0.400000005960464,0.600000023841858,0.400000005960464,0.400000005960464,-199.3154449,-199.3585205,-199.3190002,33.3333320617676,33.3333320617676,330.409057617188,12.1357669830322,0,0
6804,2023/2/19 07:26:28,0.400000005960464,0.600000023841858,0.400000005960464,0.400000005960464,-197.1400757,-197.1831512,-197.1303101,33.3333320617676,33.3333320617676,330.409057617188,12.1357669830322,0,0
6805,2023/2/19 07:26:32,0.400000005960464,0.400000005960464,0.5,0.400000005960464,-194.943161,-195.007782,-194.9628754,33.3333320617676,33.3333320617676,330.409057617188,12.1357669830322,0,0
6806,2023/2/19 07:26:36,0.400000005960464,0.400000005960464,0.400000005960464,0.400000005960464,-192.7462616,-192.7893372,-192.7741852,33.3333320617676,33.3333320617676,330.409057617188,12.1357669830322,0,0
6807,2023/2/19 07:26:40,0.400000005960464,0.600000023841858,0.5,0.400000005960464,-190.5278168,-190.5708923,-190.5642548,33.3333320617676,33.3333320617676,330.409057617188,12.1171541213989,0,0
6808,2023/2/19 07:26:44,0.400000005960464,0.600000023841858,0.400000005960464,0.400000005960464,-188.3524475,-188.3739777,-188.3755798,33.3333320617676,26.6666660308838,330.803344726563,12.1171541213989,0,0
6809,2023/2/19 07:26:48,0.400000005960464,0.600000023841858,0.5,0.400000005960464,-186.1770782,-186.1986084,-186.1656342,33.3333320617676,33.3333320617676,330.409057617188,12.1171541213989,0,0
6810,2023/2/19 07:26:52,0.400000005960464,0.600000023841858,0.400000005960464,0.400000005960464,-183.9801636,-184.0232391,-183.9769592,33.3333320617676,33.3333320617676,330.409057617188,12.1357669830322,0,0
6811,2023/2/19 07:26:56,0.400000005960464,0.600000023841858,0.5,0.400000005960464,-181.7832642,-181.8478851,-181.8095245,40,40,330.409057617188,12.1357669830322,0,0
6812,2023/2/19 07:27:00,0.400000005960464,0.400000005960464,0.5,0.400000005960464,-179.5863495,-179.629425,-179.6208344,40,33.3333320617676,330.803344726563,12.1357669830322,0,0
6813,2023/2/19 07:27:04,0.400000005960464,0.600000023841858,0.400000005960464,0.400000005960464,-177.3679047,-177.4109802,-177.4109039,40,33.3333320617676,330.409057617188,12.1171541213989,0,0
6814,2023/2/19 07:27:08,0.400000005960464,0.600000023841858,0.400000005960464,0.400000005960464,-175.1925354,-175.2140808,-175.2009735,40,33.3333320617676,330.409057617188,12.1357669830322,0,0
6815,2023/2/19 07:27:12,0.400000005960464,0.400000005960464,0.5,0.400000005960464,-173.0171814,-173.0387115,-173.0122833,40,33.3333320617676,330.409057617188,12.1357669830322,0,0
6816,2023/2/19 07:27:16,0.400000005960464,0.400000005960464,0.400000005960464,0.400000005960464,-170.8202667,-170.8633423,-170.8236084,40,40,330.409057617188,12.1171541213989,0,0
6817,2023/2/19 07:27:20,0.400000005960464,0.600000023841858,0.5,0.400000005960464,-168.6233673,-168.687973,-168.6561737,40,40,330.409057617188,12.1357669830322,0,0
6818,2023/2/19 07:27:24,0.400000005960464,0.400000005960464,0.5,0.400000005960464,-166.4264526,-166.4695282,-166.4674835,40,40,330.803344726563,12.1357669830322,0,0
6819,2023/2/19 07:27:28,0.400000005960464,0.400000005960464,0.5,0.400000005960464,-164.2295532,-164.2510834,-164.2575531,40,40,330.409057617188,12.1171541213989,0,0
6820,2023/2/19 07:27:32,0.400000005960464,0.400000005960464,0.5,0.400000005960464,-162.0326385,-162.054184,-162.0476227,40,40,330.409057617188,12.1357669830322,0,0
6821,2023/2/19 07:27:36,0.400000005960464,0.600000023841858,0.5,0.400000005960464,-159.8572693,-159.9003448,-159.8589325,40,40,330.409057617188,12.1357669830322,0,0
6822,2023/2/19 07:27:40,0.400000005960464,0.600000023841858,0.400000005960464,0.400000005960464,-157.6819,-157.7249756,-157.6702423,40,46.6666641235352,330.409057617188,12.1171541213989,0,0
6823,2023/2/19 07:27:44,0.400000005960464,0.400000005960464,0.5,0.400000005960464,-155.4634552,-155.5280762,-155.5028076,46.6666641235352,46.6666641235352,330.409057617188,12.1357669830322,0,0
6824,2023/2/19 07:27:48,0.400000005960464,0.600000023841858,0.5,0.400000005960464,-153.2665558,-153.3311615,-153.2928772,40,40,330.409057617188,12.1171541213989,0,0
6825,2023/2/19 07:27:52,0.400000005960464,0.600000023841858,0.5,0.400000005960464,-151.0696411,-151.0911865,-151.1042023,40,40,330.409057617188,12.1171541213989,0,0
6826,2023/2/19 07:27:56,0.400000005960464,0.600000023841858,0.5,0.400000005960464,-148.8942719,-148.9158173,-148.8942566,46.6666641235352,46.6666641235352,330.409057617188,12.1357669830322,0,0
6827,2023/2/19 07:28:00,0.400000005960464,0.400000005960464,0.5,0.400000005960464,-146.7189026,-146.740448,-146.7055817,46.6666641235352,46.6666641235352,330.409057617188,12.1357669830322,0,0
6828,2023/2/19 07:28:04,0.400000005960464,0.400000005960464,0.400000005960464,0.400000005960464,-144.5220032,-144.5650787,-144.5168915,40,46.6666641235352,330.409057617188,12.1357669830322,0,0
6829,2023/2/19 07:28:08,0.400000005960464,0.400000005960464,0.5,0.400000005960464,-142.3250885,-142.3681641,-142.3494568,46.6666641235352,46.6666641235352,330.409057617188,12.1357669830322,0,0
6830,2023/2/19 07:28:12,0.400000005960464,0.600000023841858,0.400000005960464,0.400000005960464,-140.1066437,-140.1712646,-140.1395264,46.6666641235352,46.6666641235352,330.409057617188,12.1357669830322,0,0
6831,2023/2/19 07:28:16,0.400000005960464,0.600000023841858,0.400000005960464,0.400000005960464,-137.9097443,-137.9528198,-137.9295959,40,40,330.409057617188,12.1171541213989,0,0
6832,2023/2/19 07:28:20,0.400000005960464,0.400000005960464,0.400000005960464,0.400000005960464,-135.734375,-135.7559204,-135.7196655,46.6666641235352,46.6666641235352,330.409057617188,12.1357669830322,0,0
6833,2023/2/19 07:28:24,0.400000005960464,0.400000005960464,0.5,0.400000005960464,-133.5590057,-133.6020813,-133.5522308,46.6666641235352,40,330.409057617188,12.1357669830322,0,0
6834,2023/2/19 07:28:28,0.400000005960464,0.400000005960464,0.5,0.400000005960464,-131.3621063,-131.4051819,-131.3635406,46.6666641235352,46.6666641235352,330.409057617188,12.1357669830322,0,0
6835,2023/2/19 07:28:32,0.400000005960464,0.400000005960464,0.400000005960464,0.400000005960464,-129.1651917,-129.2082672,-129.1748505,46.6666641235352,66.6666641235352,330.409057617188,12.1171541213989,0,0
6836,2023/2/19 07:28:36,0.400000005960464,0.600000023841858,0.5,0.400000005960464,-126.9467468,-127.0113602,-126.9861755,46.6666641235352,46.6666641235352,330.409057617188,12.1171541213989,0,0
6837,2023/2/19 07:28:40,0.400000005960464,0.600000023841858,0.5,0.400000005960464,-124.7713776,-124.7929153,-124.7762375,46.6666641235352,40,330.409057617188,12.1171541213989,0,0
6838,2023/2/19 07:28:44,0.400000005960464,0.400000005960464,0.400000005960464,0.400000005960464,-122.5744705,-122.5960083,-122.5663071,46.6666641235352,46.6666641235352,330.409057617188,12.1357669830322,0,0
6839,2023/2/19 07:28:48,0.400000005960464,0.600000023841858,0.400000005960464,0.400000005960464,-120.3991013,-120.4421844,-120.3776245,46.6666641235352,46.6666641235352,330.409057617188,12.1357669830322,0,0
6840,2023/2/19 07:28:52,0.400000005960464,0.600000023841858,0.5,0.400000005960464,-118.2021942,-118.2668152,-118.2101898,46.6666641235352,46.6666641235352,330.409057617188,12.1357669830322,0,0
6841,2023/2/19 07:28:56,0.400000005960464,0.600000023841858,0.400000005960464,0.400000005960464,-116.0052872,-116.0483704,-116.0215073,46.6666641235352,46.6666641235352,330.014770507813,12.1357669830322,0,0
6842,2023/2/19 07:29:00,0.400000005960464,0.600000023841858,0.400000005960464,0.400000005960464,-113.7868423,-113.8514633,-113.8115692,46.6666641235352,46.6666641235352,330.409057617188,12.1357669830322,0,0
6843,2023/2/19 07:29:04,0.400000005960464,0.600000023841858,0.400000005960464,0.400000005960464,-111.6114807,-111.6330185,-111.6016388,46.6666641235352,40,330.409057617188,12.1357669830322,0,0
6844,2023/2/19 07:29:08,0.400000005960464,0.600000023841858,0.5,0.400000005960464,-109.4145737,-109.4576492,-109.4129562,46.6666641235352,46.6666641235352,330.409057617188,12.1357669830322,0,0
6845,2023/2/19 07:29:12,0.400000005960464,0.400000005960464,0.400000005960464,0.400000005960464,-107.2392044,-107.28228,-107.2242661,46.6666641235352,46.6666641235352,330.409057617188,12.1171541213989,0,0
6846,2023/2/19 07:29:16,0.400000005960464,0.600000023841858,0.400000005960464,0.400000005960464,-105.0422974,-105.1069107,-105.0355835,46.6666641235352,46.6666641235352,330.409057617188,12.1357669830322,0,0
6847,2023/2/19 07:29:20,0.400000005960464,0.600000023841858,0.5,0.400000005960464,-102.8453903,-102.8884659,-102.8681488,46.6666641235352,46.6666641235352,330.409057617188,12.1357669830322,0,0
6848,2023/2/19 07:29:24,0.400000005960464,0.600000023841858,0.5,0.400000005960464,-100.6269455,-100.6915588,-100.6582184,46.6666641235352,73.3333282470703,330.409057617188,12.1357669830322,0,0
6849,2023/2/19 07:29:28,0.400000005960464,0.600000023841858,0.5,0.400000005960464,-98.45157623,-98.47311401,-98.44828033,59.9999961853027,40,330.409057617188,12.1357669830322,0,0
6850,2023/2/19 07:29:32,0.400000005960464,0.400000005960464,0.5,0.400000005960464,-96.27620697,-96.29774475,-96.23834991,46.6666641235352,46.6666641235352,330.409057617188,12.1171541213989,0,0
6851,2023/2/19 07:29:36,0.400000005960464,0.400000005960464,0.5,0.400000005960464,-94.07929993,-94.12237549,-94.07091522,46.6666641235352,46.6666641235352,330.409057617188,12.1171541213989,0,0
6852,2023/2/19 07:29:40,0.400000005960464,0.600000023841858,0.5,0.400000005960464,-91.88239288,-91.94700623,-91.88223267,93.3333282470703,93.3333282470703,330.409057617188,12.1357669830322,0,0
6853,2023/2/19 07:29:44,0.400000005960464,0.600000023841858,0.400000005960464,0.400000005960464,-89.68548584,-89.75009918,-89.69355011,53.3333320617676,46.6666641235352,330.409057617188,12.1357669830322,0,0
6854,2023/2/19 07:29:48,0.400000005960464,0.600000023841858,0.400000005960464,0.400000005960464,-87.46704102,-87.53165436,-87.48361206,46.6666641235352,46.6666641235352,330.409057617188,12.1357669830322,0,0
6855,2023/2/19 07:29:52,0.400000005960464,0.400000005960464,0.400000005960464,0.400000005960464,-85.29167175,-85.31320953,-85.27368164,46.6666641235352,46.6666641235352,330.409057617188,12.1357669830322,0,0
6856,2023/2/19 07:29:56,0.400000005960464,0.400000005960464,0.5,0.400000005960464,-83.11630249,-83.13784027,-83.08499908,93.3333282470703,46.6666641235352,330.409057617188,12.1171541213989,0,0
6857,2023/2/19 07:30:00,0.400000005960464,0.400000005960464,0.400000005960464,0.400000005960464,-80.91939545,-80.96247101,-80.8963089,80,99.9999923706055,330.409057617188,12.1357669830322,0,0
6858,2023/2/19 07:30:04,0.400000005960464,0.600000023841858,0.400000005960464,0.400000005960464,-78.7224884,-78.78710938,-78.70762634,46.6666641235352,40,330.409057617188,12.1171541213989,0,0
6859,2023/2/19 07:30:08,0.400000005960464,0.600000023841858,0.400000005960464,0.400000005960464,-76.50404358,-76.56866455,-76.51894379,46.6666641235352,46.6666641235352,330.409057617188,12.1357669830322,0,0
6860,2023/2/19 07:30:12,0.400000005960464,0.400000005960464,0.5,0.400000005960464,-74.30713654,-74.35021973,-74.30901337,46.6666641235352,53.3333320617676,330.409057617188,12.1171541213989,0,0
6861,2023/2/19 07:30:16,0.400000005960464,0.600000023841858,0.400000005960464,0.400000005960464,-72.13176727,-72.13176727,-72.09907532,46.6666641235352,46.6666641235352,330.409057617188,12.1357669830322,0,0
6862,2023/2/19 07:30:20,0.400000005960464,0.600000023841858,0.5,0.400000005960464,-69.93486786,-69.97794342,-69.91039276,46.6666641235352,46.6666641235352,330.409057617188,12.1357669830322,0,0
6863,2023/2/19 07:30:24,0.400000005960464,0.600000023841858,0.5,0.400000005960464,-67.7594986,-67.80257416,-67.72171021,93.3333282470703,106.666664123535,330.409057617188,12.1357669830322,0,0
6864,2023/2/19 07:30:28,0.400000005960464,0.400000005960464,0.400000005960464,0.400000005960464,-65.54105377,-65.60566711,-65.53302765,46.6666641235352,53.3333320617676,330.409057617188,12.1357669830322,0,0
6865,2023/2/19 07:30:32,0.400000005960464,0.400000005960464,0.400000005960464,0.400000005960464,-63.34414291,-63.40876007,-63.34434128,80,66.6666641235352,330.409057617188,12.1357669830322,0,0
6866,2023/2/19 07:30:36,0.400000005960464,0.600000023841858,0.5,0.400000005960464,-61.14723587,-61.16877747,-61.13440704,46.6666641235352,80,330.409057617188,12.1171541213989,0,0
6867,2023/2/19 07:30:40,0.400000005960464,0.400000005960464,0.400000005960464,0.400000005960464,-58.95032883,-58.97187042,-58.92447281,46.6666641235352,53.3333320617676,330.409057617188,12.1357669830322,0,0
6868,2023/2/19 07:30:44,0.400000005960464,0.400000005960464,0.5,0.400000005960464,-56.77496338,-56.79650116,-56.73579025,46.6666641235352,46.6666641235352,330.409057617188,12.1171541213989,0,0
6869,2023/2/19 07:30:48,0.400000005960464,0.400000005960464,0.5,0.400000005960464,-54.57805634,-54.6211319,-54.5471077,86.6666641235352,46.6666641235352,330.409057617188,12.1357669830322,0,0
6870,2023/2/19 07:30:52,0.400000005960464,0.600000023841858,0.400000005960464,0.400000005960464,-52.38114929,-52.42422485,-52.35842133,93.3333282470703,59.9999961853027,330.409057617188,12.1171541213989,0,0
6871,2023/2/19 07:30:56,0.400000005960464,0.600000023841858,0.5,0.400000005960464,-50.16270447,-50.22731781,-50.14848709,46.6666641235352,40,330.409057617188,12.1357669830322,0,0
6872,2023/2/19 07:31:00,0.400000005960464,0.600000023841858,0.400000005960464,0.400000005960464,-47.96579742,-47.98733521,-47.93855667,80,86.6666641235352,330.409057617188,12.1357669830322,0,0
6873,2023/2/19 07:31:04,0.400000005960464,0.600000023841858,0.5,0.400000005960464,-45.76889038,-45.79042816,-45.72862244,86.6666641235352,59.9999961853027,330.409057617188,12.1357669830322,0,0
6874,2023/2/19 07:31:08,0.400000005960464,0.600000023841858,0.5,0.400000005960464,-43.59352112,-43.63659668,-43.53993607,59.9999961853027,53.3333320617676,330.409057617188,12.1171541213989,0,0
6875,2023/2/19 07:31:12,0.400000005960464,0.600000023841858,0.400000005960464,0.400000005960464,-41.41815186,-41.46123123,-41.37250137,73.3333282470703,73.3333282470703,330.409057617188,12.1357669830322,0,0
6876,2023/2/19 07:31:16,0.400000005960464,0.400000005960464,0.400000005960464,0.400000005960464,-39.22124481,-39.28586197,-39.20506668,59.9999961853027,46.6666641235352,330.409057617188,12.1357669830322,0,0
6877,2023/2/19 07:31:20,0.400000005960464,0.400000005960464,0.400000005960464,0.400000005960464,-37.13203049,-37.17510986,-37.10138321,46.6666641235352,46.6666641235352,330.409057617188,12.1357669830322,0,0
6878,2023/2/19 07:31:24,0.400000005960464,0.600000023841858,0.5,0.400000005960464,-35.1289711,-35.17204666,-35.10394287,53.3333320617676,66.6666641235352,330.409057617188,12.1171541213989,0,0
6879,2023/2/19 07:31:28,0.400000005960464,0.400000005960464,0.400000005960464,0.400000005960464,-33.14744568,-33.16898346,-33.10650253,80,59.9999961853027,330.409057617188,12.1357669830322,0,0
6880,2023/2/19 07:31:32,0.400000005960464,0.400000005960464,0.400000005960464,0.400000005960464,-31.18745995,-31.20899773,-31.13031197,73.3333282470703,73.3333282470703,330.409057617188,12.1357669830322,0,0
6881,2023/2/19 07:31:36,0.300000011920929,0.400000005960464,0.400000005960464,0.300000011920929,-29.29208946,-29.31362724,-29.23911858,46.6666641235352,46.6666641235352,330.409057617188,12.1357669830322,0,0
6882,2023/2/19 07:31:40,0.300000011920929,0.400000005960464,0.200000002980232,0.300000011920929,-27.61210251,-27.65517807,-27.56041908,73.3333282470703,73.3333282470703,330.409057617188,12.1357669830322,0,0
6883,2023/2/19 07:31:44,0.300000011920929,0.400000005960464,0.400000005960464,0.300000011920929,-25.95365334,-25.9967289,-25.92421913,80,73.3333282470703,330.409057617188,12.1357669830322,0,0
6884,2023/2/19 07:31:48,0.300000011920929,0.400000005960464,0.400000005960464,0.300000011920929,-24.29520416,-24.35981941,-24.26676941,80,80,330.409057617188,12.1357669830322,0,0
6885,2023/2/19 07:31:52,0.300000011920929,0.400000005960464,0.400000005960464,0.300000011920929,-22.65829277,-22.70137024,-22.60931778,73.3333282470703,73.3333282470703,330.409057617188,12.1171541213989,0,0
6886,2023/2/19 07:31:56,0.300000011920929,0.400000005960464,0.400000005960464,0.300000011920929,-21.02138138,-21.04292107,-20.97311783,73.3333282470703,73.3333282470703,330.409057617188,12.1171541213989,0,0
6887,2023/2/19 07:32:00,0.300000011920929,0.400000005960464,0.400000005960464,0.300000011920929,-19.40600967,-19.42754745,-19.33691788,73.3333282470703,80,330.409057617188,12.1171541213989,0,0
6888,2023/2/19 07:32:04,0.300000011920929,0.400000005960464,0.200000002980232,0.300000011920929,-17.85525131,-17.87678909,-17.7857132,53.3333320617676,53.3333320617676,330.409057617188,12.1171541213989,0,0
6889,2023/2/19 07:32:08,0.200000002980232,0.200000002980232,0.200000002980232,0.200000002980232,-16.51987648,-16.56295395,-16.44700432,46.6666641235352,46.6666641235352,330.014770507813,12.1357669830322,0,0
6890,2023/2/19 07:32:12,0.200000002980232,0.200000002980232,0.200000002980232,0.200000002980232,-15.35680866,-15.39988518,-15.29953861,46.6666641235352,46.6666641235352,330.409057617188,12.1357669830322,0,0
6891,2023/2/19 07:32:16,0,0.200000002980232,0.200000002980232,0.100000001490116,-14.43066216,-14.47373867,-14.3645668,113.33332824707,86.6666641235352,330.014770507813,12.1357669830322,0,0
6892,2023/2/19 07:32:20,0,0.200000002980232,0.200000002980232,0.100000001490116,-13.65528297,-13.69835949,-13.5995903,86.6666641235352,86.6666641235352,330.014770507813,12.1357669830322,0,0
6893,2023/2/19 07:32:24,0,0.200000002980232,0.200000002980232,0.100000001490116,-12.90144253,-12.94451904,-12.85586262,80,80,330.409057617188,12.1171541213989,0,0
6894,2023/2/19 07:32:28,0,0.200000002980232,0.200000002980232,0.100000001490116,-12.16913986,-12.21221638,-12.1333847,80,80,330.014770507813,12.1357669830322,0,0
6895,2023/2/19 07:32:32,0,0.200000002980232,0.200000002980232,0.100000001490116,-11.43683815,-11.50145245,-11.41090584,80,80,330.409057617188,12.1171541213989,0,0
6896,2023/2/19 07:32:36,0,0.200000002980232,0,0.100000001490116,-10.747612,-10.79068851,-10.68842793,86.6666641235352,80,330.014770507813,12.1357669830322,0,0
6897,2023/2/19 07:32:40,0,0.200000002980232,0.200000002980232,0.100000001490116,-10.03684807,-10.07992458,-10.0084486,86.6666641235352,80,330.014770507813,12.1357669830322,0,0
6898,2023/2/19 07:32:44,0,0.200000002980232,0.200000002980232,0.100000001490116,-9.369160652,-9.412238121,-9.328469276,86.6666641235352,80,330.409057617188,12.1357669830322,0,0
6899,2023/2/19 07:32:48,0,0,0.200000002980232,0.100000001490116,-8.701473236,-8.723011971,-8.648488998,86.6666641235352,86.6666641235352,330.014770507813,12.1171541213989,0,0
6900,2023/2/19 07:32:52,0,0,0.200000002980232,0.100000001490116,-8.033786774,-8.055324554,-7.989759445,86.6666641235352,80,330.014770507813,12.1357669830322,0,0
6901,2023/2/19 07:32:56,0,0,0,0.100000001490116,-7.387637138,-7.387637138,-7.309779644,80,80,330.014770507813,12.1357669830322,0,0
6902,2023/2/19 07:33:00,0,0.200000002980232,0.200000002980232,0.100000001490116,-6.719950199,-6.741488457,-6.651049614,86.6666641235352,86.6666641235352,330.014770507813,12.1357669830322,0,0
6903,2023/2/19 07:33:04,0,0,0.200000002980232,0.100000001490116,-6.052262783,-6.073801041,-5.992319584,86.6666641235352,86.6666641235352,330.014770507813,12.1171541213989,0,0
6904,2023/2/19 07:33:08,0,0.200000002980232,0.200000002980232,0.100000001490116,-5.406113625,-5.427651882,-5.333589077,93.3333282470703,93.3333282470703,330.409057617188,12.1357669830322,0,0
6905,2023/2/19 07:33:12,0,0,0.200000002980232,0.100000001490116,-4.738426208,-4.759964466,-4.674859047,86.6666641235352,80,330.014770507813,12.1357669830322,0,0
6906,2023/2/19 07:33:16,0,0.200000002980232,0.200000002980232,0.100000001490116,-4.09227705,-4.113815308,-4.016129017,93.3333282470703,93.3333282470703,330.409057617188,12.1171541213989,0,0
6907,2023/2/19 07:33:20,0,0,0.200000002980232,0.100000001490116,-3.424589872,-3.44612813,-3.357398748,93.3333282470703,93.3333282470703,330.409057617188,12.1357669830322,0,0
6908,2023/2/19 07:33:24,0,0.200000002980232,0.200000002980232,0.100000001490116,-2.778440952,-2.79997921,-2.698668718,99.9999923706055,99.9999923706055,330.014770507813,12.1357669830322,0,0
6909,2023/2/19 07:33:28,0,0,0.200000002980232,0.100000001490116,-2.153830051,-2.196906805,-2.103686571,146.666656494141,140,330.014770507813,12.1171541213989,0,0
6910,2023/2/19 07:33:32,0,0.200000002980232,0.200000002980232,0.100000001490116,-1.486142755,-1.529219389,-1.423707128,106.666664123535,106.666664123535,330.014770507813,12.1171541213989,0,0
6911,2023/2/19 07:33:36,0,0,0,0,-1.184606552,-1.249221444,-1.147465467,380,380,330.014770507813,8.28284740447998,0,0
6912,2023/2/19 07:33:40,0,0,0,0,-1.184606552,-1.249221444,-1.147465467,686.666625976563,686.666625976563,330.409057617188,8.00364971160889,0,0
6913,2023/2/19 07:33:44,0,0.200000002980232,0,0.100000001490116,-0.753840566,-0.818455458,-0.701228857,713.333312988281,713.333312988281,330.014770507813,8.00364971160889,0,0
6914,2023/2/19 07:33:48,0,0,0.200000002980232,0.100000001490116,-0.129229814,-0.193844706,-0.084997438,799.999938964844,793.333312988281,330.409057617188,8.00364971160889,0,0
6915,2023/2/19 07:33:52,0,0,0,0,-0.0215383,-0.064614907,0.0424987189471722,0,0,221.19270324707,1.20985412597656,0,0
6916,2023/2/19 07:33:56,0,0,0,0,-0.0215383,-0.064614907,0.0424987189471722,0,0,220.40412902832,0.353649646043777,0,0
6917,2023/2/19 07:34:00,0,0,0,0,-0.0215383,-0.064614907,0.0424987189471722,0,0,220.40412902832,0.0558394193649292,0,0
6918,2023/2/19 07:34:04,0,0,0,0,-0.0215383,-0.064614907,0.0424987189471722,0,0,220.009841918945,0.0558394193649292,0,0
6919,2023/2/19 07:34:08,0,0,0,0,-0.0215383,-0.064614907,0.0424987189471722,0,0,220.009841918945,0.0558394193649292,0,0
6920,2023/2/19 07:34:12,0,0,0,0,-0.0215383,-0.064614907,0.0424987189471722,0,0,220.009841918945,0.0558394193649292,0,0
6921,2023/2/19 07:34:16,0,0,0,0,-0.0215383,-0.064614907,0.0424987189471722,0,0,220.009841918945,0.0558394193649292,0,0
6922,2023/2/19 07:34:20,0,0,0,0,-0.0215383,-0.064614907,0.0424987189471722,0,0,220.40412902832,0.0558394193649292,0,0
6923,2023/2/19 07:34:24,0,0,0,0,-0.0215383,-0.064614907,0.0424987189471722,0,0,220.009841918945,0.0558394193649292,0,0
6924,2023/2/19 07:34:28,0,0,0,0,-0.0215383,-0.064614907,0.0424987189471722,0,0,220.40412902832,0.0558394193649292,0,0
6925,2023/2/19 07:34:32,0,0,0,0,-0.0215383,-0.064614907,0.0424987189471722,0,0,220.009841918945,0.0558394193649292,0,0
6926,2023/2/19 07:34:36,0,0,0,0,-0.0215383,-0.064614907,0.0424987189471722,0,0,220.009841918945,0.0558394193649292,0,0
6927,2023/2/19 07:34:40,0,0,0,0,-0.0215383,-0.064614907,0.0424987189471722,0,0,220.009841918945,0.0558394193649292,0,0
6928,2023/2/19 07:34:44,0,0,0,0,-0.0215383,-0.064614907,0.0424987189471722,0,0,220.40412902832,0.0558394193649292,0,0
6929,2023/2/19 07:34:48,0,0,0,0,-0.0215383,-0.064614907,0.0424987189471722,0,0,220.009841918945,0.0558394193649292,0,0
6930,2023/2/19 07:34:52,0,0,0,0,-0.0215383,-0.064614907,0.0424987189471722,0,0,220.40412902832,0.0558394193649292,0,0
6931,2023/2/19 07:34:56,0,0,0,0,-0.0215383,-0.064614907,0.0424987189471722,0,0,220.40412902832,0.0558394193649292,0,0
6932,2023/2/19 07:35:00,0,0,0,0,-0.0215383,-0.064614907,0.0424987189471722,0,0,220.40412902832,0.0558394193649292,0,0
6933,2023/2/19 07:35:04,0,0,0,0,-0.0215383,-0.064614907,0.0424987189471722,0,0,220.009841918945,0.0558394193649292,0,0
6934,2023/2/19 07:35:08,0,0,0,0,-0.0215383,-0.064614907,0.0424987189471722,0,0,220.009841918945,0.0558394193649292,0,0
6935,2023/2/19 07:35:12,0,0,0,0,-0.0215383,-0.064614907,0.0424987189471722,0,0,220.009841918945,0.0558394193649292,0,0
6936,2023/2/19 07:35:16,0,0,0,0,-0.0215383,-0.064614907,0.0424987189471722,0,0,220.40412902832,0.0558394193649292,0,0
6937,2023/2/19 07:35:20,0,0,0,0,-0.0215383,-0.064614907,0.0424987189471722,0,0,220.40412902832,0.0558394193649292,0,0
6938,2023/2/19 07:35:24,0,0,0,0,-0.0215383,-0.064614907,0.0424987189471722,0,0,220.40412902832,0.0558394193649292,0,0
6939,2023/2/19 07:35:28,0,0,0,0,-0.0215383,-0.064614907,0.0424987189471722,0,0,220.40412902832,0.0558394193649292,0,0
6940,2023/2/19 07:35:32,0,0,0,0,-0.0215383,-0.064614907,0.0424987189471722,0,0,220.009841918945,0.0558394193649292,0,0
6941,2023/2/19 07:35:36,0,0,0,0,-0.0215383,-0.064614907,0.0424987189471722,0,0,220.40412902832,0.0558394193649292,0,0
6942,2023/2/19 07:35:40,0,0,0,0,-0.0215383,-0.064614907,0.0424987189471722,0,0,220.009841918945,0.0558394193649292,0,0
6943,2023/2/19 07:35:44,0,0,0,0,-0.0215383,-0.064614907,0.0424987189471722,0,0,220.40412902832,0.0558394193649292,0,0
6944,2023/2/19 07:35:48,0,0,0,0,-0.0215383,-0.064614907,0.0424987189471722,0,0,220.40412902832,0.0558394193649292,0,0
6945,2023/2/19 07:35:52,0,0,0,0,-0.0215383,-0.064614907,0.0424987189471722,0,0,220.40412902832,0.0558394193649292,0,0
6946,2023/2/19 07:35:56,0,0,0,0,-0.0215383,-0.064614907,0.0424987189471722,0,0,220.40412902832,0.0558394193649292,0,0
6947,2023/2/19 07:36:00,0,0,0,0,-0.0215383,-0.064614907,0.0424987189471722,0,0,220.009841918945,0.0558394193649292,0,0
6948,2023/2/19 07:36:04,0,0,0,0,-0.0215383,-0.064614907,0.0424987189471722,0,0,220.009841918945,0.0558394193649292,0,0
6949,2023/2/19 07:36:08,0,0,0,0,-0.0215383,-0.064614907,0.0424987189471722,0,0,220.40412902832,0.0558394193649292,0,0
6950,2023/2/19 07:36:12,0,0,0,0,-0.0215383,-0.064614907,0.0424987189471722,0,0,220.009841918945,0.0558394193649292,0,0
6951,2023/2/19 07:36:16,0,0,0,0,-0.0215383,-0.064614907,0.0424987189471722,0,0,220.009841918945,0.0558394193649292,0,0
6952,2023/2/19 07:36:20,0,0,0,0,-0.0215383,-0.064614907,0.0424987189471722,0,0,220.009841918945,0.0558394193649292,0,0
6953,2023/2/19 07:36:24,0,0,0,0,-0.0215383,-0.064614907,0.0424987189471722,0,0,220.009841918945,0.0558394193649292,0,0
6954,2023/2/19 07:36:28,0,0,0,0,-0.0215383,-0.064614907,0.0424987189471722,0,0,220.009841918945,0.0558394193649292,0,0
6955,2023/2/19 07:36:32,0,0,0,0,-0.0215383,-0.064614907,0.0424987189471722,0,0,220.009841918945,0.0558394193649292,0,0
6956,2023/2/19 07:36:36,0,0,0,0,-0.0215383,-0.064614907,0.0424987189471722,0,0,220.009841918945,0.0558394193649292,0,0
6957,2023/2/19 07:36:40,0,0,0,0,-0.0215383,-0.064614907,0.0424987189471722,0,0,220.009841918945,0.0558394193649292,0,0
6958,2023/2/19 07:36:44,0,0,0,0,-0.0215383,-0.064614907,0.0424987189471722,0,0,220.009841918945,0.0558394193649292,0,0
6959,2023/2/19 07:36:48,0,0,0,0,-0.0215383,-0.064614907,0.0424987189471722,0,0,220.009841918945,0.0558394193649292,0,0
6960,2023/2/19 07:36:52,0,0,0,0,-0.0215383,-0.064614907,0.0424987189471722,0,0,220.40412902832,0.0558394193649292,0,0
6961,2023/2/19 07:36:56,0,0,0,0,-0.0215383,-0.064614907,0.0424987189471722,0,0,220.009841918945,0.0558394193649292,0,0
6962,2023/2/19 07:37:00,0,0,0,0,-0.0215383,-0.064614907,0.0424987189471722,0,0,220.009841918945,0.0558394193649292,0,0
6963,2023/2/19 07:37:04,0,0,0,0,-0.0215383,-0.064614907,0.0424987189471722,0,0,220.009841918945,0.0558394193649292,0,0
6964,2023/2/19 07:37:08,0,0,0,0,-0.0215383,-0.064614907,0.0424987189471722,0,0,220.40412902832,0.0558394193649292,0,0
6965,2023/2/19 07:37:12,0,0,0,0,-0.0215383,-0.064614907,0.0424987189471722,0,0,220.009841918945,0.0558394193649292,0,0
6966,2023/2/19 07:37:16,0,0,0,0,-0.0215383,-0.064614907,0.0424987189471722,0,0,220.40412902832,0.0558394193649292,0,0
6967,2023/2/19 07:37:20,0,0,0,0,-0.0215383,-0.064614907,0.0424987189471722,0,0,220.40412902832,0.0558394193649292,0,0
6968,2023/2/19 07:37:24,0,0,0,0,-0.0215383,-0.064614907,0.0424987189471722,0,0,220.40412902832,0.0558394193649292,0,0
6969,2023/2/19 07:37:28,0,0,0,0,-0.0215383,-0.064614907,0.0424987189471722,0,0,220.009841918945,0.0558394193649292,0,0
6970,2023/2/19 07:37:32,0,0,0,0,-0.0215383,-0.064614907,0.0424987189471722,0,0,220.009841918945,0.0558394193649292,0,0
6971,2023/2/19 07:37:36,0,0,0,0,-0.0215383,-0.064614907,0.0424987189471722,0,0,220.009841918945,0.0558394193649292,0,0
6972,2023/2/19 07:37:40,0,0,0,0,-0.0215383,-0.064614907,0.0424987189471722,0,0,220.009841918945,0.0558394193649292,0,0
6973,2023/2/19 07:37:44,0,0,0,0,-0.0215383,-0.064614907,0.0424987189471722,0,0,220.009841918945,0.0558394193649292,0,0
6974,2023/2/19 07:37:48,0,0,0,0,-0.0215383,-0.064614907,0.0424987189471722,0,0,220.009841918945,0.0558394193649292,0,0
6975,2023/2/19 07:37:52,0,0,0,0,-0.0215383,-0.064614907,0.0424987189471722,0,0,220.40412902832,0.0558394193649292,0,0
6976,2023/2/19 07:37:56,0,0,0,0,-0.0215383,-0.064614907,0.0424987189471722,0,0,220.009841918945,0.0558394193649292,0,0
6977,2023/2/19 07:38:00,0,0,0,0,-0.0215383,-0.064614907,0.0424987189471722,0,0,220.40412902832,0.0558394193649292,0,0
6978,2023/2/19 07:38:04,0,0,0,0,-0.0215383,-0.064614907,0.0424987189471722,0,0,220.009841918945,0.0558394193649292,0,0
6979,2023/2/19 07:38:08,0,0,0,0,-0.0215383,-0.064614907,0.0424987189471722,0,0,220.009841918945,0.0558394193649292,0,0
6980,2023/2/19 07:38:12,0,0,0,0,-0.0215383,-0.064614907,0.0424987189471722,0,0,220.009841918945,0.0558394193649292,0,0
6981,2023/2/19 07:38:16,0,0,0,0,-0.0215383,-0.064614907,0.0424987189471722,0,0,220.009841918945,0.0558394193649292,0,0
6982,2023/2/19 07:38:20,0,0,0,0,-0.0215383,-0.064614907,0.0424987189471722,0,0,220.009841918945,0.0558394193649292,0,0
6983,2023/2/19 07:38:24,0,0,0,0,-0.0215383,-0.064614907,0.0424987189471722,0,0,220.009841918945,0.0558394193649292,0,0
6984,2023/2/19 07:38:28,0,0,0,0,-0.0215383,-0.064614907,0.0424987189471722,0,0,220.40412902832,0.0558394193649292,0,0
6985,2023/2/19 07:38:32,0,0,0,0,-0.0215383,-0.064614907,0.0424987189471722,0,0,220.40412902832,0.0558394193649292,0,0
6986,2023/2/19 07:38:36,0,0,0,0,-0.0215383,-0.064614907,0.0424987189471722,0,0,220.009841918945,0.0558394193649292,0,0
6987,2023/2/19 07:38:40,0,0,0,0,-0.0215383,-0.064614907,0.0424987189471722,0,0,220.40412902832,0.0558394193649292,0,0
6988,2023/2/19 07:38:44,0,0,0,0,-0.0215383,-0.064614907,0.0424987189471722,0,0,220.40412902832,0.0558394193649292,0,0
6989,2023/2/19 07:38:48,0,0,0,0,-0.0215383,-0.064614907,0.0424987189471722,0,0,220.40412902832,0.0558394193649292,0,0
6990,2023/2/19 07:38:52,0,0,0,0,-0.0215383,-0.064614907,0.0424987189471722,0,0,0,0.037226278334856,0,0
6991,2023/2/19 07:38:56,0,0,0,0,-0.0215383,-0.064614907,0.0424987189471722,0,0,0,0.037226278334856,0,0
6992,2023/2/19 07:39:00,0,0,0,0,-0.0215383,-0.064614907,0.0424987189471722,0,0,0,0.037226278334856,0,0
6993,2023/2/19 07:39:04,0,0,0,0,-0.0215383,-0.064614907,0.0424987189471722,0,0,0,0.037226278334856,0,0
6994,2023/2/19 07:39:08,0,0,0,0,-0.0215383,-0.064614907,0.0424987189471722,0,0,0,0.037226278334856,0,0
6995,2023/2/19 07:39:12,0,0,0,0,-0.0215383,-0.064614907,0.0424987189471722,0,0,0,0.037226278334856,0,0
6996,2023/2/19 07:39:16,0,0,0,0,-0.0215383,-0.064614907,0.0424987189471722,0,0,0,0.037226278334856,0,0
6997,2023/2/19 07:39:20,0,0,0,0,-0.0215383,-0.064614907,0.0424987189471722,0,0,0,0.037226278334856,0,0
6998,2023/2/19 07:39:24,0,0,0,0,-0.0215383,-0.064614907,0.0424987189471722,0,0,0,0.037226278334856,0,0
6999,2023/2/19 07:39:28,0,0,0,0,-0.0215383,-0.064614907,0.0424987189471722,0,0,0,0.037226278334856,0,0
7000,2023/2/19 07:39:32,0,0,0,0,-0.0215383,-0.064614907,0.0424987189471722,0,0,0,0.037226278334856,0,0
7001,2023/2/19 07:39:36,0,0,0,0,-0.0215383,-0.064614907,0.0424987189471722,0,0,0,0.037226278334856,0,0
7002,2023/2/19 07:39:40,0,0,0,0,-0.0215383,-0.064614907,0.0424987189471722,0,0,0,0.037226278334856,0,0
7003,2023/2/19 07:39:44,0,0,0,0,-0.0215383,-0.064614907,0.0424987189471722,0,0,0,0.037226278334856,0,0
7004,2023/2/19 07:39:48,0,0,0,0,-0.0215383,-0.064614907,0.0424987189471722,0,0,0,0.037226278334856,0,0
7005,2023/2/19 07:39:52,0,0,0,0,-0.0215383,-0.064614907,0.0424987189471722,0,0,0,0.037226278334856,0,0
7006,2023/2/19 07:39:56,0,0,0,0,-0.0215383,-0.064614907,0.0424987189471722,0,0,0,0.037226278334856,0,0
7007,2023/2/19 07:40:00,0,0,0,0,-0.0215383,-0.064614907,0.0424987189471722,0,0,0,0.037226278334856,0,0
7008,2023/2/19 07:40:04,0,0,0,0,-0.0215383,-0.064614907,0.0424987189471722,0,0,0,0.037226278334856,0,0
7009,2023/2/19 07:40:08,0,0,0,0,-0.0215383,-0.064614907,0.0424987189471722,0,0,0,0.037226278334856,0,0
7010,2023/2/19 07:40:12,0,0,0,0,-0.0215383,-0.064614907,0.0424987189471722,0,0,0,0.037226278334856,0,0
7011,2023/2/19 07:40:16,0,0,0,0,-0.0215383,-0.064614907,0.0424987189471722,0,0,0,0.037226278334856,0,0
7012,2023/2/19 07:40:20,0,0,0,0,-0.0215383,-0.064614907,0.0424987189471722,0,0,0,0.037226278334856,0,0
7013,2023/2/19 07:40:24,0,0,0,0,-0.0215383,-0.064614907,0.0424987189471722,0,0,0,0.037226278334856,0,0
7014,2023/2/19 07:40:28,0,0,0,0,-0.0215383,-0.064614907,0.0424987189471722,0,0,0,0.037226278334856,0,0
7015,2023/2/19 07:40:32,0,0,0,0,-0.0215383,-0.064614907,0.0424987189471722,0,0,0,0.037226278334856,0,0
7016,2023/2/19 07:40:36,0,0,0,0,-0.0215383,-0.064614907,0.0424987189471722,0,0,0,0.037226278334856,0,0
7017,2023/2/19 07:40:40,0,0,0,0,-0.0215383,-0.064614907,0.0424987189471722,0,0,0,0.037226278334856,0,0
7018,2023/2/19 07:40:44,0,0,0,0,-0.0215383,-0.064614907,0.0424987189471722,0,0,0,0.037226278334856,0,0
7019,2023/2/19 07:40:48,0,0,0,0,-0.0215383,-0.064614907,0.0424987189471722,0,0,0,0.037226278334856,0,0
7020,2023/2/19 07:40:52,0,0,0,0,-0.0215383,-0.064614907,0.0424987189471722,0,0,0,0.037226278334856,0,0
7021,2023/2/19 07:40:56,0,0,0,0,-0.0215383,-0.064614907,0.0424987189471722,0,0,0,0.037226278334856,0,0
7022,2023/2/19 07:41:00,0,0,0,0,-0.0215383,-0.064614907,0.0424987189471722,0,0,0,0.037226278334856,0,0
7023,2023/2/19 07:41:04,0,0,0,0,-0.0215383,-0.064614907,0.0424987189471722,0,0,0,0.037226278334856,0,0
7024,2023/2/19 07:41:08,0,0,0,0,-0.0215383,-0.064614907,0.0424987189471722,0,0,0,0.037226278334856,0,0
7025,2023/2/19 07:41:12,0,0,0,0,-0.0215383,-0.064614907,0.0424987189471722,0,0,0,0.037226278334856,0,0
7026,2023/2/19 07:41:16,0,0,0,0,-0.0215383,-0.064614907,0.0424987189471722,0,0,0,0.037226278334856,0,0
7027,2023/2/19 07:41:20,0,0,0,0,-0.0215383,-0.064614907,0.0424987189471722,0,0,0,0.037226278334856,0,0
7028,2023/2/19 07:41:24,0,0,0,0,-0.0215383,-0.064614907,0.0424987189471722,0,0,0,0.037226278334856,0,0
7029,2023/2/19 07:41:28,0,0,0,0,-0.0215383,-0.064614907,0.0424987189471722,0,0,0,0.037226278334856,0,0
7030,2023/2/19 07:41:32,0,0,0,0,-0.0215383,-0.064614907,0.0424987189471722,0,0,0,0.037226278334856,0,0
7031,2023/2/19 07:41:36,0,0,0,0,-0.0215383,-0.064614907,0.0424987189471722,0,0,0,0.037226278334856,0,0
7032,2023/2/19 07:41:40,0,0,0,0,-0.0215383,-0.064614907,0.0424987189471722,0,0,0,0.037226278334856,0,0
7033,2023/2/19 07:41:44,0,0,0,0,-0.0215383,-0.064614907,0.0424987189471722,0,0,0,0.037226278334856,0,0
7034,2023/2/19 07:41:48,0,0,0,0,-0.0215383,-0.064614907,0.0424987189471722,0,0,0,0.037226278334856,0,0
7035,2023/2/19 07:41:52,0,0,0,0,-0.0215383,-0.064614907,0.0424987189471722,0,0,0,0.037226278334856,0,0
7036,2023/2/19 07:41:56,0,0,0,0,-0.0215383,-0.064614907,0.0424987189471722,0,0,0,0.037226278334856,0,0
7037,2023/2/19 07:42:00,0,0,0,0,-0.0215383,-0.064614907,0.0424987189471722,0,0,0,0.037226278334856,0,0
7038,2023/2/19 07:42:04,0,0,0,0,-0.0215383,-0.064614907,0.0424987189471722,0,0,0,0.037226278334856,0,0
7039,2023/2/19 07:42:08,0,0,0,0,-0.0215383,-0.064614907,0.0424987189471722,0,0,0,0.037226278334856,0,0
7040,2023/2/19 07:42:12,0,0,0,0,-0.0215383,-0.064614907,0.0424987189471722,0,0,0,0.037226278334856,0,0
7041,2023/2/19 07:42:16,0,0,0,0,-0.0215383,-0.064614907,0.0424987189471722,0,0,0,0.037226278334856,0,0
7042,2023/2/19 07:42:20,0,0,0,0,-0.0215383,-0.064614907,0.0424987189471722,0,0,0,0.037226278334856,0,0
7043,2023/2/19 07:42:24,0,0,0,0,-0.0215383,-0.064614907,0.0424987189471722,0,0,0,0.037226278334856,0,0
7044,2023/2/19 07:42:28,0,0,0,0,-0.0215383,-0.064614907,0.0424987189471722,0,0,0,0.037226278334856,0,0
7045,2023/2/19 07:42:32,0,0,0,0,-0.0215383,-0.064614907,0.0424987189471722,0,0,0,0.037226278334856,0,0
7046,2023/2/19 07:42:36,0,0,0,0,-0.0215383,-0.064614907,0.0424987189471722,0,0,0,0.037226278334856,0,0
7047,2023/2/19 07:42:40,0,0,0,0,-0.0215383,-0.064614907,0.0424987189471722,0,0,0,0.037226278334856,0,0
7048,2023/2/19 07:42:44,0,0,0,0,-0.0215383,-0.064614907,0.0424987189471722,0,0,0,0.037226278334856,0,0
7049,2023/2/19 07:42:48,0,0,0,0,-0.0215383,-0.064614907,0.0424987189471722,0,0,0,0.037226278334856,0,0
7050,2023/2/19 07:42:52,0,0,0,0,-0.0215383,-0.064614907,0.0424987189471722,0,0,0,0.037226278334856,0,0
7051,2023/2/19 07:42:56,0,0,0,0,-0.0215383,-0.064614907,0.0424987189471722,0,0,0,0.037226278334856,0,0
7052,2023/2/19 07:43:00,0,0,0,0,-0.0215383,-0.064614907,0.0424987189471722,0,0,0,0.037226278334856,0,0
7053,2023/2/19 07:43:04,0,0,0,0,-0.0215383,-0.064614907,0.0424987189471722,0,0,0,0.037226278334856,0,0
7054,2023/2/19 07:43:08,0,0,0,0,-0.0215383,-0.064614907,0.0424987189471722,0,0,0,0.037226278334856,0,0
7055,2023/2/19 07:43:12,0,0,0,0,-0.0215383,-0.064614907,0.0424987189471722,0,0,0,0.037226278334856,0,0
7056,2023/2/19 07:43:16,0,0,0,0,-0.0215383,-0.064614907,0.0424987189471722,0,0,0,0.037226278334856,0,0
7057,2023/2/19 07:43:20,0,0,0,0,-0.0215383,-0.064614907,0.0424987189471722,0,0,0,0.037226278334856,0,0
7058,2023/2/19 07:43:24,0,0,0,0,-0.0215383,-0.064614907,0.0424987189471722,0,0,0,0.037226278334856,0,0
7059,2023/2/19 07:43:28,0,0,0,0,-0.0215383,-0.064614907,0.0424987189471722,0,0,0,0.037226278334856,0,0
7060,2023/2/19 07:43:32,0,0,0,0,-0.0215383,-0.064614907,0.0424987189471722,0,0,0,0.037226278334856,0,0
7061,2023/2/19 07:43:36,0,0,0,0,-0.0215383,-0.064614907,0.0424987189471722,0,0,0,0.037226278334856,0,0
7062,2023/2/19 07:43:40,0,0,0,0,-0.0215383,-0.064614907,0.0424987189471722,0,0,0,0.037226278334856,0,0
7063,2023/2/19 07:43:44,0,0,0,0,-0.0215383,-0.064614907,0.0424987189471722,0,0,0,0.037226278334856,0,0
7064,2023/2/19 07:43:48,0,0,0,0,-0.0215383,-0.064614907,0.0424987189471722,0,0,0,0.037226278334856,0,0
7065,2023/2/19 07:43:52,0,0,0,0,-0.0215383,-0.064614907,0.0424987189471722,0,0,0,0.037226278334856,0,0
7066,2023/2/19 07:43:56,0,0,0,0,-0.0215383,-0.064614907,0.0424987189471722,0,0,0,0.037226278334856,0,0
7067,2023/2/19 07:44:00,0,0,0,0,-0.0215383,-0.064614907,0.0424987189471722,0,0,0,0.037226278334856,0,0
7068,2023/2/19 07:44:04,0,0,0,0,-0.0215383,-0.064614907,0.0424987189471722,0,0,0,0.037226278334856,0,0
7069,2023/2/19 07:44:08,0,0,0,0,-0.0215383,-0.064614907,0.0424987189471722,0,0,0,0.037226278334856,0,0
7070,2023/2/19 07:44:12,0,0,0,0,-0.0215383,-0.064614907,0.0424987189471722,0,0,0,0.037226278334856,0,0
7071,2023/2/19 07:44:16,0,0,0,0,-0.0215383,-0.064614907,0.0424987189471722,0,0,0,0.037226278334856,0,0
7072,2023/2/19 07:44:20,0,0,0,0,-0.0215383,-0.064614907,0.0424987189471722,0,0,0,0.037226278334856,0,0
7073,2023/2/19 07:44:24,0,0,0,0,-0.0215383,-0.064614907,0.0424987189471722,0,0,0,0.037226278334856,0,0
7074,2023/2/19 07:44:28,0,0,0,0,-0.0215383,-0.064614907,0.0424987189471722,0,0,0,0.037226278334856,0,0
7075,2023/2/19 07:44:32,0,0,0,0,-0.0215383,-0.064614907,0.0424987189471722,0,0,0,0.037226278334856,0,0
7076,2023/2/19 07:44:36,0,0,0,0,-0.0215383,-0.064614907,0.0424987189471722,0,0,0,0.037226278334856,0,0
7077,2023/2/19 07:44:40,0,0,0,0,-0.0215383,-0.064614907,0.0424987189471722,0,0,0,0.037226278334856,0,0
7078,2023/2/19 07:44:44,0,0,0,0,-0.0215383,-0.064614907,0.0424987189471722,0,0,0,0.037226278334856,0,0
7079,2023/2/19 07:44:48,0,0,0,0,-0.0215383,-0.064614907,0.0424987189471722,0,0,0,0.037226278334856,0,0
7080,2023/2/19 07:44:52,0,0,0,0,-0.0215383,-0.064614907,0.0424987189471722,0,0,0,0.037226278334856,0,0
7081,2023/2/19 07:44:56,0,0,0,0,-0.0215383,-0.064614907,0.0424987189471722,0,0,0,0.037226278334856,0,0
7082,2023/2/19 07:45:00,0,0,0,0,-0.0215383,-0.064614907,0.0424987189471722,0,0,0,0.037226278334856,0,0
7083,2023/2/19 07:45:04,0,0,0,0,-0.0215383,-0.064614907,0.0424987189471722,0,0,0,0.037226278334856,0,0
7084,2023/2/19 07:45:08,0,0,0,0,-0.0215383,-0.064614907,0.0424987189471722,0,0,0,0.037226278334856,0,0
7085,2023/2/19 07:45:12,0,0,0,0,-0.0215383,-0.064614907,0.0424987189471722,0,0,0,0.037226278334856,0,0
7086,2023/2/19 07:45:16,0,0,0,0,-0.0215383,-0.064614907,0.0424987189471722,0,0,0,0.037226278334856,0,0
7087,2023/2/19 07:45:20,0,0,0,0,-0.0215383,-0.064614907,0.0424987189471722,0,0,0,0.037226278334856,0,0
7088,2023/2/19 07:45:24,0,0,0,0,-0.0215383,-0.064614907,0.0424987189471722,0,0,0,0.037226278334856,0,0
7089,2023/2/19 07:45:28,0,0,0,0,-0.0215383,-0.064614907,0.0424987189471722,0,0,0,0.037226278334856,0,0
7090,2023/2/19 07:45:32,0,0,0,0,-0.0215383,-0.064614907,0.0424987189471722,0,0,0,0.037226278334856,0,0
7091,2023/2/19 07:45:36,0,0,0,0,-0.0215383,-0.064614907,0.0424987189471722,0,0,0,0.037226278334856,0,0
7092,2023/2/19 07:45:40,0,0,0,0,-0.0215383,-0.064614907,0.0424987189471722,0,0,0,0.037226278334856,0,0
7093,2023/2/19 07:45:44,0,0,0,0,-0.0215383,-0.064614907,0.0424987189471722,0,0,0,0.037226278334856,0,0
7094,2023/2/19 07:45:48,0,0,0,0,-0.0215383,-0.064614907,0.0424987189471722,0,0,0,0.037226278334856,0,0
7095,2023/2/19 07:45:52,0,0,0,0,-0.0215383,-0.064614907,0.0424987189471722,0,0,0,0.037226278334856,0,0
7096,2023/2/19 07:45:56,0,0,0,0,-0.0215383,-0.064614907,0.0424987189471722,0,0,0,0.037226278334856,0,0
7097,2023/2/19 07:46:00,0,0,0,0,-0.0215383,-0.064614907,0.0424987189471722,0,0,0,0.037226278334856,0,0
7098,2023/2/19 07:46:04,0,0,0,0,-0.0215383,-0.064614907,0.0424987189471722,0,0,0,0.037226278334856,0,0
7099,2023/2/19 07:46:08,0,0,0,0,-0.0215383,-0.064614907,0.0424987189471722,0,0,0,0.037226278334856,0,0
7100,2023/2/19 07:46:12,0,0,0,0,-0.0215383,-0.064614907,0.0424987189471722,0,0,0,0.037226278334856,0,0
7101,2023/2/19 07:46:16,0,0,0,0,-0.0215383,-0.064614907,0.0424987189471722,0,0,0,0.037226278334856,0,0
7102,2023/2/19 07:46:20,0,0,0,0,-0.0215383,-0.064614907,0.0424987189471722,0,0,0,0.037226278334856,0,0
7103,2023/2/19 07:46:24,0,0,0,0,-0.0215383,-0.064614907,0.0424987189471722,0,0,0,0.037226278334856,0,0
7104,2023/2/19 07:46:28,0,0,0,0,-0.0215383,-0.064614907,0.0424987189471722,0,0,0,0.037226278334856,0,0
7105,2023/2/19 07:46:32,0,0,0,0,-0.0215383,-0.064614907,0.0424987189471722,0,0,0,0.037226278334856,0,0
7106,2023/2/19 07:46:36,0,0,0,0,-0.0215383,-0.064614907,0.0424987189471722,0,0,0,0.037226278334856,0,0
7107,2023/2/19 07:46:40,0,0,0,0,-0.0215383,-0.064614907,0.0424987189471722,0,0,0,0.037226278334856,0,0
7108,2023/2/19 07:46:44,0,0,0,0,-0.0215383,-0.064614907,0.0424987189471722,0,0,0,0.037226278334856,0,0
7109,2023/2/19 07:46:48,0,0,0,0,-0.0215383,-0.064614907,0.0424987189471722,0,0,0,0.037226278334856,0,0
7110,2023/2/19 07:46:52,0,0,0,0,-0.0215383,-0.064614907,0.0424987189471722,0,0,0,0.037226278334856,0,0
7111,2023/2/19 07:46:56,0,0,0,0,-0.0215383,-0.064614907,0.0424987189471722,0,0,0,0.037226278334856,0,0
7112,2023/2/19 07:47:00,0,0,0,0,-0.0215383,-0.064614907,0.0424987189471722,0,0,0,0.037226278334856,0,0
7113,2023/2/19 07:47:04,0,0,0,0,-0.0215383,-0.064614907,0.0424987189471722,0,0,0,0.037226278334856,0,0
7114,2023/2/19 07:47:08,0,0,0,0,-0.0215383,-0.064614907,0.0424987189471722,0,0,0,0.037226278334856,0,0
7115,2023/2/19 07:47:12,0,0,0,0,-0.0215383,-0.064614907,0.0424987189471722,0,0,0,0.037226278334856,0,0
7116,2023/2/19 07:47:16,0,0,0,0,-0.0215383,-0.064614907,0.0424987189471722,0,0,0,0.037226278334856,0,0
7117,2023/2/19 07:47:20,0,0,0,0,-0.0215383,-0.064614907,0.0424987189471722,0,0,0,0.037226278334856,0,0
7118,2023/2/19 07:47:24,0,0,0,0,-0.0215383,-0.064614907,0.0424987189471722,0,0,0,0.037226278334856,0,0
7119,2023/2/19 07:47:28,0,0,0,0,-0.0215383,-0.064614907,0.0424987189471722,0,0,0,0.037226278334856,0,0
7120,2023/2/19 07:47:32,0,0,0,0,-0.0215383,-0.064614907,0.0424987189471722,0,0,0,0.037226278334856,0,0
7121,2023/2/19 07:47:36,0,0,0,0,-0.0215383,-0.064614907,0.0424987189471722,0,0,0,0.037226278334856,0,0
7122,2023/2/19 07:47:40,0,0,0,0,-0.0215383,-0.064614907,0.0424987189471722,0,0,0,0.037226278334856,0,0
7123,2023/2/19 07:47:44,0,0,0,0,-0.0215383,-0.064614907,0.0424987189471722,0,0,0,0.037226278334856,0,0
7124,2023/2/19 07:47:48,0,0,0,0,-0.0215383,-0.064614907,0.0424987189471722,0,0,0,0.037226278334856,0,0
7125,2023/2/19 07:47:52,0,0,0,0,-0.0215383,-0.064614907,0.0424987189471722,0,0,0,0.037226278334856,0,0
7126,2023/2/19 07:47:56,0,0,0,0,-0.0215383,-0.064614907,0.0424987189471722,0,0,0,0.037226278334856,0,0
7127,2023/2/19 07:48:00,0,0,0,0,-0.0215383,-0.064614907,0.0424987189471722,0,0,0,0.037226278334856,0,0
7128,2023/2/19 07:48:04,0,0,0,0,-0.0215383,-0.064614907,0.0424987189471722,0,0,0,0.037226278334856,0,0
7129,2023/2/19 07:48:08,0,0,0,0,-0.0215383,-0.064614907,0.0424987189471722,0,0,0,0.037226278334856,0,0
7130,2023/2/19 07:48:12,0,0,0,0,-0.0215383,-0.064614907,0.0424987189471722,0,0,0,0.037226278334856,0,0
7131,2023/2/19 07:48:16,0,0,0,0,-0.0215383,-0.064614907,0.0424987189471722,0,0,0,0.037226278334856,0,0
7132,2023/2/19 07:48:20,0,0,0,0,-0.0215383,-0.064614907,0.0424987189471722,0,0,0,0.037226278334856,0,0
7133,2023/2/19 07:48:24,0,0,0,0,-0.0215383,-0.064614907,0.0424987189471722,0,0,0,0.037226278334856,0,0
7134,2023/2/19 07:48:28,0,0,0,0,-0.0215383,-0.064614907,0.0424987189471722,0,0,0,0.037226278334856,0,0
7135,2023/2/19 07:48:32,0,0,0,0,-0.0215383,-0.064614907,0.0424987189471722,0,0,0,0.037226278334856,0,0
7136,2023/2/19 07:48:36,0,0,0,0,-0.0215383,-0.064614907,0.0424987189471722,0,0,0,0.037226278334856,0,0
7137,2023/2/19 07:48:40,0,0,0,0,-0.0215383,-0.064614907,0.0424987189471722,0,0,0,0.037226278334856,0,0
7138,2023/2/19 07:48:44,0,0,0,0,-0.0215383,-0.064614907,0.0424987189471722,0,0,0,0.037226278334856,0,0
7139,2023/2/19 07:48:48,0,0,0,0,-0.0215383,-0.064614907,0.0424987189471722,0,0,0,0.037226278334856,0,0
7140,2023/2/19 07:48:52,0,0,0,0,-0.0215383,-0.064614907,0.0424987189471722,0,0,0,0.037226278334856,0,0
7141,2023/2/19 07:48:56,0,0,0,0,-0.0215383,-0.064614907,0.0424987189471722,0,0,0,0.037226278334856,0,0
7142,2023/2/19 07:49:00,0,0,0,0,-0.0215383,-0.064614907,0.0424987189471722,0,0,0,0.037226278334856,0,0
7143,2023/2/19 07:49:04,0,0,0,0,-0.0215383,-0.064614907,0.0424987189471722,0,0,0,0.037226278334856,0,0
7144,2023/2/19 07:49:08,0,0,0,0,-0.0215383,-0.064614907,0.0424987189471722,0,0,0,0.037226278334856,0,0
7145,2023/2/19 07:49:12,0,0,0,0,-0.0215383,-0.064614907,0.0424987189471722,0,0,0,0.037226278334856,0,0
7146,2023/2/19 07:49:16,0,0,0,0,-0.0215383,-0.064614907,0.0424987189471722,0,0,0,0.037226278334856,0,0
7147,2023/2/19 07:49:20,0,0,0,0,-0.0215383,-0.064614907,0.0424987189471722,0,0,0,0.037226278334856,0,0
7148,2023/2/19 07:49:24,0,0,0,0,-0.0215383,-0.064614907,0.0424987189471722,0,0,0,0.037226278334856,0,0
7149,2023/2/19 07:49:28,0,0,0,0,-0.0215383,-0.064614907,0.0424987189471722,0,0,0,0.037226278334856,0,0
7150,2023/2/19 07:49:32,0,0,0,0,-0.0215383,-0.064614907,0.0424987189471722,0,0,0,0.037226278334856,0,0
7151,2023/2/19 07:49:36,0,0,0,0,-0.0215383,-0.064614907,0.0424987189471722,0,0,0,0.037226278334856,0,0
7152,2023/2/19 07:49:40,0,0,0,0,-0.0215383,-0.064614907,0.0424987189471722,0,0,0,0.037226278334856,0,0
7153,2023/2/19 07:49:44,0,0,0,0,-0.0215383,-0.064614907,0.0424987189471722,0,0,0,0.037226278334856,0,0
7154,2023/2/19 07:49:48,0,0,0,0,-0.0215383,-0.064614907,0.0424987189471722,0,0,0,0.037226278334856,0,0
7155,2023/2/19 07:49:52,0,0,0,0,-0.0215383,-0.064614907,0.0424987189471722,0,0,0,0.037226278334856,0,0
7156,2023/2/19 07:49:56,0,0,0,0,-0.0215383,-0.064614907,0.0424987189471722,0,0,0,0.037226278334856,0,0
7157,2023/2/19 07:50:00,0,0,0,0,-0.0215383,-0.064614907,0.0424987189471722,0,0,0,0.037226278334856,0,0
7158,2023/2/19 07:50:04,0,0,0,0,-0.0215383,-0.064614907,0.0424987189471722,0,0,0,0.037226278334856,0,0
7159,2023/2/19 07:50:08,0,0,0,0,-0.0215383,-0.064614907,0.0424987189471722,0,0,0,0.037226278334856,0,0
7160,2023/2/19 07:50:12,0,0,0,0,-0.0215383,-0.064614907,0.0424987189471722,0,0,0,0.037226278334856,0,0
7161,2023/2/19 07:50:16,0,0,0,0,-0.0215383,-0.064614907,0.0424987189471722,0,0,0,0.037226278334856,0,0
7162,2023/2/19 07:50:20,0,0,0,0,-0.0215383,-0.064614907,0.0424987189471722,0,0,0,0.037226278334856,0,0
7163,2023/2/19 07:50:24,0,0,0,0,-0.0215383,-0.064614907,0.0424987189471722,0,0,0,0.037226278334856,0,0
7164,2023/2/19 07:50:28,0,0,0,0,-0.0215383,-0.064614907,0.0424987189471722,0,0,0,0.037226278334856,0,0
7165,2023/2/19 07:50:32,0,0,0,0,-0.0215383,-0.064614907,0.0424987189471722,0,0,0,0.037226278334856,0,0
7166,2023/2/19 07:50:36,0,0,0,0,-0.0215383,-0.064614907,0.0424987189471722,0,0,0,0.037226278334856,0,0
7167,2023/2/19 07:50:40,0,0,0,0,-0.0215383,-0.064614907,0.0424987189471722,0,0,0,0.037226278334856,0,0
7168,2023/2/19 07:50:44,0,0,0,0,-0.0215383,-0.064614907,0.0424987189471722,0,0,0,0.037226278334856,0,0
7169,2023/2/19 07:50:48,0,0,0,0,-0.0215383,-0.064614907,0.0424987189471722,0,0,0,0.037226278334856,0,0
7170,2023/2/19 07:50:52,0,0,0,0,-0.0215383,-0.064614907,0.0424987189471722,0,0,0,0.037226278334856,0,0
7171,2023/2/19 07:50:56,0,0,0,0,-0.0215383,-0.064614907,0.0424987189471722,0,0,0,0.037226278334856,0,0
7172,2023/2/19 07:51:00,0,0,0,0,-0.0215383,-0.064614907,0.0424987189471722,0,0,0,0.037226278334856,0,0
7173,2023/2/19 07:51:04,0,0,0,0,-0.0215383,-0.064614907,0.0424987189471722,0,0,0,0.037226278334856,0,0
7174,2023/2/19 07:51:08,0,0,0,0,-0.0215383,-0.064614907,0.0424987189471722,0,0,0,0.037226278334856,0,0
7175,2023/2/19 07:51:12,0,0,0,0,-0.0215383,-0.064614907,0.0424987189471722,0,0,0,0.037226278334856,0,0
7176,2023/2/19 07:51:16,0,0,0,0,-0.0215383,-0.064614907,0.0424987189471722,0,0,0,0.037226278334856,0,0
7177,2023/2/19 07:51:20,0,0,0,0,-0.0215383,-0.064614907,0.0424987189471722,0,0,0,0.037226278334856,0,0
7178,2023/2/19 07:51:24,0,0,0,0,-0.0215383,-0.064614907,0.0424987189471722,0,0,0,0.037226278334856,0,0
7179,2023/2/19 07:51:28,0,0,0,0,-0.0215383,-0.064614907,0.0424987189471722,0,0,0,0.037226278334856,0,0
7180,2023/2/19 07:51:32,0,0,0,0,-0.0215383,-0.064614907,0.0424987189471722,0,0,0,0.037226278334856,0,0
7181,2023/2/19 07:51:36,0,0,0,0,-0.0215383,-0.064614907,0.0424987189471722,0,0,0,0.037226278334856,0,0
7182,2023/2/19 07:51:40,0,0,0,0,-0.0215383,-0.064614907,0.0424987189471722,0,0,0,0.037226278334856,0,0
7183,2023/2/19 07:51:44,0,0,0,0,-0.0215383,-0.064614907,0.0424987189471722,6.66666650772095,0,0,0.037226278334856,0,0
7184,2023/2/19 07:51:48,0,0,0,0,-0.0215383,-0.064614907,0.0424987189471722,0,0,0,0.037226278334856,0,0
7185,2023/2/19 07:51:52,0,0,0,0,-0.0215383,-0.064614907,0.0424987189471722,0,0,0,0.037226278334856,0,0
7186,2023/2/19 07:51:56,0,0,0,0,-0.0215383,-0.064614907,0.0424987189471722,0,0,0,0.037226278334856,0,0
7187,2023/2/19 07:52:00,0,0,0,0,-0.0215383,-0.064614907,0.0424987189471722,0,0,0,0.037226278334856,0,0
7188,2023/2/19 07:52:04,0,0,0,0,-0.0215383,-0.064614907,0.0424987189471722,0,0,0,0.037226278334856,0,0
7189,2023/2/19 07:52:08,0,0,0,0,-0.0215383,-0.064614907,0.0424987189471722,0,0,0,0.037226278334856,0,0
7190,2023/2/19 07:52:12,0,0,0,0,-0.0215383,-0.064614907,0.0424987189471722,0,0,0,0.037226278334856,0,0
7191,2023/2/19 07:52:16,0,0,0,0,-0.0215383,-0.064614907,0.0424987189471722,0,0,0,0.037226278334856,0,0
7192,2023/2/19 07:52:20,0,0,0,0,-0.0215383,-0.064614907,0.0424987189471722,0,0,0,0.037226278334856,0,0
7193,2023/2/19 07:52:24,0,0,0,0,-0.0215383,-0.064614907,0.0424987189471722,0,0,0,0.037226278334856,0,0
7194,2023/2/19 07:52:28,0,0,0,0,-0.0215383,-0.064614907,0.0424987189471722,0,0,0,0.037226278334856,0,0
7195,2023/2/19 07:52:32,0,0,0,0,-0.0215383,-0.064614907,0.0424987189471722,0,0,0,0.037226278334856,0,0
7196,2023/2/19 07:52:36,0,0,0,0,-0.0215383,-0.064614907,0.0424987189471722,0,0,0,0.037226278334856,0,0
7197,2023/2/19 07:52:40,0,0,0,0,-0.0215383,-0.064614907,0.0424987189471722,0,0,0,0.037226278334856,0,0
7198,2023/2/19 07:52:44,0,0,0,0,-0.0215383,-0.064614907,0.0424987189471722,0,0,0,0.037226278334856,0,0
7199,2023/2/19 07:52:48,0,0,0,0,-0.0215383,-0.064614907,0.0424987189471722,0,0,0,0.037226278334856,0,0
7200,2023/2/19 07:52:52,0,0,0,0,-0.0215383,-0.064614907,0.0424987189471722,0,0,0,0.037226278334856,0,0
7201,2023/2/19 07:52:56,0,0,0,0,-0.0215383,-0.064614907,0.0424987189471722,0,0,0,0.037226278334856,0,0
7202,2023/2/19 07:53:00,0,0,0,0,-0.0215383,-0.064614907,0.0424987189471722,0,0,0,0.037226278334856,0,0
7203,2023/2/19 07:53:04,0,0,0,0,-0.0215383,-0.064614907,0.0424987189471722,0,0,0,0.037226278334856,0,0
7204,2023/2/19 07:53:08,0,0,0,0,-0.0215383,-0.064614907,0.0424987189471722,0,0,0,0.037226278334856,0,0
7205,2023/2/19 07:53:12,0,0,0,0,-0.0215383,-0.064614907,0.0424987189471722,0,0,126.170524597168,0.353649646043777,0,0
7206,2023/2/19 07:53:16,0,0,0,0,-0.0215383,-0.064614907,0.0424987189471722,0,0,217.644149780273,0.595620453357697,0,0
7207,2023/2/19 07:53:20,0,0,0,0,-0.0215383,-0.064614907,0.0424987189471722,0,0,220.40412902832,0.651459872722626,0,0
7208,2023/2/19 07:53:24,0,0,0,0,-0.02159095,-0.064719059,0.0432180128991604,0,0,225.924087524414,0.67007303237915,0,0
7209,2023/2/19 07:53:28,0,0,0,0,-0.02159095,-0.064719059,0.0432180128991604,0,0,220.40412902832,0.651459872722626,0,0
7210,2023/2/19 07:53:32,0,0,0,0,-0.02159095,-0.064719059,0.0432180128991604,0,0,220.40412902832,0.67007303237915,0,0
7211,2023/2/19 07:53:36,0,0,0,0,-0.02159095,-0.064719059,0.0432180128991604,0,0,220.40412902832,0.67007303237915,0,0
7212,2023/2/19 07:53:40,0,0,0,0,-0.02159095,-0.064719059,0.0432180128991604,0,0,220.009841918945,0.67007303237915,0,0
7213,2023/2/19 07:53:44,0,0,0,0,-0.02159095,-0.064719059,0.0432180128991604,0,0,220.40412902832,0.651459872722626,0,0
7214,2023/2/19 07:53:48,0,0,0,0,-0.02159095,-0.064719059,0.0432180128991604,0,0,220.40412902832,0.651459872722626,0,0
7215,2023/2/19 07:53:52,0,0,0,0,-0.02159095,-0.064719059,0.0432180128991604,0,0,220.40412902832,0.67007303237915,0,0
7216,2023/2/19 07:53:56,0,0,0,0,-0.02159095,-0.064719059,0.0432180128991604,0,0,220.40412902832,0.67007303237915,0,0
7217,2023/2/19 07:54:00,0,0,0,0,-0.02159095,-0.064719059,0.0432180128991604,0,0,220.009841918945,0.67007303237915,0,0
7218,2023/2/19 07:54:04,0,0,0,0,-0.02159095,-0.064719059,0.0432180128991604,0,0,220.009841918945,0.67007303237915,0,0
7219,2023/2/19 07:54:08,0,0,0,0,-0.02159095,-0.064719059,0.0432180128991604,-1366.666626,-1353.333252,328.831909179688,6.10510969161987,0,0
7220,2023/2/19 07:54:12,0,0,0,0,-0.388637096,-0.431460381,-0.38896212,-1126.666626,-1113.333252,330.409057617188,7.40802955627441,0,0
7221,2023/2/19 07:54:16,-0.200000003,-0.400000006,-0.400000006,-0.300000012,-1.165911317,-1.186516047,-1.145277381,-766.666626,-766.666626,330.014770507813,8.6923360824585,0,0
7222,2023/2/19 07:54:20,-0.699999988,-0.699999988,-0.699999988,-0.699999988,-4.318190098,-4.314603806,-4.27858305,160,113.33332824707,330.409057617188,9.7160587310791,0,0
7223,2023/2/19 07:54:24,-0.400000006,-0.600000024,-0.5,-0.5,-6.887513161,-6.860219955,-6.850055218,0,0,330.409057617188,10.8328475952148,0,0
7224,2023/2/19 07:54:28,-0.5,-0.600000024,-0.5,-0.5,-9.176154137,-9.190106392,-9.1838274,6.66666650772095,6.66666650772095,330.409057617188,12.0427017211914,0,0
7225,2023/2/19 07:54:32,-0.5,-0.600000024,-0.5,-0.5,-11.55115891,-11.58471107,-11.58242702,20,20,330.409057617188,12.1171541213989,0,0
7226,2023/2/19 07:54:36,-0.5,-0.600000024,-0.5,-0.5,-13.8829813,-13.91459751,-13.93780899,13.3333330154419,6.66666650772095,330.409057617188,12.1171541213989,0,0
7227,2023/2/19 07:54:40,-0.5,-0.600000024,-0.5,-0.5,-16.2148037,-16.22290993,-16.27158165,13.3333330154419,6.66666650772095,330.409057617188,12.1171541213989,0,0
7228,2023/2/19 07:54:44,-0.5,-0.400000006,-0.5,-0.5,-18.54662704,-18.5312233,-18.62696266,13.3333330154419,6.66666650772095,330.803344726563,12.1171541213989,0,0
7229,2023/2/19 07:54:48,-0.5,-0.600000024,-0.5,-0.5,-20.8568573,-20.81796265,-20.98234558,6.66666650772095,6.66666650772095,330.409057617188,12.1171541213989,0,0
7230,2023/2/19 07:54:52,-0.5,-0.600000024,-0.5,-0.5,-23.16708946,-23.16942215,-23.35933685,13.3333330154419,13.3333330154419,330.409057617188,12.1171541213989,0,0
7231,2023/2/19 07:54:56,-0.5,-0.400000006,-0.400000006,-0.5,-25.49891281,-25.52088165,-25.73632622,6.66666650772095,6.66666650772095,330.803344726563,12.1171541213989,0,0
7232,2023/2/19 07:55:00,-0.5,-0.600000024,-0.5,-0.5,-27.85232544,-27.85076714,-28.07009888,13.3333330154419,6.66666650772095,330.409057617188,12.1171541213989,0,0
7233,2023/2/19 07:55:04,-0.5,-0.400000006,-0.400000006,-0.5,-30.1625576,-30.15908051,-30.4254818,6.66666650772095,6.66666650772095,330.409057617188,12.2102193832397,0,0
7234,2023/2/19 07:55:08,-0.400000006,-0.600000024,-0.400000006,-0.5,-32.49438095,-32.44581985,-32.7808609,0,6.66666650772095,330.409057617188,12.1171541213989,0,0
7235,2023/2/19 07:55:12,-0.400000006,-0.400000006,-0.5,-0.5,-34.78302002,-34.77570724,-35.13624573,6.66666650772095,0,330.409057617188,12.1171541213989,0,0
7236,2023/2/19 07:55:16,-0.5,-0.600000024,-0.5,-0.5,-37.11484528,-37.12716675,-37.513237,6.66666650772095,6.66666650772095,330.409057617188,12.1171541213989,0,0
7237,2023/2/19 07:55:20,-0.5,-0.400000006,-0.5,-0.5,-39.44666672,-39.45705032,-39.86861801,6.66666650772095,6.66666650772095,330.409057617188,12.2102193832397,0,0
7238,2023/2/19 07:55:24,-0.5,-0.600000024,-0.5,-0.5,-41.77848816,-41.7653656,-42.22399902,0,0,330.014770507813,12.1171541213989,0,0
7239,2023/2/19 07:55:28,-0.5,-0.600000024,-0.5,-0.5,-44.11031342,-44.07367706,-44.55776978,6.66666650772095,0,330.409057617188,12.1171541213989,0,0
7240,2023/2/19 07:55:32,-0.400000006,-0.600000024,-0.5,-0.5,-46.42054367,-46.36041641,-46.9131546,0,0,330.409057617188,12.1171541213989,0,0
7241,2023/2/19 07:55:36,-0.5,-0.600000024,-0.400000006,-0.5,-48.73077393,-48.71187592,-49.29014206,0,0,330.014770507813,12.1171541213989,0,0
7242,2023/2/19 07:55:40,-0.5,-0.600000024,-0.5,-0.5,-51.06259918,-51.04176331,-51.64552689,0,0,330.409057617188,12.1543807983398,0,0
7243,2023/2/19 07:55:44,-0.5,-0.600000024,-0.5,-0.5,-53.39442062,-53.3716507,-54.0009079,0,0,330.409057617188,12.1171541213989,0,0
7244,2023/2/19 07:55:48,-0.5,-0.600000024,-0.400000006,-0.5,-55.72624207,-55.67996216,-56.35628891,0,0,330.409057617188,12.1171541213989,0,0
7245,2023/2/19 07:55:52,-0.5,-0.600000024,-0.5,-0.5,-58.03647614,-57.98827362,-58.71166992,0,0,330.409057617188,12.1171541213989,0,0
7246,2023/2/19 07:55:56,-0.400000006,-0.400000006,-0.400000006,-0.5,-60.34670639,-60.2965889,-61.06705093,0,0,330.409057617188,12.1171541213989,0,0
7247,2023/2/19 07:56:00,-0.5,-0.400000006,-0.400000006,-0.5,-62.67852783,-62.6480484,-63.44404221,0,0,330.409057617188,12.1171541213989,0,0
7248,2023/2/19 07:56:04,-0.5,-0.600000024,-0.5,-0.5,-65.01035309,-64.97793579,-65.79942322,0,0,330.409057617188,12.1171541213989,0,0
7249,2023/2/19 07:56:08,-0.5,-0.600000024,-0.400000006,-0.5,-67.34217834,-67.30781555,-68.15480804,0,0,330.409057617188,12.1171541213989,0,0
7250,2023/2/19 07:56:12,-0.5,-0.600000024,-0.5,-0.5,-69.67399597,-69.61613464,-70.4885788,0,0,330.014770507813,12.1171541213989,0,0
7251,2023/2/19 07:56:16,-0.5,-0.600000024,-0.5,-0.5,-71.98423004,-71.90287018,-72.84396362,0,0,330.409057617188,12.1171541213989,0,0
7252,2023/2/19 07:56:20,-0.5,-0.600000024,-0.5,-0.5,-74.29446411,-74.2543335,-75.2209549,0,0,330.409057617188,12.1171541213989,0,0
7253,2023/2/19 07:56:24,-0.5,-0.600000024,-0.5,-0.5,-76.62628174,-76.58422089,-77.59793854,0,0,330.409057617188,12.1171541213989,0,0
7254,2023/2/19 07:56:28,-0.5,-0.400000006,-0.400000006,-0.5,-78.95810699,-78.93567657,-79.95332336,0,0,330.409057617188,12.1171541213989,0,0
7255,2023/2/19 07:56:32,-0.5,-0.600000024,-0.5,-0.5,-81.31152344,-81.24398804,-82.30870819,0,0,330.409057617188,12.1171541213989,0,0
7256,2023/2/19 07:56:36,-0.5,-0.400000006,-0.5,-0.5,-83.62174988,-83.5522995,-84.66408539,0,0,330.409057617188,12.1171541213989,0,0
7257,2023/2/19 07:56:40,-0.400000006,-0.400000006,-0.400000006,-0.5,-85.93198395,-85.86061859,-87.01947021,0,-6.666666508,330.409057617188,12.1171541213989,0,0
7258,2023/2/19 07:56:44,-0.5,-0.600000024,-0.5,-0.5,-88.2638092,-88.21207428,-89.39646149,0,0,330.014770507813,12.1171541213989,0,0
7259,2023/2/19 07:56:48,-0.5,-0.600000024,-0.5,-0.5,-90.59562683,-90.54196167,-91.77345276,0,0,330.803344726563,12.1171541213989,0,0
7260,2023/2/19 07:56:52,-0.5,-0.600000024,-0.5,-0.5,-92.92745209,-92.87184906,-94.10722351,0,0,330.014770507813,12.1171541213989,0,0
7261,2023/2/19 07:56:56,-0.5,-0.600000024,-0.400000006,-0.5,-95.25927734,-95.18016052,-96.46260834,0,0,330.409057617188,12.1357669830322,0,0
7262,2023/2/19 07:57:00,-0.5,-0.400000006,-0.400000006,-0.5,-97.56950378,-97.48847198,-98.81798553,0,-6.666666508,330.409057617188,12.1357669830322,0,0
7263,2023/2/19 07:57:04,-0.5,-0.600000024,-0.400000006,-0.5,-99.87973785,-99.81835938,-101.1949768,0,-6.666666508,330.409057617188,12.1171541213989,0,0
7264,2023/2/19 07:57:08,-0.5,-0.400000006,-0.400000006,-0.5,-102.2115631,-102.1698151,-103.5719681,0,0,330.409057617188,12.1171541213989,0,0
7265,2023/2/19 07:57:12,-0.5,-0.400000006,-0.5,-0.5,-104.5649719,-104.4997025,-105.9273529,0,0,330.409057617188,12.1171541213989,0,0
7266,2023/2/19 07:57:16,-0.5,-0.400000006,-0.5,-0.5,-106.8967972,-106.8295898,-108.2611237,0,-6.666666508,330.409057617188,12.1171541213989,0,0
7267,2023/2/19 07:57:20,-0.5,-0.600000024,-0.5,-0.5,-109.2286224,-109.116333,-110.6165009,0,-6.666666508,330.409057617188,12.1357669830322,0,0
7268,2023/2/19 07:57:24,-0.400000006,-0.400000006,-0.5,-0.5,-111.5172577,-111.4246445,-112.9934921,-6.666666508,-6.666666508,330.409057617188,12.1171541213989,0,0
7269,2023/2/19 07:57:28,-0.5,-0.600000024,-0.5,-0.5,-113.8490829,-113.7761002,-115.3704834,-6.666666508,-13.33333302,330.409057617188,12.1171541213989,0,0
7270,2023/2/19 07:57:32,-0.5,-0.600000024,-0.400000006,-0.5,-116.1809082,-116.1059875,-117.7258682,-6.666666508,-6.666666508,330.409057617188,12.1171541213989,0,0
7271,2023/2/19 07:57:36,-0.5,-0.600000024,-0.5,-0.5,-118.5127258,-118.4358749,-120.0812454,-6.666666508,-6.666666508,330.409057617188,12.1171541213989,0,0
7272,2023/2/19 07:57:40,-0.5,-0.600000024,-0.5,-0.5,-120.8445511,-120.7441864,-122.4150238,-6.666666508,-6.666666508,330.409057617188,12.1357669830322,0,0
7273,2023/2/19 07:57:44,-0.5,-0.400000006,-0.5,-0.5,-123.1763763,-123.0524979,-124.770401,-6.666666508,-6.666666508,330.409057617188,12.1357669830322,0,0
7274,2023/2/19 07:57:48,-0.5,-0.600000024,-0.400000006,-0.5,-125.4650116,-125.3608093,-127.1473923,-6.666666508,-13.33333302,330.014770507813,12.1171541213989,0,0
7275,2023/2/19 07:57:52,-0.5,-0.600000024,-0.400000006,-0.5,-127.7968369,-127.7122726,-129.5243835,-6.666666508,-13.33333302,330.409057617188,12.1171541213989,0,0
7276,2023/2/19 07:57:56,-0.5,-0.600000024,-0.5,-0.5,-130.1286621,-130.063736,-131.8797607,-6.666666508,-6.666666508,330.409057617188,12.1171541213989,0,0
7277,2023/2/19 07:58:00,-0.5,-0.600000024,-0.5,-0.5,-132.4820709,-132.3936157,-134.2135315,-6.666666508,-13.33333302,330.409057617188,12.1171541213989,0,0
7278,2023/2/19 07:58:04,-0.5,-0.600000024,-0.5,-0.5,-134.7922974,-134.6803589,-136.568924,-6.666666508,-13.33333302,330.409057617188,12.1171541213989,0,0
7279,2023/2/19 07:58:08,-0.400000006,-0.600000024,-0.5,-0.5,-137.1025391,-136.9886627,-138.9459076,-6.666666508,-20,330.409057617188,12.1171541213989,0,0
7280,2023/2/19 07:58:12,-0.5,-0.600000024,-0.5,-0.5,-139.4127655,-139.3185577,-141.3229065,-6.666666508,-20,330.014770507813,12.1171541213989,0,0
7281,2023/2/19 07:58:16,-0.5,-0.400000006,-0.5,-0.5,-141.7661743,-141.6700134,-143.6782837,-6.666666508,-6.666666508,330.409057617188,12.1357669830322,0,0
7282,2023/2/19 07:58:20,-0.5,-0.600000024,-0.5,-0.5,-144.0980072,-143.9999084,-146.0336609,-6.666666508,-13.33333302,330.409057617188,12.1171541213989,0,0
7283,2023/2/19 07:58:24,-0.5,-0.600000024,-0.5,-0.5,-146.4298248,-146.3297882,-148.3674316,-6.666666508,-13.33333302,330.409057617188,12.1171541213989,0,0
7284,2023/2/19 07:58:28,-0.5,-0.400000006,-0.5,-0.5,-148.7616425,-148.6165314,-150.7444305,-13.33333302,-13.33333302,330.409057617188,12.1357669830322,0,0
7285,2023/2/19 07:58:32,-0.5,-0.600000024,-0.5,-0.5,-151.050293,-150.9248352,-153.0998077,-13.33333302,-13.33333302,330.409057617188,12.1171541213989,0,0
7286,2023/2/19 07:58:36,-0.5,-0.400000006,-0.400000006,-0.5,-153.3821106,-153.2763062,-155.4768066,-13.33333302,-20,330.409057617188,12.1171541213989,0,0
7287,2023/2/19 07:58:40,-0.5,-0.600000024,-0.5,-0.5,-155.7355194,-155.6277618,-157.8321838,-13.33333302,-13.33333302,330.409057617188,12.1357669830322,0,0
7288,2023/2/19 07:58:44,-0.5,-0.600000024,-0.5,-0.5,-158.0673523,-157.9576416,-160.187561,-6.666666508,-13.33333302,330.409057617188,12.1171541213989,0,0
7289,2023/2/19 07:58:48,-0.5,-0.600000024,-0.5,-0.5,-160.3991699,-160.2659607,-162.5429535,-13.33333302,-20,330.409057617188,12.1357669830322,0,0
7290,2023/2/19 07:58:52,-0.400000006,-0.400000006,-0.5,-0.5,-162.7093964,-162.5527039,-164.8983307,-20,-20,330.409057617188,12.1357669830322,0,0
7291,2023/2/19 07:58:56,-0.5,-0.400000006,-0.400000006,-0.5,-164.9980469,-164.8825836,-167.2753143,-13.33333302,-20,330.409057617188,12.1357669830322,0,0
7292,2023/2/19 07:59:00,-0.5,-0.600000024,-0.5,-0.5,-167.3514557,-167.2340393,-169.6523132,-6.666666508,-20,330.409057617188,12.1357669830322,0,0
7293,2023/2/19 07:59:04,-0.5,-0.400000006,-0.400000006,-0.5,-169.6832733,-169.585495,-171.986084,-6.666666508,-13.33333302,330.409057617188,12.1357669830322,0,0
7294,2023/2/19 07:59:08,-0.5,-0.600000024,-0.5,-0.5,-172.0151062,-171.8938141,-174.3414612,-20,-26.66666603,330.409057617188,12.1171541213989,0,0
7295,2023/2/19 07:59:12,-0.5,-0.600000024,-0.5,-0.5,-174.3469238,-174.2021332,-176.6968384,-13.33333302,-20,330.409057617188,12.1357669830322,0,0
7296,2023/2/19 07:59:16,-0.400000006,-0.600000024,-0.5,-0.5,-176.6571503,-176.510437,-179.0738373,-20,-20,330.409057617188,12.1171541213989,0,0
7297,2023/2/19 07:59:20,-0.5,-0.600000024,-0.5,-0.5,-178.967392,-178.840332,-181.4508209,-20,-20,330.409057617188,12.1357669830322,0,0
7298,2023/2/19 07:59:24,-0.5,-0.600000024,-0.5,-0.5,-181.3208008,-181.1917877,-183.8062134,-20,-20,330.409057617188,12.1171541213989,0,0
7299,2023/2/19 07:59:28,-0.5,-0.600000024,-0.5,-0.5,-183.6526184,-183.5216675,-186.1399841,-13.33333302,-20,330.409057617188,12.1171541213989,0,0
7300,2023/2/19 07:59:32,-0.5,-0.600000024,-0.5,-0.5,-185.9844513,-185.8299866,-188.4953613,-20,-20,330.409057617188,12.1171541213989,0,0
7301,2023/2/19 07:59:36,-0.5,-0.400000006,-0.5,-0.5,-188.2946777,-188.1167297,-190.8723602,-26.66666603,-26.66666603,330.409057617188,12.1171541213989,0,0
7302,2023/2/19 07:59:40,-0.400000006,-0.400000006,-0.5,-0.5,-190.583313,-190.4466095,-193.2277374,-20,-26.66666603,330.409057617188,12.1171541213989,0,0
7303,2023/2/19 07:59:44,-0.5,-0.600000024,-0.5,-0.5,-192.9367371,-192.7980652,-195.6047211,-20,-26.66666603,330.409057617188,12.1171541213989,0,0
7304,2023/2/19 07:59:48,-0.5,-0.600000024,-0.5,-0.5,-195.2685547,-195.1279602,-197.9601135,-20,-26.66666603,330.409057617188,12.1357669830322,0,0
7305,2023/2/19 07:59:52,-0.5,-0.600000024,-0.400000006,-0.5,-197.6003723,-197.45784,-200.2938843,-20,-26.66666603,330.409057617188,12.1171541213989,0,0
7306,2023/2/19 07:59:56,-0.400000006,-0.600000024,-0.5,-0.5,-199.9322052,-199.7661591,-202.6708679,-26.66666603,-26.66666603,330.409057617188,12.1357669830322,0,0
7307,2023/2/19 08:00:00,-0.400000006,-0.600000024,-0.400000006,-0.5,-202.2424316,-202.0529022,-205.0262604,-26.66666603,-26.66666603,330.409057617188,12.1357669830322,0,0
7308,2023/2/19 08:00:04,-0.5,-0.400000006,-0.400000006,-0.5,-204.5526581,-204.4043579,-207.403244,-20,-26.66666603,330.409057617188,12.1171541213989,0,0
7309,2023/2/19 08:00:08,-0.400000006,-0.600000024,-0.5,-0.5,-206.884491,-206.7558136,-209.7586212,-20,-26.66666603,330.409057617188,12.1357669830322,0,0
7310,2023/2/19 08:00:12,-0.5,-0.400000006,-0.5,-0.5,-209.2378998,-209.0856934,-212.1140137,-20,-20,330.409057617188,12.1357669830322,0,0
7311,2023/2/19 08:00:16,-0.5,-0.400000006,-0.5,-0.5,-211.5697174,-211.3940125,-214.4693909,-26.66666603,-26.66666603,330.409057617188,12.1357669830322,0,0
7312,2023/2/19 08:00:20,-0.400000006,-0.400000006,-0.400000006,-0.5,-213.8799591,-213.7023315,-216.8247681,-26.66666603,-33.33333206,330.409057617188,12.1357669830322,0,0
7313,2023/2/19 08:00:24,-0.5,-0.400000006,-0.400000006,-0.5,-216.1901855,-216.0106354,-219.201767,-26.66666603,-26.66666603,330.409057617188,12.1357669830322,0,0
7314,2023/2/19 08:00:28,-0.5,-0.600000024,-0.5,-0.5,-218.5220032,-218.3620911,-221.5787506,-26.66666603,-33.33333206,330.803344726563,12.1171541213989,0,0
7315,2023/2/19 08:00:32,-0.5,-0.400000006,-0.400000006,-0.5,-220.8538361,-220.713562,-223.9125214,-26.66666603,-26.66666603,330.409057617188,12.1171541213989,0,0
7316,2023/2/19 08:00:36,-0.5,-0.400000006,-0.5,-0.5,-223.1856537,-223.0218658,-226.2679138,-26.66666603,-33.33333206,330.409057617188,12.1171541213989,0,0
7317,2023/2/19 08:00:40,-0.5,-0.600000024,-0.5,-0.5,-225.5174713,-225.3301849,-228.623291,-26.66666603,-33.33333206,330.014770507813,12.1357669830322,0,0
7318,2023/2/19 08:00:44,-0.400000006,-0.600000024,-0.5,-0.5,-227.827713,-227.6169281,-231.0002747,-33.33333206,-33.33333206,330.409057617188,12.1357669830322,0,0
7319,2023/2/19 08:00:48,-0.5,-0.600000024,-0.400000006,-0.5,-230.1379395,-229.9683838,-233.3556671,-33.33333206,-33.33333206,330.409057617188,12.1357669830322,0,0
7320,2023/2/19 08:00:52,-0.5,-0.400000006,-0.400000006,-0.5,-232.4697571,-232.2982635,-235.7110443,-26.66666603,-33.33333206,330.409057617188,12.1357669830322,0,0
7321,2023/2/19 08:00:56,-0.5,-0.600000024,-0.5,-0.5,-234.8231812,-234.6497192,-238.0664215,-26.66666603,-33.33333206,330.409057617188,12.1171541213989,0,0
7322,2023/2/19 08:01:00,-0.5,-0.600000024,-0.5,-0.5,-237.1549988,-236.9580383,-240.4217987,-26.66666603,-33.33333206,330.409057617188,12.1171541213989,0,0
7323,2023/2/19 08:01:04,-0.5,-0.400000006,-0.5,-0.5,-239.4652252,-239.2663574,-242.7987976,-33.33333206,-40,330.409057617188,12.1171541213989,0,0
7324,2023/2/19 08:01:08,-0.5,-0.600000024,-0.400000006,-0.5,-241.7754669,-241.5746613,-245.1541748,-26.66666603,-33.33333206,330.409057617188,12.1357669830322,0,0
7325,2023/2/19 08:01:12,-0.5,-0.600000024,-0.5,-0.5,-244.1072845,-243.9261322,-247.5311737,-26.66666603,-33.33333206,330.409057617188,12.1357669830322,0,0
7326,2023/2/19 08:01:16,-0.5,-0.400000006,-0.5,-0.5,-246.4391022,-246.2775879,-249.8865509,-33.33333206,-40,330.409057617188,12.1171541213989,0,0
7327,2023/2/19 08:01:20,-0.5,-0.600000024,-0.5,-0.5,-248.7925262,-248.6074677,-252.2419281,-33.33333206,-40,330.409057617188,12.1171541213989,0,0
7328,2023/2/19 08:01:24,-0.5,-0.400000006,-0.5,-0.5,-251.1243439,-250.9157867,-254.5973206,-33.33333206,-40,330.409057617188,12.1171541213989,0,0
7329,2023/2/19 08:01:28,-0.5,-0.600000024,-0.5,-0.5,-253.4345703,-253.2025299,-256.9743042,-40,-40,330.409057617188,12.1357669830322,0,0
7330,2023/2/19 08:01:32,-0.5,-0.400000006,-0.5,-0.5,-255.744812,-255.5539856,-259.3512878,-33.33333206,-40,330.409057617188,12.1171541213989,0,0
7331,2023/2/19 08:01:36,-0.5,-0.400000006,-0.5,-0.5,-258.0766296,-257.8838806,-261.706665,-33.33333206,-40,330.409057617188,12.1171541213989,0,0
7332,2023/2/19 08:01:40,-0.5,-0.600000024,-0.5,-0.5,-260.4300537,-260.235321,-264.0620728,-33.33333206,-40,330.409057617188,12.1357669830322,0,0
7333,2023/2/19 08:01:44,-0.5,-0.400000006,-0.5,-0.5,-262.7618713,-262.5652161,-266.41745,-33.33333206,-40,330.409057617188,12.1171541213989,0,0
7334,2023/2/19 08:01:48,-0.400000006,-0.600000024,-0.400000006,-0.5,-265.093689,-264.8519592,-268.7728271,-106.6666641,-40,330.014770507813,12.1357669830322,0,0
7335,2023/2/19 08:01:52,-0.5,-0.400000006,-0.400000006,-0.5,-267.4039307,-267.1818542,-271.1714172,-33.33333206,-40,330.409057617188,12.1357669830322,0,0
7336,2023/2/19 08:01:56,-0.5,-0.400000006,-0.5,-0.5,-269.7141418,-269.5332947,-273.5267944,-40,-40,330.409057617188,12.1357669830322,0,0
7337,2023/2/19 08:02:00,-0.5,-0.600000024,-0.5,-0.5,-272.0675659,-271.8631897,-275.8821716,-33.33333206,-40,330.409057617188,12.1171541213989,0,0
7338,2023/2/19 08:02:04,-0.5,-0.400000006,-0.5,-0.5,-274.42099,-274.1930847,-278.2375793,-40,-40,330.409057617188,12.1357669830322,0,0
7339,2023/2/19 08:02:08,-0.5,-0.400000006,-0.5,-0.5,-276.7312012,-276.5229492,-280.5929565,-33.33333206,-40,330.409057617188,12.1171541213989,0,0
7340,2023/2/19 08:02:12,-0.5,-0.600000024,-0.400000006,-0.5,-279.0630493,-278.8096924,-282.9699402,-40,-40,330.409057617188,12.1357669830322,0,0
7341,2023/2/19 08:02:16,-0.5,-0.400000006,-0.5,-0.5,-281.3732605,-281.1611633,-285.3685303,-33.33333206,-40,330.409057617188,12.1357669830322,0,0
7342,2023/2/19 08:02:20,-0.5,-0.400000006,-0.400000006,-0.5,-283.7050781,-283.5126038,-287.7239075,-33.33333206,-40,330.409057617188,12.1171541213989,0,0
7343,2023/2/19 08:02:24,-0.5,-0.600000024,-0.400000006,-0.5,-286.0585022,-285.8424988,-290.0793152,-33.33333206,-40,330.409057617188,12.1357669830322,0,0
7344,2023/2/19 08:02:28,-0.5,-0.600000024,-0.400000006,-0.5,-288.3903198,-288.1723938,-292.4346924,-33.33333206,-40,330.409057617188,12.1357669830322,0,0
7345,2023/2/19 08:02:32,-0.5,-0.600000024,-0.400000006,-0.5,-290.7221375,-290.4807129,-294.7900696,-33.33333206,-40,330.409057617188,12.1171541213989,0,0
7346,2023/2/19 08:02:36,-0.5,-0.600000024,-0.400000006,-0.5,-293.0323792,-292.7890015,-297.1886597,-33.33333206,-40,330.803344726563,12.1357669830322,0,0
7347,2023/2/19 08:02:40,-0.5,-0.600000024,-0.5,-0.5,-295.3641968,-295.1404724,-299.5440369,-33.33333206,-40,330.014770507813,12.1357669830322,0,0
7348,2023/2/19 08:02:44,-0.5,-0.400000006,-0.5,-0.5,-297.6960144,-297.4919434,-301.8994141,-33.33333206,-40,330.409057617188,12.1171541213989,0,0
7349,2023/2/19 08:02:48,-0.5,-0.600000024,-0.5,-0.5,-300.0494385,-299.8218079,-304.2548218,-33.33333206,-53.33333206,330.409057617188,12.1171541213989,0,0
7350,2023/2/19 08:02:52,-0.5,-0.600000024,-0.5,-0.5,-302.3812561,-302.130127,-306.610199,-53.33333206,-40,330.409057617188,12.1357669830322,0,0
7351,2023/2/19 08:02:56,-0.5,-0.600000024,-0.5,-0.5,-304.7130737,-304.438446,-308.9871826,-40,-40,330.803344726563,12.1171541213989,0,0
7352,2023/2/19 08:03:00,-0.5,-0.600000024,-0.5,-0.5,-307.0017395,-306.7683411,-311.3641663,-33.33333206,-40,330.409057617188,12.1171541213989,0,0
7353,2023/2/19 08:03:04,-0.5,-0.600000024,-0.5,-0.5,-309.3551331,-309.1197815,-313.7195435,-33.33333206,-40,330.409057617188,12.1357669830322,0,0
7354,2023/2/19 08:03:08,-0.5,-0.400000006,-0.5,-0.5,-311.6869507,-311.4712524,-316.0749512,-46.66666412,-99.99999237,330.409057617188,12.1357669830322,0,0
7355,2023/2/19 08:03:12,-0.5,-0.400000006,-0.5,-0.5,-314.0403748,-313.8011475,-318.4519348,-66.66666412,-66.66666412,330.409057617188,12.1357669830322,0,0
7356,2023/2/19 08:03:16,-0.5,-0.600000024,-0.5,-0.5,-316.3721924,-316.0878601,-320.807312,-40,-73.33332825,330.409057617188,12.1357669830322,0,0
7357,2023/2/19 08:03:20,-0.5,-0.600000024,-0.5,-0.5,-318.6824341,-318.3961792,-323.1842957,-33.33333206,-40,330.014770507813,12.1357669830322,0,0
7358,2023/2/19 08:03:24,-0.5,-0.600000024,-0.400000006,-0.5,-320.9926758,-320.7476501,-325.5612793,-33.33333206,-40,330.803344726563,12.1171541213989,0,0
7359,2023/2/19 08:03:28,-0.5,-0.400000006,-0.400000006,-0.5,-323.3460693,-323.0990906,-327.916687,-59.99999619,-73.33332825,330.409057617188,12.1171541213989,0,0
7360,2023/2/19 08:03:32,-0.5,-0.600000024,-0.400000006,-0.5,-325.677887,-325.4289856,-330.2720642,-80,-53.33333206,330.014770507813,12.1357669830322,0,0
7361,2023/2/19 08:03:36,-0.5,-0.400000006,-0.5,-0.5,-328.0097351,-327.7588806,-332.6274414,-40,-59.99999619,330.803344726563,12.1357669830322,0,0
7362,2023/2/19 08:03:40,-0.5,-0.600000024,-0.400000006,-0.5,-330.3199463,-330.0456238,-335.004425,-33.33333206,-40,330.409057617188,12.1171541213989,0,0
7363,2023/2/19 08:03:44,-0.400000006,-0.600000024,-0.5,-0.5,-332.630188,-332.3539429,-337.3598022,-40,-66.66666412,330.409057617188,12.1357669830322,0,0
7364,2023/2/19 08:03:48,-0.5,-0.600000024,-0.5,-0.5,-334.9620056,-334.7053833,-339.7151794,-80,-40,330.409057617188,12.1357669830322,0,0
7365,2023/2/19 08:03:52,-0.5,-0.600000024,-0.5,-0.5,-337.3154297,-337.0568542,-342.0705566,-40,-59.99999619,330.014770507813,12.1357669830322,0,0
7366,2023/2/19 08:03:56,-0.5,-0.400000006,-0.5,-0.5,-339.6688232,-339.4082947,-344.4475708,-93.33332825,-46.66666412,330.409057617188,12.1357669830322,0,0
7367,2023/2/19 08:04:00,-0.5,-0.600000024,-0.5,-0.5,-342.0006714,-341.7166138,-346.8461609,-40,-66.66666412,330.409057617188,12.1171541213989,0,0
7368,2023/2/19 08:04:04,-0.5,-0.600000024,-0.5,-0.5,-344.332489,-344.0249329,-349.2231445,-99.99999237,-59.99999619,330.803344726563,12.1171541213989,0,0
7369,2023/2/19 08:04:08,-0.5,-0.600000024,-0.400000006,-0.5,-346.6427002,-346.3764038,-351.6001587,-80,-80,330.409057617188,12.1171541213989,0,0
7370,2023/2/19 08:04:12,-0.5,-0.400000006,-0.5,-0.5,-348.9961243,-348.7494202,-353.9555359,-73.33332825,-73.33332825,330.803344726563,12.1171541213989,0,0
7371,2023/2/19 08:04:16,-0.5,-0.400000006,-0.400000006,-0.5,-351.3711243,-351.1008911,-356.3325195,-33.33333206,-59.99999619,330.014770507813,12.1357669830322,0,0
7372,2023/2/19 08:04:20,-0.5,-0.400000006,-0.400000006,-0.5,-353.7029419,-353.4307556,-358.7095032,-59.99999619,-59.99999619,330.409057617188,12.1357669830322,0,0
7373,2023/2/19 08:04:24,-0.5,-0.600000024,-0.5,-0.5,-356.0347595,-355.7390747,-361.0864868,-86.66666412,-80,330.409057617188,12.1357669830322,0,0
7374,2023/2/19 08:04:28,-0.5,-0.600000024,-0.5,-0.5,-358.3666077,-358.0689697,-363.463501,-59.99999619,-59.99999619,330.014770507813,12.1171541213989,0,0
7375,2023/2/19 08:04:32,-0.5,-0.400000006,-0.5,-0.5,-360.6984253,-360.4419861,-365.8404846,-40,-40,330.409057617188,12.1171541213989,0,0
7376,2023/2/19 08:04:36,-0.5,-0.400000006,-0.400000006,-0.5,-363.0734253,-362.793457,-368.2174683,-46.66666412,-86.66666412,330.409057617188,12.1171541213989,0,0
7377,2023/2/19 08:04:40,-0.5,-0.600000024,-0.5,-0.5,-365.4268494,-365.1233521,-370.5728455,-73.33332825,-66.66666412,330.409057617188,12.1357669830322,0,0
7378,2023/2/19 08:04:44,-0.5,-0.600000024,-0.400000006,-0.5,-367.758667,-367.4532166,-372.9714661,-59.99999619,-66.66666412,330.409057617188,12.1357669830322,0,0
7379,2023/2/19 08:04:48,-0.5,-0.600000024,-0.5,-0.5,-370.0904846,-369.7615356,-375.3484497,-66.66666412,-66.66666412,330.409057617188,12.1357669830322,0,0
7380,2023/2/19 08:04:52,-0.5,-0.600000024,-0.5,-0.5,-372.4007263,-372.1130066,-377.7254333,-66.66666412,-66.66666412,330.409057617188,12.1357669830322,0,0
7381,2023/2/19 08:04:56,-0.5,-0.400000006,-0.400000006,-0.5,-374.7541199,-374.4860229,-380.102417,-66.66666412,-66.66666412,330.409057617188,12.1357669830322,0,0
7382,2023/2/19 08:05:00,-0.5,-0.400000006,-0.5,-0.5,-377.1291199,-376.8374939,-382.4577942,-66.66666412,-66.66666412,330.409057617188,12.1357669830322,0,0
7383,2023/2/19 08:05:04,-0.5,-0.400000006,-0.5,-0.5,-379.460968,-379.1673889,-384.8348083,-73.33332825,-73.33332825,330.409057617188,12.1171541213989,0,0
7384,2023/2/19 08:05:08,-0.5,-0.600000024,-0.5,-0.5,-381.7927856,-381.475708,-387.2333984,-66.66666412,-73.33332825,330.409057617188,12.1357669830322,0,0
7385,2023/2/19 08:05:12,-0.5,-0.600000024,-0.5,-0.5,-384.1246033,-383.8055725,-389.6103821,-66.66666412,-73.33332825,330.409057617188,12.1171541213989,0,0
7386,2023/2/19 08:05:16,-0.5,-0.600000024,-0.400000006,-0.5,-386.4564209,-386.1786194,-391.9873657,-66.66666412,-73.33332825,330.409057617188,12.1357669830322,0,0
7387,2023/2/19 08:05:20,-0.5,-0.400000006,-0.5,-0.5,-388.8314209,-388.5300598,-394.3427734,-66.66666412,-66.66666412,330.409057617188,12.1357669830322,0,0
7388,2023/2/19 08:05:24,-0.5,-0.600000024,-0.400000006,-0.5,-391.184845,-390.8599548,-396.7197571,-73.33332825,-73.33332825,330.409057617188,12.1357669830322,0,0
7389,2023/2/19 08:05:28,-0.5,-0.600000024,-0.5,-0.5,-393.5166626,-393.1898499,-399.0967407,-73.33332825,-80,330.409057617188,12.1171541213989,0,0
7390,2023/2/19 08:05:32,-0.400000006,-0.600000024,-0.400000006,-0.5,-395.8484802,-395.4981689,-401.4953308,-80,-80,330.409057617188,12.1171541213989,0,0
7391,2023/2/19 08:05:36,-0.5,-0.600000024,-0.5,-0.5,-398.1587219,-397.8496094,-403.850708,-73.33332825,-80,330.409057617188,12.1357669830322,0,0
7392,2023/2/19 08:05:40,-0.5,-0.600000024,-0.5,-0.5,-400.512146,-400.2226563,-406.2277222,-73.33332825,-73.33332825,330.409057617188,12.1357669830322,0,0
7393,2023/2/19 08:05:44,-0.5,-0.600000024,-0.5,-0.5,-402.8655396,-402.5740967,-408.6047058,-73.33332825,-80,330.409057617188,12.1171541213989,0,0
7394,2023/2/19 08:05:48,-0.400000006,-0.600000024,-0.5,-0.400000006,-405.1757813,-404.8608398,-410.9384766,0,0,330.014770507813,12.1171541213989,0,0
7395,2023/2/19 08:05:52,-0.200000003,-0.400000006,-0.400000006,-0.300000012,-406.8166809,-406.4788208,-412.602356,-66.66666412,-66.66666412,330.014770507813,12.1357669830322,0,0
7396,2023/2/19 08:05:56,-0.300000012,-0.200000003,-0.400000006,-0.300000012,-408.1985168,-407.8594971,-414.0285645,-73.33332825,-80,330.014770507813,12.1357669830322,0,0
7397,2023/2/19 08:06:00,0,0,0,0,-408.479187,-408.1399536,-414.3094788,0,0,221.586975097656,1.48905122280121,0,0
7398,2023/2/19 08:06:04,0,0,0,0,-408.479187,-408.1399536,-414.3094788,6.66666650772095,0,220.40412902832,0.67007303237915,0,0
7399,2023/2/19 08:06:08,0,0,0,0,-408.479187,-408.1399536,-414.3094788,0,0,220.40412902832,0.67007303237915,0,0
7400,2023/2/19 08:06:12,0,0,0,0,-408.479187,-408.1399536,-414.3094788,0,0,220.009841918945,0.558394193649292,0,0
7401,2023/2/19 08:06:16,0,0,0,0,-408.479187,-408.1399536,-414.3094788,0,0,220.009841918945,0.558394193649292,0,0
7402,2023/2/19 08:06:20,0,0,0,0,-408.479187,-408.1399536,-414.3094788,0,0,220.009841918945,0.558394193649292,0,0
7403,2023/2/19 08:06:24,0,0,0,0,-408.479187,-408.1399536,-414.3094788,0,0,220.009841918945,0.558394193649292,0,0
7404,2023/2/19 08:06:28,0,0,0,0,-408.479187,-408.1399536,-414.3094788,0,0,220.009841918945,0.558394193649292,0,0
7405,2023/2/19 08:06:32,0,0,0,0,-408.479187,-408.1399536,-414.3094788,0,0,220.009841918945,0.558394193649292,0,0
7406,2023/2/19 08:06:36,0,0,0,0,-408.479187,-408.1399536,-414.3094788,0,0,220.40412902832,0.558394193649292,0,0
7407,2023/2/19 08:06:40,0,0,0,0,-408.479187,-408.1399536,-414.3094788,0,0,220.009841918945,0.558394193649292,0,0
7408,2023/2/19 08:06:44,0,0,0,0,-408.479187,-408.1399536,-414.3094788,0,0,220.40412902832,0.558394193649292,0,0
7409,2023/2/19 08:06:48,0,0,0,0,-408.479187,-408.1399536,-414.3094788,0,0,220.40412902832,0.558394193649292,0,0
7410,2023/2/19 08:06:52,0,0,0,0,-408.479187,-408.1399536,-414.3094788,0,0,220.009841918945,0.558394193649292,0,0
7411,2023/2/19 08:06:56,0,0,0,0,-408.479187,-408.1399536,-414.3094788,0,0,220.40412902832,0.558394193649292,0,0
7412,2023/2/19 08:07:00,0,0,0,0,-408.479187,-408.1399536,-414.3094788,0,0,220.009841918945,0.67007303237915,0,0
7413,2023/2/19 08:07:04,0,0,0,0,-408.479187,-408.1399536,-414.3094788,0,0,220.40412902832,0.558394193649292,0,0
7414,2023/2/19 08:07:08,0,0,0,0,-408.479187,-408.1399536,-414.3094788,0,0,220.009841918945,0.67007303237915,0,0
7415,2023/2/19 08:07:12,0,0,0,0,-408.479187,-408.1399536,-414.3094788,0,0,220.009841918945,0.558394193649292,0,0
7416,2023/2/19 08:07:16,0,0,0,0,-408.479187,-408.1399536,-414.3094788,0,0,220.009841918945,0.558394193649292,0,0
7417,2023/2/19 08:07:20,0,0,0,0,-415,-415,-415,-113.3333282,-106.6666641,315.820587158203,0.558394193649292,0,0
7418,2023/2/19 08:07:24,0,0,0,0,-415,-415,-415,-1026.666626,-1019.999939,330.014770507813,7.09160614013672,0,0
7419,2023/2/19 08:07:28,0,-0.200000003,0,0,-415.1096802,-415.1096802,-415.1082153,-1493.333252,-1493.333252,330.409057617188,7.72445297241211,0,0
7420,2023/2/19 08:07:32,0,-0.200000003,-0.200000003,0,-415.3728943,-415.3728943,-415.4978333,-1500,-1500,330.014770507813,7.81751871109009,0,0
7421,2023/2/19 08:07:36,0,0,-0.200000003,-0.100000001,-415.8554993,-415.8554993,-415.9740295,-1500,-1500,330.014770507813,7.72445297241211,0,1
7422,2023/2/19 08:07:40,-0.200000003,-0.200000003,-0.400000006,-0.200000003,-416.6451721,-416.6451721,-416.7748718,-1360,-1353.333252,330.014770507813,7.81751871109009,0,1
7423,2023/2/19 08:07:44,0,-0.200000003,-0.200000003,-0.100000001,-417.6761475,-417.6980896,-417.7922058,-1193.333252,-1193.333252,329.620483398438,7.70584011077881,0,1
7424,2023/2/19 08:07:48,0,0,0,0,-418.005188,-418.0271301,-418.1168823,0,0,233.021179199219,3.42481780052185,0,1
7425,2023/2/19 08:07:52,0,0,0,0,-418.005188,-418.0271301,-418.1168823,0,0,220.40412902832,0.67007303237915,0,1
7426,2023/2/19 08:07:56,0,0,0,0,-418.005188,-418.0271301,-418.1168823,0,0,220.009841918945,0.67007303237915,0,1
7427,2023/2/19 08:08:00,0,0,0,0,-418.005188,-418.0271301,-418.1168823,0,0,220.40412902832,0.67007303237915,0,1
7428,2023/2/19 08:08:04,0,0,0,0,-418.005188,-418.0271301,-418.1168823,0,0,220.009841918945,0.651459872722626,0,1
7429,2023/2/19 08:08:08,0,0,0,0,-415,-418.0271301,-418.1168823,0,0,220.40412902832,0.0558394193649292,0,0
7430,2023/2/19 08:08:12,0,0,0,0,-415,-418.0271301,-418.1168823,0,0,220.40412902832,0.0558394193649292,0,0
7431,2023/2/19 08:08:16,0,0,0,0,-415,-418.0271301,-418.1168823,0,0,220.009841918945,0.0558394193649292,0,0
7432,2023/2/19 08:08:20,0,0,0,0,-415,-418.0271301,-418.1168823,0,0,220.009841918945,0.502554774284363,0,0
7433,2023/2/19 08:08:24,0,0,0,0,-415,-418.0271301,-418.1168823,0,0,220.40412902832,0.577007353305817,0,0
7434,2023/2/19 08:08:28,0,0,0,0,-415,-418.0271301,-418.1168823,0,0,220.009841918945,0.558394193649292,0,0
7435,2023/2/19 08:08:32,0,0,0,0,-415,-415,-415,-13.33333302,-13.33333302,322.129119873047,0.67007303237915,0,0
7436,2023/2/19 08:08:36,0,0,0,0,-415,-415,-415,-493.333313,-493.333313,330.014770507813,7.09160614013672,0,0
7437,2023/2/19 08:08:40,0,0,0,0,-415,-415,-415.0214844,-1619.999878,-1626.666626,329.620483398438,7.70584011077881,0,0
7438,2023/2/19 08:08:44,0,0,-0.200000003,-0.100000001,-415.4355774,-415.4355164,-415.4511414,-1393.333252,-1393.333252,330.409057617188,7.81751871109009,0,0
7439,2023/2/19 08:08:48,0,-0.200000003,0,-0.100000001,-415.980011,-415.97995,-415.9882202,-1413.333252,-1413.333252,330.014770507813,7.70584011077881,0,1
7440,2023/2/19 08:08:52,0,0,0,-0.100000001,-416.6769104,-416.6985779,-416.6972046,-1373.333252,-1380,330.014770507813,7.87335824966431,0,1
7441,2023/2/19 08:08:56,0,0,0,-0.100000001,-417.3302307,-417.3518982,-417.3417053,-1413.333252,-1406.666626,330.409057617188,7.81751871109009,0,1
7442,2023/2/19 08:09:00,0,0,0,0,-418.0271301,-418.0487366,-418.0076904,0,0,318.186279296875,7.72445297241211,0,1
7443,2023/2/19 08:09:04,0,0,0,0,-418.0271301,-418.0487366,-418.0076904,0,0,220.798416137695,0.874817550182343,0,1
7444,2023/2/19 08:09:08,0,0,0,0,-418.0271301,-418.0487366,-418.0076904,0,0,220.40412902832,0.67007303237915,0,1
7445,2023/2/19 08:09:12,0,0,0,0,-418.0271301,-418.0487366,-418.0076904,0,0,220.009841918945,0.67007303237915,0,1
7446,2023/2/19 08:09:16,0,0,0,0,-418.0271301,-418.0487366,-418.0076904,0,0,220.009841918945,0.67007303237915,0,1
7447,2023/2/19 08:09:20,0,0,0,0,-418.0271301,-418.0487366,-418.0076904,0,0,220.009841918945,0.67007303237915,0,1
7448,2023/2/19 08:09:24,0,0,0,0,-418.0271301,-418.0487366,-418.0076904,0,0,220.40412902832,0.67007303237915,0,1
7449,2023/2/19 08:09:28,0,0,0,0,-418.0271301,-418.0487366,-418.0076904,0,0,220.009841918945,0.651459872722626,0,1
7450,2023/2/19 08:09:32,0,0,0,0,-418.0271301,-418.0487366,-418.0076904,0,0,220.009841918945,0.67007303237915,0,1
7451,2023/2/19 08:09:36,0,0,0,0,-418.0271301,-418.0487366,-418.0076904,0,0,220.009841918945,0.67007303237915,0,1
7452,2023/2/19 08:09:40,0,0,0,0,-418.0271301,-418.0487366,-418.0076904,0,0,220.40412902832,0.67007303237915,0,1
7453,2023/2/19 08:09:44,0,0,0,0,-418.0271301,-418.0487366,-418.0076904,0,0,220.009841918945,0.67007303237915,0,1
7454,2023/2/19 08:09:48,0,0,0,0,-418.0271301,-418.0487366,-418.0076904,0,0,220.009841918945,0.67007303237915,0,1
7455,2023/2/19 08:09:52,0,0,0,0,-418.0271301,-418.0487366,-418.0076904,0,0,220.009841918945,0.67007303237915,0,1
7456,2023/2/19 08:09:56,0,0,0,0,-418.0271301,-418.0487366,-418.0076904,0,0,220.009841918945,0.67007303237915,0,1
7457,2023/2/19 08:10:00,0,0,0,0,-418.0271301,-418.0487366,-418.0076904,0,0,220.009841918945,0.67007303237915,0,1
7458,2023/2/19 08:10:04,0,0,0,0,-418.0271301,-418.0487366,-418.0076904,6.66666650772095,0,220.009841918945,0.651459872722626,0,1
7459,2023/2/19 08:10:08,0,0,0,0,-418.0271301,-418.0487366,-418.0076904,0,0,220.009841918945,0.67007303237915,0,1
7460,2023/2/19 08:10:12,0,0,0,0,-418.0271301,-418.0487366,-418.0076904,0,0,220.40412902832,0.67007303237915,0,1
7461,2023/2/19 08:10:16,0,0,0,0,-418.0271301,-418.0487366,-418.0076904,0,0,220.009841918945,0.67007303237915,0,1
7462,2023/2/19 08:10:20,0,0,0,0,-418.0271301,-418.0487366,-418.0076904,0,0,220.009841918945,0.651459872722626,0,1
7463,2023/2/19 08:10:24,0,0,0,0,-418.0271301,-418.0487366,-418.0076904,0,0,220.009841918945,0.67007303237915,0,1
7464,2023/2/19 08:10:28,0,0,0,0,-418.0271301,-418.0487366,-418.0076904,0,0,220.009841918945,0.558394193649292,0,1
7465,2023/2/19 08:10:32,0,0,0,0,-418.0271301,-418.0487366,-418.0076904,0,0,220.009841918945,0.67007303237915,0,1
7466,2023/2/19 08:10:36,0,0,0,0,-418.0271301,-418.0487366,-418.0076904,0,0,220.009841918945,0.651459872722626,0,1
7467,2023/2/19 08:10:40,0,0,0,0,-418.0271301,-418.0487366,-418.0076904,0,0,220.40412902832,0.558394193649292,0,1
7468,2023/2/19 08:10:44,0,0,0,0,-418.0271301,-418.0487366,-418.0076904,0,0,220.009841918945,0.651459872722626,0,1
7469,2023/2/19 08:10:48,0,0,0,0,-418.0271301,-418.0487366,-418.0076904,0,0,220.009841918945,0.67007303237915,0,1
7470,2023/2/19 08:10:52,0,0,0,0,-418.0271301,-418.0487366,-418.0076904,0,0,220.009841918945,0.67007303237915,0,1
7471,2023/2/19 08:10:56,0,0,0,0,-418.0271301,-418.0487366,-418.0076904,0,0,220.009841918945,0.67007303237915,0,1
7472,2023/2/19 08:11:00,0,0,0,0,-418.0271301,-418.0487366,-418.0076904,0,0,220.009841918945,0.67007303237915,0,1
7473,2023/2/19 08:11:04,0,0,0,0,-418.0271301,-418.0487366,-418.0076904,0,0,220.009841918945,0.67007303237915,0,1
7474,2023/2/19 08:11:08,0,0,0,0,-418.0271301,-418.0487366,-418.0076904,0,0,220.009841918945,0.67007303237915,0,1
7475,2023/2/19 08:11:12,0,0,0,0,-418.0271301,-418.0487366,-418.0076904,0,0,220.009841918945,0.67007303237915,0,1
7476,2023/2/19 08:11:16,0,0,0,0,-418.0271301,-418.0487366,-418.0076904,0,0,220.009841918945,0.67007303237915,0,1
7477,2023/2/19 08:11:20,0,0,0,0,-418.0271301,-418.0487366,-418.0076904,0,0,220.009841918945,0.67007303237915,0,1
7478,2023/2/19 08:11:24,0,0,0,0,-418.0271301,-418.0487366,-418.0076904,0,0,220.40412902832,0.651459872722626,0,1
7479,2023/2/19 08:11:28,0,0,0,0,-418.0271301,-418.0487366,-418.0076904,0,0,220.009841918945,0.67007303237915,0,1
7480,2023/2/19 08:11:32,0,0,0,0,-418.0271301,-418.0487366,-418.0076904,0,0,220.009841918945,0.67007303237915,0,1
7481,2023/2/19 08:11:36,0,0,0,0,-418.0271301,-418.0487366,-418.0076904,0,0,220.009841918945,0.651459872722626,0,1
7482,2023/2/19 08:11:40,0,0,0,0,-418.0271301,-418.0487366,-418.0076904,0,0,220.009841918945,0.67007303237915,0,1
7483,2023/2/19 08:11:44,0,0,0,0,-418.0271301,-418.0487366,-418.0076904,0,0,220.009841918945,0.67007303237915,0,1
7484,2023/2/19 08:11:48,0,0,0,0,-418.0271301,-418.0487366,-418.0076904,0,0,220.40412902832,0.651459872722626,0,1
7485,2023/2/19 08:11:52,0,0,0,0,-418.0271301,-418.0487366,-418.0076904,0,0,220.40412902832,0.67007303237915,0,1
7486,2023/2/19 08:11:56,0,0,0,0,-418.0271301,-418.0487366,-418.0076904,0,0,220.40412902832,0.651459872722626,0,1
7487,2023/2/19 08:12:00,0,0,0,0,-418.0271301,-418.0487366,-418.0076904,0,0,220.40412902832,0.67007303237915,0,1
7488,2023/2/19 08:12:04,0,0,0,0,-418.0271301,-418.0487366,-418.0076904,0,0,220.40412902832,0.111678838729858,0,1
7489,2023/2/19 08:12:08,0,0,0,0,-418.0271301,-418.0487366,-418.0076904,0,0,220.009841918945,0.0558394193649292,0,1
7490,2023/2/19 08:12:12,0,0,0,0,-418.0271301,-418.0487366,-418.0076904,0,0,220.009841918945,0.0558394193649292,0,1
7491,2023/2/19 08:12:16,0,0,0,0,-418.0271301,-418.0487366,-418.0076904,0,0,220.40412902832,0.0558394193649292,0,1
7492,2023/2/19 08:12:20,0,0,0,0,-418.0271301,-418.0487366,-418.0076904,0,0,220.009841918945,0.0558394193649292,0,1
7493,2023/2/19 08:12:24,0,0,0,0,-418.0271301,-418.0487366,-418.0076904,0,0,220.009841918945,0.0558394193649292,0,1
7494,2023/2/19 08:12:28,0,0,0,0,-418.0271301,-418.0487366,-418.0076904,0,0,220.40412902832,0.0558394193649292,0,1
7495,2023/2/19 08:12:32,0,0,0,0,-418.0271301,-418.0487366,-418.0076904,0,0,220.009841918945,0.0558394193649292,0,1
7496,2023/2/19 08:12:36,0,0,0,0,-418.0271301,-418.0487366,-418.0076904,0,0,220.009841918945,0.0558394193649292,0,1
7497,2023/2/19 08:12:40,0,0,0,0,-418.0271301,-418.0487366,-418.0076904,0,0,220.009841918945,0.0558394193649292,0,1
7498,2023/2/19 08:12:44,0,0,0,0,-418.0271301,-418.0487366,-418.0076904,0,0,220.009841918945,0.0558394193649292,0,1
7499,2023/2/19 08:12:48,0,0,0,0,-418.0271301,-418.0487366,-418.0076904,0,0,220.40412902832,0.0558394193649292,0,1
7500,2023/2/19 08:12:52,0,0,0,0,-418.0271301,-418.0487366,-418.0076904,0,0,220.009841918945,0.0558394193649292,0,1
7501,2023/2/19 08:12:56,0,0,0,0,-418.0271301,-418.0487366,-418.0076904,0,0,220.009841918945,0.0558394193649292,0,1
7502,2023/2/19 08:13:00,0,0,0,0,-418.0271301,-418.0487366,-418.0076904,0,0,220.009841918945,0.0558394193649292,0,1
7503,2023/2/19 08:13:04,0,0,0,0,-418.0271301,-418.0487366,-418.0076904,0,0,220.009841918945,0.0558394193649292,0,1
7504,2023/2/19 08:13:08,0,0,0,0,-418.0271301,-418.0487366,-418.0076904,0,0,220.009841918945,0.0558394193649292,0,1
7505,2023/2/19 08:13:12,0,0,0,0,-418.0271301,-418.0487366,-418.0076904,0,0,220.009841918945,0.0558394193649292,0,1
7506,2023/2/19 08:13:16,0,0,0,0,-418.0271301,-418.0487366,-418.0076904,0,0,220.40412902832,0.0558394193649292,0,1
7507,2023/2/19 08:13:20,0,0,0,0,-418.0271301,-418.0487366,-418.0076904,0,0,220.009841918945,0.0558394193649292,0,1
7508,2023/2/19 08:13:24,0,0,0,0,-418.0271301,-418.0487366,-418.0076904,0,0,220.40412902832,0.0558394193649292,0,1
7509,2023/2/19 08:13:28,0,0,0,0,-418.0271301,-418.0487366,-418.0076904,0,0,220.009841918945,0.0558394193649292,0,1
7510,2023/2/19 08:13:32,0,0,0,0,-418.0271301,-418.0487366,-418.0076904,0,0,220.009841918945,0.0558394193649292,0,1
7511,2023/2/19 08:13:36,0,0,0,0,-418.0271301,-418.0487366,-418.0076904,0,0,220.009841918945,0.0558394193649292,0,1
7512,2023/2/19 08:13:40,0,0,0,0,-418.0271301,-418.0487366,-418.0076904,0,0,220.009841918945,0.0558394193649292,0,1
7513,2023/2/19 08:13:44,0,0,0,0,-418.0271301,-418.0487366,-418.0076904,0,0,220.009841918945,0.0558394193649292,0,1
7514,2023/2/19 08:13:48,0,0,0,0,-418.0271301,-418.0487366,-418.0076904,0,0,220.40412902832,0.0558394193649292,0,1
7515,2023/2/19 08:13:52,0,0,0,0,-418.0271301,-418.0487366,-418.0076904,0,0,220.009841918945,0.0558394193649292,0,1
7516,2023/2/19 08:13:56,0,0,0,0,-418.0271301,-418.0487366,-418.0076904,0,0,220.009841918945,0.0558394193649292,0,1
7517,2023/2/19 08:14:00,0,0,0,0,-418.0271301,-418.0487366,-418.0076904,0,0,116.313446044922,0.0558394193649292,0,1
7518,2023/2/19 08:14:04,0,0,0,0,-418.0271301,-418.0487366,-418.0076904,0,0,0,0.037226278334856,0,1
7519,2023/2/19 08:14:08,0,0,0,0,-418.0271301,-418.0487366,-418.0076904,0,0,0,0.037226278334856,0,1
7520,2023/2/19 08:14:12,0,0,0,0,-418.0271301,-418.0487366,-418.0076904,0,0,0,0.037226278334856,0,1
7521,2023/2/19 08:14:16,0,0,0,0,-418.0271301,-418.0487366,-418.0076904,0,0,0,0.037226278334856,0,1
7522,2023/2/19 08:14:20,0,0,0,0,-418.0271301,-418.0487366,-418.0076904,0,0,0,0.037226278334856,0,1
7523,2023/2/19 08:14:24,0,0,0,0,-418.0271301,-418.0487366,-418.0076904,0,0,0,0.037226278334856,0,1
7524,2023/2/19 08:14:28,0,0,0,0,-418.0271301,-418.0487366,-418.0076904,0,0,0,0.037226278334856,0,1
7525,2023/2/19 08:14:32,0,0,0,0,-418.0271301,-418.0487366,-418.0076904,0,0,0,0.037226278334856,0,1
7526,2023/2/19 08:14:36,0,0,0,0,-418.0271301,-418.0487366,-418.0076904,0,0,0,0.037226278334856,0,1
7527,2023/2/19 08:14:40,0,0,0,0,-418.0271301,-418.0487366,-418.0076904,0,0,0,0.037226278334856,0,1
7528,2023/2/19 08:14:44,0,0,0,0,-418.0271301,-418.0487366,-418.0076904,0,0,0,0.037226278334856,0,1
7529,2023/2/19 08:14:48,0,0,0,0,-418.0271301,-418.0487366,-418.0076904,0,0,0,0.037226278334856,0,1
7530,2023/2/19 08:14:52,0,0,0,0,-418.0271301,-418.0487366,-418.0076904,0,0,0,0.037226278334856,0,1
7531,2023/2/19 08:14:56,0,0,0,0,-418.0271301,-418.0487366,-418.0076904,0,0,0,0.037226278334856,0,1
7532,2023/2/19 08:15:00,0,0,0,0,-418.0271301,-418.0487366,-418.0076904,0,0,0,0.037226278334856,0,1
7533,2023/2/19 08:15:04,0,0,0,0,-418.0271301,-418.0487366,-418.0076904,0,0,0,0.037226278334856,0,1
7534,2023/2/19 08:15:08,0,0,0,0,-418.0271301,-418.0487366,-418.0076904,0,0,0,0.037226278334856,0,1
7535,2023/2/19 08:15:12,0,0,0,0,-418.0271301,-418.0487366,-418.0076904,0,0,0,0.037226278334856,0,1
7536,2023/2/19 08:15:16,0,0,0,0,-418.0271301,-418.0487366,-418.0076904,0,0,0,0.037226278334856,0,1
7537,2023/2/19 08:15:20,0,0,0,0,-418.0271301,-418.0487366,-418.0076904,0,0,0,0.037226278334856,0,1
7538,2023/2/19 08:15:24,0,0,0,0,-418.0271301,-418.0487366,-418.0076904,0,0,0,0.037226278334856,0,1
7539,2023/2/19 08:15:28,0,0,0,0,-418.0271301,-418.0487366,-418.0076904,0,0,0,0.037226278334856,0,1
7540,2023/2/19 08:15:32,0,0,0,0,-418.0271301,-418.0487366,-418.0076904,0,0,0,0.037226278334856,0,1
7541,2023/2/19 08:15:36,0,0,0,0,-418.0271301,-418.0487366,-418.0076904,0,0,0,0.037226278334856,0,1
7542,2023/2/19 08:15:40,0,0,0,0,-418.0271301,-418.0487366,-418.0076904,0,0,0,0.037226278334856,0,1
7543,2023/2/19 08:15:44,0,0,0,0,-418.0271301,-418.0487366,-418.0076904,0,0,0,0.037226278334856,0,1
7544,2023/2/19 08:15:48,0,0,0,0,-418.0271301,-418.0487366,-418.0076904,0,0,0,0.037226278334856,0,1
7545,2023/2/19 08:15:52,0,0,0,0,-418.0271301,-418.0487366,-418.0076904,0,0,0,0.037226278334856,0,1
7546,2023/2/19 08:15:56,0,0,0,0,-418.0271301,-418.0487366,-418.0076904,0,0,0,0.037226278334856,0,1
7547,2023/2/19 08:16:00,0,0,0,0,-418.0271301,-418.0487366,-418.0076904,0,0,0,0.037226278334856,0,1
7548,2023/2/19 08:16:04,0,0,0,0,-418.0271301,-418.0487366,-418.0076904,0,0,0,0.037226278334856,0,1
7549,2023/2/19 08:16:08,0,0,0,0,-418.0271301,-418.0487366,-418.0076904,0,0,0,0.037226278334856,0,1
7550,2023/2/19 08:16:12,0,0,0,0,-418.0271301,-418.0487366,-418.0076904,0,0,0,0.037226278334856,0,1
7551,2023/2/19 08:16:16,0,0,0,0,-418.0271301,-418.0487366,-418.0076904,0,0,0,0.037226278334856,0,1
7552,2023/2/19 08:16:20,0,0,0,0,-418.0271301,-418.0487366,-418.0076904,0,0,0,0.037226278334856,0,1
7553,2023/2/19 08:16:24,0,0,0,0,-418.0271301,-418.0487366,-418.0076904,0,0,0,0.037226278334856,0,1
7554,2023/2/19 08:16:28,0,0,0,0,-418.0271301,-418.0487366,-418.0076904,0,0,0,0.037226278334856,0,1
7555,2023/2/19 08:16:32,0,0,0,0,-418.0271301,-418.0487366,-418.0076904,0,0,0,0.037226278334856,0,1
7556,2023/2/19 08:16:36,0,0,0,0,-418.0271301,-418.0487366,-418.0076904,0,0,0,0.037226278334856,0,1
7557,2023/2/19 08:16:40,0,0,0,0,-418.0271301,-418.0487366,-418.0076904,0,0,0,0.037226278334856,0,1
7558,2023/2/19 08:16:44,0,0,0,0,-418.0271301,-418.0487366,-418.0076904,0,0,0,0.037226278334856,0,1
7559,2023/2/19 08:16:48,0,0,0,0,-418.0271301,-418.0487366,-418.0076904,0,0,0,0.037226278334856,0,1
7560,2023/2/19 08:16:52,0,0,0,0,-418.0271301,-418.0487366,-418.0076904,0,0,0,0.037226278334856,0,1
7561,2023/2/19 08:16:56,0,0,0,0,-418.0271301,-418.0487366,-418.0076904,0,0,0,0.037226278334856,0,1
7562,2023/2/19 08:17:00,0,0,0,0,-418.0271301,-418.0487366,-418.0076904,0,0,0,0.037226278334856,0,1
7563,2023/2/19 08:17:04,0,0,0,0,-418.0271301,-418.0487366,-418.0076904,0,0,0,0.037226278334856,0,1
7564,2023/2/19 08:17:08,0,0,0,0,-418.0271301,-418.0487366,-418.0076904,0,0,0,0.037226278334856,0,1
7565,2023/2/19 08:17:12,0,0,0,0,-418.0271301,-418.0487366,-418.0076904,0,0,0,0.037226278334856,0,1
7566,2023/2/19 08:17:16,0,0,0,0,-418.0271301,-418.0487366,-418.0076904,0,0,0,0.037226278334856,0,1
7567,2023/2/19 08:17:20,0,0,0,0,-418.0271301,-418.0487366,-418.0076904,0,0,0,0.037226278334856,0,1
7568,2023/2/19 08:17:24,0,0,0,0,-418.0271301,-418.0487366,-418.0076904,0,0,0,0.037226278334856,0,1
7569,2023/2/19 08:17:28,0,0,0,0,-418.0271301,-418.0487366,-418.0076904,0,0,0,0.037226278334856,0,1
7570,2023/2/19 08:17:32,0,0,0,0,-418.0271301,-418.0487366,-418.0076904,0,0,0,0.037226278334856,0,1
7571,2023/2/19 08:17:36,0,0,0,0,-418.0271301,-418.0487366,-418.0076904,0,0,0,0.037226278334856,0,1
7572,2023/2/19 08:17:40,0,0,0,0,-418.0271301,-418.0487366,-418.0076904,0,0,0,0.037226278334856,0,1
7573,2023/2/19 08:17:44,0,0,0,0,-418.0271301,-418.0487366,-418.0076904,0,0,0,0.037226278334856,0,1
7574,2023/2/19 08:17:48,0,0,0,0,-418.0271301,-418.0487366,-418.0076904,0,0,0,0.037226278334856,0,1
7575,2023/2/19 08:17:52,0,0,0,0,-418.0271301,-418.0487366,-418.0076904,0,0,0,0.037226278334856,0,1
7576,2023/2/19 08:17:56,0,0,0,0,-418.0271301,-418.0487366,-418.0076904,0,0,0,0.037226278334856,0,1
7577,2023/2/19 08:18:00,0,0,0,0,-418.0271301,-418.0487366,-418.0076904,0,0,0,0.037226278334856,0,1
7578,2023/2/19 08:18:04,0,0,0,0,-418.0271301,-418.0487366,-418.0076904,0,0,0,0.037226278334856,0,1
7579,2023/2/19 08:18:08,0,0,0,0,-418.0271301,-418.0487366,-418.0076904,0,0,0,0.037226278334856,0,1
7580,2023/2/19 08:18:12,0,0,0,0,-418.0271301,-418.0487366,-418.0076904,0,0,0,0.037226278334856,0,1
7581,2023/2/19 08:18:16,0,0,0,0,-418.0271301,-418.0487366,-418.0076904,0,0,0,0.037226278334856,0,1
7582,2023/2/19 08:18:20,0,0,0,0,-418.0271301,-418.0487366,-418.0076904,0,0,0,0.037226278334856,0,1
7583,2023/2/19 08:18:24,0,0,0,0,-418.0271301,-418.0487366,-418.0076904,0,0,0,0.037226278334856,0,1
7584,2023/2/19 08:18:28,0,0,0,0,-418.0271301,-418.0487366,-418.0076904,0,0,0,0.037226278334856,0,1
7585,2023/2/19 08:18:32,0,0,0,0,-418.0271301,-418.0487366,-418.0076904,0,0,0,0.037226278334856,0,1
7586,2023/2/19 08:18:36,0,0,0,0,-418.0271301,-418.0487366,-418.0076904,0,0,0,0.037226278334856,0,1
7587,2023/2/19 08:18:40,0,0,0,0,-418.0271301,-418.0487366,-418.0076904,0,0,0,0.037226278334856,0,1
7588,2023/2/19 08:18:44,0,0,0,0,-418.0271301,-418.0487366,-418.0076904,0,0,0,0.037226278334856,0,1
7589,2023/2/19 08:18:48,0,0,0,0,-418.0271301,-418.0487366,-418.0076904,0,0,0,0.037226278334856,0,1
7590,2023/2/19 08:18:52,0,0,0,0,-418.0271301,-418.0487366,-418.0076904,0,0,0,0.037226278334856,0,1
7591,2023/2/19 08:18:56,0,0,0,0,-418.0271301,-418.0487366,-418.0076904,0,0,0,0.037226278334856,0,1
7592,2023/2/19 08:19:00,0,0,0,0,-418.0271301,-418.0487366,-418.0076904,0,0,0,0.037226278334856,0,1
7593,2023/2/19 08:19:04,0,0,0,0,-418.0271301,-418.0487366,-418.0076904,0,0,0,0.037226278334856,0,1
7594,2023/2/19 08:19:08,0,0,0,0,-418.0271301,-418.0487366,-418.0076904,0,0,0,0.037226278334856,0,1
7595,2023/2/19 08:19:12,0,0,0,0,-418.0271301,-418.0487366,-418.0076904,0,0,0,0.037226278334856,0,1
7596,2023/2/19 08:19:16,0,0,0,0,-418.0271301,-418.0487366,-418.0076904,0,0,0,0.037226278334856,0,1
7597,2023/2/19 08:19:20,0,0,0,0,-418.0271301,-418.0487366,-418.0076904,0,0,0,0.037226278334856,0,1
7598,2023/2/19 08:19:24,0,0,0,0,-418.0271301,-418.0487366,-418.0076904,0,0,0,0.037226278334856,0,1
7599,2023/2/19 08:19:28,0,0,0,0,-418.0271301,-418.0487366,-418.0076904,0,0,0,0.037226278334856,0,1
7600,2023/2/19 08:19:32,0,0,0,0,-418.0271301,-418.0487366,-418.0076904,0,0,0,0.037226278334856,0,1
7601,2023/2/19 08:19:36,0,0,0,0,-418.0271301,-418.0487366,-418.0076904,0,0,0,0.037226278334856,0,1
7602,2023/2/19 08:19:40,0,0,0,0,-418.0271301,-418.0487366,-418.0076904,0,0,0,0.037226278334856,0,1
7603,2023/2/19 08:19:44,0,0,0,0,-418.0271301,-418.0487366,-418.0076904,0,0,0,0.037226278334856,0,1
7604,2023/2/19 08:19:48,0,0,0,0,-418.0271301,-418.0487366,-418.0076904,0,0,0,0.037226278334856,0,1
7605,2023/2/19 08:19:52,0,0,0,0,-418.0271301,-418.0487366,-418.0076904,0,0,0,0.037226278334856,0,1
7606,2023/2/19 08:19:56,0,0,0,0,-418.0271301,-418.0487366,-418.0076904,0,0,0,0.037226278334856,0,1
7607,2023/2/19 08:20:00,0,0,0,0,-418.0271301,-418.0487366,-418.0076904,0,0,0,0.037226278334856,0,1
7608,2023/2/19 08:20:04,0,0,0,0,-418.0271301,-418.0487366,-418.0076904,0,0,0,0.037226278334856,0,1
7609,2023/2/19 08:20:08,0,0,0,0,-418.0271301,-418.0487366,-418.0076904,0,0,0,0.037226278334856,0,1
7610,2023/2/19 08:20:12,0,0,0,0,-418.0271301,-418.0487366,-418.0076904,0,0,0,0.037226278334856,0,1
7611,2023/2/19 08:20:16,0,0,0,0,-418.0271301,-418.0487366,-418.0076904,0,0,0,0.037226278334856,0,1
7612,2023/2/19 08:20:20,0,0,0,0,-418.0271301,-418.0487366,-418.0076904,0,0,0,0.037226278334856,0,1
7613,2023/2/19 08:20:24,0,0,0,0,-418.0271301,-418.0487366,-418.0076904,0,0,0,0.037226278334856,0,1
7614,2023/2/19 08:20:28,0,0,0,0,-418.0271301,-418.0487366,-418.0076904,0,0,0,0.037226278334856,0,1
7615,2023/2/19 08:20:32,0,0,0,0,-418.0271301,-418.0487366,-418.0076904,0,0,0,0.037226278334856,0,1
7616,2023/2/19 08:20:36,0,0,0,0,-418.0271301,-418.0487366,-418.0076904,0,0,0,0.037226278334856,0,1
7617,2023/2/19 08:20:40,0,0,0,0,-418.0271301,-418.0487366,-418.0076904,0,0,0,0.037226278334856,0,1
7618,2023/2/19 08:20:44,0,0,0,0,-418.0271301,-418.0487366,-418.0076904,0,0,0,0.037226278334856,0,1
7619,2023/2/19 08:20:48,0,0,0,0,-418.0271301,-418.0487366,-418.0076904,0,0,0,0.037226278334856,0,1
7620,2023/2/19 08:20:52,0,0,0,0,-418.0271301,-418.0487366,-418.0076904,0,0,0,0.037226278334856,0,1
7621,2023/2/19 08:20:56,0,0,0,0,-418.0271301,-418.0487366,-418.0076904,0,0,0,0.037226278334856,0,1
7622,2023/2/19 08:21:00,0,0,0,0,-418.0271301,-418.0487366,-418.0076904,0,0,0,0.037226278334856,0,1
7623,2023/2/19 08:21:04,0,0,0,0,-418.0271301,-418.0487366,-418.0076904,0,0,0,0.037226278334856,0,1
7624,2023/2/19 08:21:08,0,0,0,0,-418.0271301,-418.0487366,-418.0076904,0,0,0,0.037226278334856,0,1
7625,2023/2/19 08:21:12,0,0,0,0,-418.0271301,-418.0487366,-418.0076904,0,0,0,0.037226278334856,0,1
7626,2023/2/19 08:21:16,0,0,0,0,-418.0271301,-418.0487366,-418.0076904,0,0,0,0.037226278334856,0,1
7627,2023/2/19 08:21:20,0,0,0,0,-418.0271301,-418.0487366,-418.0076904,0,0,0,0.037226278334856,0,1
7628,2023/2/19 08:21:24,0,0,0,0,-418.0271301,-418.0487366,-418.0076904,0,0,0,0.037226278334856,0,1
7629,2023/2/19 08:21:28,0,0,0,0,-418.0271301,-418.0487366,-418.0076904,0,0,0,0.037226278334856,0,1
7630,2023/2/19 08:21:32,0,0,0,0,-418.0271301,-418.0487366,-418.0076904,0,0,0,0.037226278334856,0,1
7631,2023/2/19 08:21:36,0,0,0,0,-418.0271301,-418.0487366,-418.0076904,0,0,0,0.037226278334856,0,1
7632,2023/2/19 08:21:40,0,0,0,0,-418.0271301,-418.0487366,-418.0076904,0,0,0,0.037226278334856,0,1
7633,2023/2/19 08:21:44,0,0,0,0,-418.0271301,-418.0487366,-418.0076904,0,0,0,0.037226278334856,0,1
7634,2023/2/19 08:21:48,0,0,0,0,-418.0271301,-418.0487366,-418.0076904,0,0,0,0.037226278334856,0,1
7635,2023/2/19 08:21:52,0,0,0,0,-418.0271301,-418.0487366,-418.0076904,0,0,0,0.037226278334856,0,1
7636,2023/2/19 08:21:56,0,0,0,0,-418.0271301,-418.0487366,-418.0076904,0,0,0,0.037226278334856,0,1
7637,2023/2/19 08:22:00,0,0,0,0,-418.0271301,-418.0487366,-418.0076904,0,0,0,0.037226278334856,0,1
7638,2023/2/19 08:22:04,0,0,0,0,-418.0271301,-418.0487366,-418.0076904,0,0,0,0.037226278334856,0,1
7639,2023/2/19 08:22:08,0,0,0,0,-418.0271301,-418.0487366,-418.0076904,0,0,0,0.037226278334856,0,1
7640,2023/2/19 08:22:12,0,0,0,0,-418.0271301,-418.0487366,-418.0076904,0,0,0,0.037226278334856,0,1
7641,2023/2/19 08:22:16,0,0,0,0,-418.0271301,-418.0487366,-418.0076904,0,0,0,0.037226278334856,0,1
7642,2023/2/19 08:22:20,0,0,0,0,-418.0271301,-418.0487366,-418.0076904,0,0,0,0.037226278334856,0,1
7643,2023/2/19 08:22:24,0,0,0,0,-418.0271301,-418.0487366,-418.0076904,0,0,0,0.037226278334856,0,1
7644,2023/2/19 08:22:28,0,0,0,0,-418.0271301,-418.0487366,-418.0076904,0,0,0,0.037226278334856,0,1
7645,2023/2/19 08:22:32,0,0,0,0,-418.0271301,-418.0487366,-418.0076904,0,0,0,0.037226278334856,0,1
7646,2023/2/19 08:22:36,0,0,0,0,-418.0271301,-418.0487366,-418.0076904,0,0,0,0.037226278334856,0,1
7647,2023/2/19 08:22:40,0,0,0,0,-418.0271301,-418.0487366,-418.0076904,0,0,0,0.037226278334856,0,1
7648,2023/2/19 08:22:44,0,0,0,0,-418.0271301,-418.0487366,-418.0076904,0,0,0,0.037226278334856,0,1
7649,2023/2/19 08:22:48,0,0,0,0,-418.0271301,-418.0487366,-418.0076904,0,0,0,0.037226278334856,0,1
7650,2023/2/19 08:22:52,0,0,0,0,-418.0271301,-418.0487366,-418.0076904,0,0,0,0.037226278334856,0,1
7651,2023/2/19 08:22:56,0,0,0,0,-418.0271301,-418.0487366,-418.0076904,0,0,0,0.037226278334856,0,1
7652,2023/2/19 08:23:00,0,0,0,0,-418.0271301,-418.0487366,-418.0076904,0,0,0,0.037226278334856,0,1
7653,2023/2/19 08:23:04,0,0,0,0,-418.0271301,-418.0487366,-418.0076904,0,0,0,0.037226278334856,0,1
7654,2023/2/19 08:23:08,0,0,0,0,-418.0271301,-418.0487366,-418.0076904,0,0,0,0.037226278334856,0,1
7655,2023/2/19 08:23:12,0,0,0,0,-418.0271301,-418.0487366,-418.0076904,0,0,0,0.037226278334856,0,1
7656,2023/2/19 08:23:16,0,0,0,0,-418.0271301,-418.0487366,-418.0076904,0,0,0,0.037226278334856,0,1
7657,2023/2/19 08:23:20,0,0,0,0,-418.0271301,-418.0487366,-418.0076904,0,0,0,0.037226278334856,0,1
7658,2023/2/19 08:23:24,0,0,0,0,-418.0271301,-418.0487366,-418.0076904,0,0,0,0.037226278334856,0,1
7659,2023/2/19 08:23:28,0,0,0,0,-418.0271301,-418.0487366,-418.0076904,0,0,0,0.037226278334856,0,1
7660,2023/2/19 08:23:32,0,0,0,0,-418.0271301,-418.0487366,-418.0076904,0,0,0,0.037226278334856,0,1
7661,2023/2/19 08:23:36,0,0,0,0,-418.0271301,-418.0487366,-418.0076904,0,0,0,0.037226278334856,0,1
7662,2023/2/19 08:23:40,0,0,0,0,-418.0271301,-418.0487366,-418.0076904,0,0,0,0.037226278334856,0,1
7663,2023/2/19 08:23:44,0,0,0,0,-418.0271301,-418.0487366,-418.0076904,0,0,0,0.037226278334856,0,1
7664,2023/2/19 08:23:48,0,0,0,0,-418.0271301,-418.0487366,-418.0076904,0,0,0,0.037226278334856,0,1
7665,2023/2/19 08:23:52,0,0,0,0,-418.0271301,-418.0487366,-418.0076904,0,0,0,0.037226278334856,0,1
7666,2023/2/19 08:23:56,0,0,0,0,-418.0271301,-418.0487366,-418.0076904,0,0,0,0.037226278334856,0,1
7667,2023/2/19 08:24:00,0,0,0,0,-418.0271301,-418.0487366,-418.0076904,0,0,0,0.037226278334856,0,1
7668,2023/2/19 08:24:04,0,0,0,0,-418.0271301,-418.0487366,-418.0076904,0,0,0,0.037226278334856,0,1
7669,2023/2/19 08:24:08,0,0,0,0,-418.0271301,-418.0487366,-418.0076904,0,0,0,0.037226278334856,0,1
7670,2023/2/19 08:24:12,0,0,0,0,-418.0271301,-418.0487366,-418.0076904,0,0,0,0.037226278334856,0,1
7671,2023/2/19 08:24:16,0,0,0,0,-418.0271301,-418.0487366,-418.0076904,0,0,0,0.037226278334856,0,1
7672,2023/2/19 08:24:20,0,0,0,0,-418.0271301,-418.0487366,-418.0076904,0,0,0,0.037226278334856,0,1
7673,2023/2/19 08:24:24,0,0,0,0,-418.0271301,-418.0487366,-418.0076904,0,0,0,0.037226278334856,0,1
7674,2023/2/19 08:24:28,0,0,0,0,-418.0271301,-418.0487366,-418.0076904,0,0,0,0.037226278334856,0,1
7675,2023/2/19 08:24:32,0,0,0,0,-418.0271301,-418.0487366,-418.0076904,0,0,0,0.037226278334856,0,1
7676,2023/2/19 08:24:36,0,0,0,0,-418.0271301,-418.0487366,-418.0076904,0,0,0,0.037226278334856,0,1
7677,2023/2/19 08:24:40,0,0,0,0,-418.0271301,-418.0487366,-418.0076904,0,0,0,0.037226278334856,0,1
7678,2023/2/19 08:24:44,0,0,0,0,-418.0271301,-418.0487366,-418.0076904,0,0,0,0.037226278334856,0,1
7679,2023/2/19 08:24:48,0,0,0,0,-418.0271301,-418.0487366,-418.0076904,0,0,0,0.037226278334856,0,1
7680,2023/2/19 08:24:52,0,0,0,0,-418.0271301,-418.0487366,-418.0076904,0,0,0,0.037226278334856,0,1
7681,2023/2/19 08:24:56,0,0,0,0,-418.0271301,-418.0487366,-418.0076904,0,0,0,0.037226278334856,0,1
7682,2023/2/19 08:25:00,0,0,0,0,-418.0271301,-418.0487366,-418.0076904,0,0,0,0.037226278334856,0,1
7683,2023/2/19 08:25:04,0,0,0,0,-418.0271301,-418.0487366,-418.0076904,0,0,0,0.037226278334856,0,1
7684,2023/2/19 08:25:08,0,0,0,0,-418.0271301,-418.0487366,-418.0076904,0,0,0,0.037226278334856,0,1
7685,2023/2/19 08:25:12,0,0,0,0,-418.0271301,-418.0487366,-418.0076904,0,0,0,0.037226278334856,0,1
7686,2023/2/19 08:25:16,0,0,0,0,-418.0271301,-418.0487366,-418.0076904,0,0,0,0.037226278334856,0,1
7687,2023/2/19 08:25:20,0,0,0,0,-418.0271301,-418.0487366,-418.0076904,0,0,0,0.037226278334856,0,1
7688,2023/2/19 08:25:24,0,0,0,0,-418.0271301,-418.0487366,-418.0076904,0,0,0,0.037226278334856,0,1
7689,2023/2/19 08:25:28,0,0,0,0,-418.0271301,-418.0487366,-418.0076904,0,0,0,0.037226278334856,0,1
7690,2023/2/19 08:25:32,0,0,0,0,-418.0271301,-418.0487366,-418.0076904,0,0,0,0.037226278334856,0,1
7691,2023/2/19 08:25:36,0,0,0,0,-418.0271301,-418.0487366,-418.0076904,0,0,0,0.037226278334856,0,1
7692,2023/2/19 08:25:40,0,0,0,0,-418.0271301,-418.0487366,-418.0076904,0,0,0,0.037226278334856,0,1
7693,2023/2/19 08:25:44,0,0,0,0,-418.0271301,-418.0487366,-418.0076904,0,0,0,0.037226278334856,0,1
7694,2023/2/19 08:25:48,0,0,0,0,-418.0271301,-418.0487366,-418.0076904,0,0,0,0.037226278334856,0,1
7695,2023/2/19 08:25:52,0,0,0,0,-418.0271301,-418.0487366,-418.0076904,0,0,0,0.037226278334856,0,1
7696,2023/2/19 08:25:56,0,0,0,0,-418.0271301,-418.0487366,-418.0076904,0,0,0,0.037226278334856,0,1
7697,2023/2/19 08:26:00,0,0,0,0,-418.0271301,-418.0487366,-418.0076904,0,0,0,0.037226278334856,0,1
7698,2023/2/19 08:26:04,0,0,0,0,-418.0271301,-418.0487366,-418.0076904,0,0,0,0.037226278334856,0,1
7699,2023/2/19 08:26:08,0,0,0,0,-418.0271301,-418.0487366,-418.0076904,0,0,0,0.037226278334856,0,1
7700,2023/2/19 08:26:12,0,0,0,0,-418.0271301,-418.0487366,-418.0076904,0,0,0,0.037226278334856,0,1
7701,2023/2/19 08:26:16,0,0,0,0,-418.0271301,-418.0487366,-418.0076904,0,0,0,0.037226278334856,0,1
7702,2023/2/19 08:26:20,0,0,0,0,-418.0271301,-418.0487366,-418.0076904,0,0,0,0.037226278334856,0,1
7703,2023/2/19 08:26:24,0,0,0,0,-418.0271301,-418.0487366,-418.0076904,0,0,0,0.037226278334856,0,1
7704,2023/2/19 08:26:28,0,0,0,0,-418.0271301,-418.0487366,-418.0076904,0,0,0,0.037226278334856,0,1
7705,2023/2/19 08:26:32,0,0,0,0,-418.0271301,-418.0487366,-418.0076904,0,0,0,0.037226278334856,0,1
7706,2023/2/19 08:26:36,0,0,0,0,-418.0271301,-418.0487366,-418.0076904,0,0,0,0.037226278334856,0,1
7707,2023/2/19 08:26:40,0,0,0,0,-418.0271301,-418.0487366,-418.0076904,0,0,0,0.037226278334856,0,1
7708,2023/2/19 08:26:44,0,0,0,0,-418.0271301,-418.0487366,-418.0076904,0,0,0,0.037226278334856,0,1
7709,2023/2/19 08:26:48,0,0,0,0,-418.0271301,-418.0487366,-418.0076904,0,0,0,0.037226278334856,0,1
7710,2023/2/19 08:26:52,0,0,0,0,-418.0271301,-418.0487366,-418.0076904,0,0,0,0.037226278334856,0,1
7711,2023/2/19 08:26:56,0,0,0,0,-418.0271301,-418.0487366,-418.0076904,0,0,0,0.037226278334856,0,1
7712,2023/2/19 08:27:00,0,0,0,0,-418.0271301,-418.0487366,-418.0076904,0,0,0,0.037226278334856,0,1
7713,2023/2/19 08:27:04,0,0,0,0,-418.0271301,-418.0487366,-418.0076904,0,0,0,0.037226278334856,0,1
7714,2023/2/19 08:27:08,0,0,0,0,-418.0271301,-418.0487366,-418.0076904,0,0,0,0.037226278334856,0,1
7715,2023/2/19 08:27:12,0,0,0,0,-418.0271301,-418.0487366,-418.0076904,0,0,0,0.037226278334856,0,1
7716,2023/2/19 08:27:16,0,0,0,0,-418.0271301,-418.0487366,-418.0076904,0,0,0,0.037226278334856,0,1
7717,2023/2/19 08:27:20,0,0,0,0,-418.0271301,-418.0487366,-418.0076904,0,0,0,0.037226278334856,0,1
7718,2023/2/19 08:27:24,0,0,0,0,-418.0271301,-418.0487366,-418.0076904,0,0,0,0.037226278334856,0,1
7719,2023/2/19 08:27:28,0,0,0,0,-418.0271301,-418.0487366,-418.0076904,0,0,0,0.037226278334856,0,1
7720,2023/2/19 08:27:32,0,0,0,0,-418.0271301,-418.0487366,-418.0076904,0,0,0,0.037226278334856,0,1
7721,2023/2/19 08:27:36,0,0,0,0,-418.0271301,-418.0487366,-418.0076904,0,0,0,0.037226278334856,0,1
7722,2023/2/19 08:27:40,0,0,0,0,-418.0271301,-418.0487366,-418.0076904,0,0,0,0.037226278334856,0,1
7723,2023/2/19 08:27:44,0,0,0,0,-418.0271301,-418.0487366,-418.0076904,0,0,0,0.037226278334856,0,1
7724,2023/2/19 08:27:48,0,0,0,0,-418.0271301,-418.0487366,-418.0076904,0,0,0,0.037226278334856,0,1
7725,2023/2/19 08:27:52,0,0,0,0,-418.0271301,-418.0487366,-418.0076904,0,0,0,0.037226278334856,0,1
7726,2023/2/19 08:27:56,0,0,0,0,-418.0271301,-418.0487366,-418.0076904,0,0,0,0.037226278334856,0,1
7727,2023/2/19 08:28:00,0,0,0,0,-418.0271301,-418.0487366,-418.0076904,0,0,0,0.037226278334856,0,1
7728,2023/2/19 08:28:04,0,0,0,0,-418.0271301,-418.0487366,-418.0076904,0,0,0,0.037226278334856,0,1
7729,2023/2/19 08:28:08,0,0,0,0,-418.0271301,-418.0487366,-418.0076904,0,0,0,0.037226278334856,0,1
7730,2023/2/19 08:28:12,0,0,0,0,-418.0271301,-418.0487366,-418.0076904,0,0,0,0.037226278334856,0,1
7731,2023/2/19 08:28:16,0,0,0,0,-418.0271301,-418.0487366,-418.0076904,0,0,0,0.037226278334856,0,1
7732,2023/2/19 08:28:20,0,0,0,0,-418.0271301,-418.0487366,-418.0076904,0,0,0,0.037226278334856,0,1
7733,2023/2/19 08:28:24,0,0,0,0,-418.0271301,-418.0487366,-418.0076904,0,0,0,0.037226278334856,0,1
7734,2023/2/19 08:28:28,0,0,0,0,-418.0271301,-418.0487366,-418.0076904,0,0,0,0.037226278334856,0,1
7735,2023/2/19 08:28:32,0,0,0,0,-418.0271301,-418.0487366,-418.0076904,0,0,0,0.037226278334856,0,1
7736,2023/2/19 08:28:36,0,0,0,0,-418.0271301,-418.0487366,-418.0076904,0,0,0,0.037226278334856,0,1
7737,2023/2/19 08:28:40,0,0,0,0,-418.0271301,-418.0487366,-418.0076904,0,0,0,0.037226278334856,0,1
7738,2023/2/19 08:28:44,0,0,0,0,-418.0271301,-418.0487366,-418.0076904,0,0,0,0.037226278334856,0,1
7739,2023/2/19 08:28:48,0,0,0,0,-418.0271301,-418.0487366,-418.0076904,0,0,0,0.037226278334856,0,1
7740,2023/2/19 08:28:52,0,0,0,0,-418.0271301,-418.0487366,-418.0076904,0,0,0,0.037226278334856,0,1
7741,2023/2/19 08:28:56,0,0,0,0,-418.0271301,-418.0487366,-418.0076904,0,0,0,0.037226278334856,0,1
7742,2023/2/19 08:29:00,0,0,0,0,-418.0271301,-418.0487366,-418.0076904,0,0,0,0.037226278334856,0,1
7743,2023/2/19 08:29:04,0,0,0,0,-418.0271301,-418.0487366,-418.0076904,0,0,0,0.037226278334856,0,1
7744,2023/2/19 08:29:08,0,0,0,0,-418.0271301,-418.0487366,-418.0076904,0,0,0,0.037226278334856,0,1
7745,2023/2/19 08:29:12,0,0,0,0,-418.0271301,-418.0487366,-418.0076904,0,0,0,0.037226278334856,0,1
7746,2023/2/19 08:29:16,0,0,0,0,-418.0271301,-418.0487366,-418.0076904,0,0,0,0.037226278334856,0,1
7747,2023/2/19 08:29:20,0,0,0,0,-418.0271301,-418.0487366,-418.0076904,0,0,0,0.037226278334856,0,1
7748,2023/2/19 08:29:24,0,0,0,0,-418.0271301,-418.0487366,-418.0076904,0,0,0,0.037226278334856,0,1
7749,2023/2/19 08:29:28,0,0,0,0,-418.0271301,-418.0487366,-418.0076904,0,0,0,0.037226278334856,0,1
7750,2023/2/19 08:29:32,0,0,0,0,-418.0271301,-418.0487366,-418.0076904,0,0,0,0.037226278334856,0,1
7751,2023/2/19 08:29:36,0,0,0,0,-418.0271301,-418.0487366,-418.0076904,0,0,0,0.037226278334856,0,1
7752,2023/2/19 08:29:40,0,0,0,0,-418.0271301,-418.0487366,-418.0076904,0,0,0,0.037226278334856,0,1
7753,2023/2/19 08:29:44,0,0,0,0,-418.0271301,-418.0487366,-418.0076904,0,0,0,0.037226278334856,0,1
7754,2023/2/19 08:29:48,0,0,0,0,-418.0271301,-418.0487366,-418.0076904,0,0,0,0.037226278334856,0,1
7755,2023/2/19 08:29:52,0,0,0,0,-418.0271301,-418.0487366,-418.0076904,0,0,0,0.037226278334856,0,1
7756,2023/2/19 08:29:56,0,0,0,0,-418.0271301,-418.0487366,-418.0076904,0,0,0,0.037226278334856,0,1
7757,2023/2/19 08:30:00,0,0,0,0,-418.0271301,-418.0487366,-418.0076904,0,0,0,0.037226278334856,0,1
7758,2023/2/19 08:30:04,0,0,0,0,-418.0271301,-418.0487366,-418.0076904,0,0,0,0.037226278334856,0,1
7759,2023/2/19 08:30:08,0,0,0,0,-418.0271301,-418.0487366,-418.0076904,0,0,0,0.037226278334856,0,1
7760,2023/2/19 08:30:12,0,0,0,0,-418.0271301,-418.0487366,-418.0076904,0,0,0,0.037226278334856,0,1
7761,2023/2/19 08:30:16,0,0,0,0,-418.0271301,-418.0487366,-418.0076904,0,0,0,0.037226278334856,0,1
7762,2023/2/19 08:30:20,0,0,0,0,-418.0271301,-418.0487366,-418.0076904,0,0,0,0.037226278334856,0,1
7763,2023/2/19 08:30:24,0,0,0,0,-418.0271301,-418.0487366,-418.0076904,0,0,0,0.037226278334856,0,1
7764,2023/2/19 08:30:28,0,0,0,0,-418.0271301,-418.0487366,-418.0076904,0,0,0,0.037226278334856,0,1
7765,2023/2/19 08:30:32,0,0,0,0,-418.0271301,-418.0487366,-418.0076904,0,0,0,0.037226278334856,0,1
7766,2023/2/19 08:30:36,0,0,0,0,-418.0271301,-418.0487366,-418.0076904,0,0,0,0.037226278334856,0,1
7767,2023/2/19 08:30:40,0,0,0,0,-418.0271301,-418.0487366,-418.0076904,0,0,0,0.037226278334856,0,1
7768,2023/2/19 08:30:44,0,0,0,0,-418.0271301,-418.0487366,-418.0076904,0,0,0,0.037226278334856,0,1
7769,2023/2/19 08:30:48,0,0,0,0,-418.0271301,-418.0487366,-418.0076904,0,0,0,0.037226278334856,0,1
7770,2023/2/19 08:30:52,0,0,0,0,-418.0271301,-418.0487366,-418.0076904,0,0,0,0.037226278334856,0,1
7771,2023/2/19 08:30:56,0,0,0,0,-418.0271301,-418.0487366,-418.0076904,0,0,0,0.037226278334856,0,1
7772,2023/2/19 08:31:00,0,0,0,0,-418.0271301,-418.0487366,-418.0076904,0,0,0,0.037226278334856,0,1
7773,2023/2/19 08:31:04,0,0,0,0,-418.0271301,-418.0487366,-418.0076904,0,0,0,0.037226278334856,0,1
7774,2023/2/19 08:31:08,0,0,0,0,-418.0271301,-418.0487366,-418.0076904,0,0,0,0.037226278334856,0,1
7775,2023/2/19 08:31:12,0,0,0,0,-418.0271301,-418.0487366,-418.0076904,0,0,0,0.037226278334856,0,1
7776,2023/2/19 08:31:16,0,0,0,0,-418.0271301,-418.0487366,-418.0076904,0,0,0,0.037226278334856,0,1
7777,2023/2/19 08:31:20,0,0,0,0,-418.0271301,-418.0487366,-418.0076904,0,0,0,0.037226278334856,0,1
7778,2023/2/19 08:31:24,0,0,0,0,-418.0271301,-418.0487366,-418.0076904,0,0,0,0.037226278334856,0,1
7779,2023/2/19 08:31:28,0,0,0,0,-418.0271301,-418.0487366,-418.0076904,0,0,0,0.037226278334856,0,1
7780,2023/2/19 08:31:32,0,0,0,0,-418.0271301,-418.0487366,-418.0076904,0,0,0,0.037226278334856,0,1
7781,2023/2/19 08:31:36,0,0,0,0,-418.0271301,-418.0487366,-418.0076904,0,0,0,0.037226278334856,0,1
7782,2023/2/19 08:31:40,0,0,0,0,-418.0271301,-418.0487366,-418.0076904,0,0,0,0.037226278334856,0,1
7783,2023/2/19 08:31:44,0,0,0,0,-418.0271301,-418.0487366,-418.0076904,0,0,0,0.037226278334856,0,1
7784,2023/2/19 08:31:48,0,0,0,0,-418.0271301,-418.0487366,-418.0076904,0,0,0,0.037226278334856,0,1
7785,2023/2/19 08:31:52,0,0,0,0,-418.0271301,-418.0487366,-418.0076904,0,0,0,0.037226278334856,0,1
7786,2023/2/19 08:31:56,0,0,0,0,-418.0271301,-418.0487366,-418.0076904,0,0,0,0.037226278334856,0,1
7787,2023/2/19 08:32:00,0,0,0,0,-418.0271301,-418.0487366,-418.0076904,0,0,0,0.037226278334856,0,1
7788,2023/2/19 08:32:04,0,0,0,0,-418.0271301,-418.0487366,-418.0076904,0,0,0,0.037226278334856,0,1
7789,2023/2/19 08:32:08,0,0,0,0,-418.0271301,-418.0487366,-418.0076904,0,0,0,0.037226278334856,0,1
7790,2023/2/19 08:32:12,0,0,0,0,-418.0271301,-418.0487366,-418.0076904,0,0,0,0.037226278334856,0,1
7791,2023/2/19 08:32:16,0,0,0,0,-418.0271301,-418.0487366,-418.0076904,0,0,0,0.037226278334856,0,1
7792,2023/2/19 08:32:20,0,0,0,0,-418.0271301,-418.0487366,-418.0076904,0,0,0,0.037226278334856,0,1
7793,2023/2/19 08:32:24,0,0,0,0,-418.0271301,-418.0487366,-418.0076904,0,0,0,0.037226278334856,0,1
7794,2023/2/19 08:32:28,0,0,0,0,-418.0271301,-418.0487366,-418.0076904,0,0,0,0.037226278334856,0,1
7795,2023/2/19 08:32:32,0,0,0,0,-418.0271301,-418.0487366,-418.0076904,0,0,0,0.037226278334856,0,1
7796,2023/2/19 08:32:36,0,0,0,0,-418.0271301,-418.0487366,-418.0076904,0,0,0,0.037226278334856,0,1
7797,2023/2/19 08:32:40,0,0,0,0,-418.0271301,-418.0487366,-418.0076904,0,0,0,0.037226278334856,0,1
7798,2023/2/19 08:32:44,0,0,0,0,-418.0271301,-418.0487366,-418.0076904,0,0,0,0.037226278334856,0,1
7799,2023/2/19 08:32:48,0,0,0,0,-418.0271301,-418.0487366,-418.0076904,0,0,0,0.037226278334856,0,1
7800,2023/2/19 08:32:52,0,0,0,0,-418.0271301,-418.0487366,-418.0076904,0,0,0,0.037226278334856,0,1
7801,2023/2/19 08:32:56,0,0,0,0,-418.0271301,-418.0487366,-418.0076904,0,0,0,0.037226278334856,0,1
7802,2023/2/19 08:33:00,0,0,0,0,-418.0271301,-418.0487366,-418.0076904,0,0,0,0.037226278334856,0,1
7803,2023/2/19 08:33:04,0,0,0,0,-418.0271301,-418.0487366,-418.0076904,0,0,0,0.037226278334856,0,1
7804,2023/2/19 08:33:08,0,0,0,0,-418.0271301,-418.0487366,-418.0076904,0,0,0,0.037226278334856,0,1
7805,2023/2/19 08:33:12,0,0,0,0,-418.0271301,-418.0487366,-418.0076904,0,0,0,0.037226278334856,0,1
7806,2023/2/19 08:33:16,0,0,0,0,-418.0271301,-418.0487366,-418.0076904,0,0,0,0.037226278334856,0,1
7807,2023/2/19 08:33:20,0,0,0,0,-418.0271301,-418.0487366,-418.0076904,0,0,0,0.037226278334856,0,1
7808,2023/2/19 08:33:24,0,0,0,0,-418.0271301,-418.0487366,-418.0076904,0,0,0,0.037226278334856,0,1
7809,2023/2/19 08:33:28,0,0,0,0,-418.0271301,-418.0487366,-418.0076904,0,0,0,0.037226278334856,0,1
7810,2023/2/19 08:33:32,0,0,0,0,-418.0271301,-418.0487366,-418.0076904,0,0,0,0.037226278334856,0,1
7811,2023/2/19 08:33:36,0,0,0,0,-418.0271301,-418.0487366,-418.0076904,0,0,0,0.037226278334856,0,1
7812,2023/2/19 08:33:40,0,0,0,0,-418.0271301,-418.0487366,-418.0076904,0,0,0,0.037226278334856,0,1
7813,2023/2/19 08:33:44,0,0,0,0,-418.0271301,-418.0487366,-418.0076904,0,0,0,0.037226278334856,0,1
7814,2023/2/19 08:33:48,0,0,0,0,-418.0271301,-418.0487366,-418.0076904,0,0,0,0.037226278334856,0,1
7815,2023/2/19 08:33:52,0,0,0,0,-418.0271301,-418.0487366,-418.0076904,0,0,0,0.037226278334856,0,1
7816,2023/2/19 08:33:56,0,0,0,0,-418.0271301,-418.0487366,-418.0076904,0,0,0,0.037226278334856,0,1
7817,2023/2/19 08:34:00,0,0,0,0,-418.0271301,-418.0487366,-418.0076904,0,0,0,0.037226278334856,0,1
7818,2023/2/19 08:34:04,0,0,0,0,-418.0271301,-418.0487366,-418.0076904,0,0,0,0.037226278334856,0,1
7819,2023/2/19 08:34:08,0,0,0,0,-418.0271301,-418.0487366,-418.0076904,0,0,0,0.037226278334856,0,1
7820,2023/2/19 08:34:12,0,0,0,0,-418.0271301,-418.0487366,-418.0076904,0,0,0,0.037226278334856,0,1
7821,2023/2/19 08:34:16,0,0,0,0,-418.0271301,-418.0487366,-418.0076904,0,0,0,0.037226278334856,0,1
7822,2023/2/19 08:34:20,0,0,0,0,-418.0271301,-418.0487366,-418.0076904,0,0,0,0.0558394193649292,0,1
7823,2023/2/19 08:34:24,0,0,0,0,-418.0271301,-418.0487366,-418.0076904,0,0,0,0.037226278334856,0,1
7824,2023/2/19 08:34:28,0,0,0,0,-418.0271301,-418.0487366,-418.0076904,0,0,0,0.037226278334856,0,1
7825,2023/2/19 08:34:32,0,0,0,0,-418.0271301,-418.0487366,-418.0076904,0,0,0,0.037226278334856,0,1
7826,2023/2/19 08:34:36,0,0,0,0,-418.0271301,-418.0487366,-418.0076904,0,0,0,0.037226278334856,0,1
7827,2023/2/19 08:34:40,0,0,0,0,-418.0271301,-418.0487366,-418.0076904,0,0,0,0.037226278334856,0,1
7828,2023/2/19 08:34:44,0,0,0,0,-418.0271301,-418.0487366,-418.0076904,0,0,0,0.037226278334856,0,1
7829,2023/2/19 08:34:48,0,0,0,0,-418.0271301,-418.0487366,-418.0076904,0,0,0,0.037226278334856,0,1
7830,2023/2/19 08:34:52,0,0,0,0,-418.0271301,-418.0487366,-418.0076904,6.66666650772095,0,0,0.037226278334856,0,1
7831,2023/2/19 08:34:56,0,0,0,0,-418.0271301,-418.0487366,-418.0076904,0,0,0,0.037226278334856,0,1
7832,2023/2/19 08:35:00,0,0,0,0,-418.0271301,-418.0487366,-418.0076904,0,0,0,0.037226278334856,0,1
7833,2023/2/19 08:35:04,0,0,0,0,-418.0271301,-418.0487366,-418.0076904,0,0,0,0.037226278334856,0,1
7834,2023/2/19 08:35:08,0,0,0,0,-418.0271301,-418.0487366,-418.0076904,0,0,0,0.037226278334856,0,1
7835,2023/2/19 08:35:12,0,0,0,0,-418.0271301,-418.0487366,-418.0076904,0,0,0,0.037226278334856,0,1
7836,2023/2/19 08:35:16,0,0,0,0,-418.0271301,-418.0487366,-418.0076904,0,0,0,0.037226278334856,0,1
7837,2023/2/19 08:35:20,0,0,0,0,-418.0271301,-418.0487366,-418.0076904,0,0,0,0.037226278334856,0,1
7838,2023/2/19 08:35:24,0,0,0,0,-418.0271301,-418.0487366,-418.0076904,0,0,0,0.037226278334856,0,1
7839,2023/2/19 08:35:28,0,0,0,0,-418.0271301,-418.0487366,-418.0076904,0,0,0,0.037226278334856,0,1
7840,2023/2/19 08:35:32,0,0,0,0,-418.0271301,-418.0487366,-418.0076904,0,0,0,0.037226278334856,0,1
7841,2023/2/19 08:35:36,0,0,0,0,-418.0271301,-418.0487366,-418.0076904,0,0,0,0.037226278334856,0,1
7842,2023/2/19 08:35:40,0,0,0,0,-418.0271301,-418.0487366,-418.0076904,0,0,0,0.037226278334856,0,1
7843,2023/2/19 08:35:44,0,0,0,0,-418.0271301,-418.0487366,-418.0076904,0,0,0,0.037226278334856,0,1
7844,2023/2/19 08:35:48,0,0,0,0,-418.0271301,-418.0487366,-418.0076904,0,0,0,0.037226278334856,0,1
7845,2023/2/19 08:35:52,0,0,0,0,-418.0271301,-418.0487366,-418.0076904,0,0,0,0.037226278334856,0,1
7846,2023/2/19 08:35:56,0,0,0,0,-418.0271301,-418.0487366,-418.0076904,0,0,0,0.037226278334856,0,1
7847,2023/2/19 08:36:00,0,0,0,0,-418.0271301,-418.0487366,-418.0076904,0,0,0,0.037226278334856,0,1
7848,2023/2/19 08:36:04,0,0,0,0,-418.0271301,-418.0487366,-418.0076904,0,0,0,0.037226278334856,0,1
7849,2023/2/19 08:36:08,0,0,0,0,-418.0271301,-418.0487366,-418.0076904,0,0,0,0.037226278334856,0,1
7850,2023/2/19 08:36:12,0,0,0,0,-418.0271301,-418.0487366,-418.0076904,0,0,0,0.037226278334856,0,1
7851,2023/2/19 08:36:16,0,0,0,0,-418.0271301,-418.0487366,-418.0076904,0,0,0,0.037226278334856,0,1
7852,2023/2/19 08:36:20,0,0,0,0,-418.0271301,-418.0487366,-418.0076904,0,0,0,0.037226278334856,0,1
7853,2023/2/19 08:36:24,0,0,0,0,-418.0271301,-418.0487366,-418.0076904,0,0,0,0.037226278334856,0,1
7854,2023/2/19 08:36:28,0,0,0,0,-418.0271301,-418.0487366,-418.0076904,0,0,0,0.037226278334856,0,1
7855,2023/2/19 08:36:32,0,0,0,0,-418.0271301,-418.0487366,-418.0076904,0,0,0,0.037226278334856,0,1
7856,2023/2/19 08:36:36,0,0,0,0,-418.0271301,-418.0487366,-418.0076904,0,0,0,0.037226278334856,0,1
7857,2023/2/19 08:36:40,0,0,0,0,-418.0271301,-418.0487366,-418.0076904,0,0,0,0.037226278334856,0,1
7858,2023/2/19 08:36:44,0,0,0,0,-418.0271301,-418.0487366,-418.0076904,0,0,0,0.037226278334856,0,1
7859,2023/2/19 08:36:48,0,0,0,0,-418.0271301,-418.0487366,-418.0076904,0,0,0,0.037226278334856,0,1
7860,2023/2/19 08:36:52,0,0,0,0,-418.0271301,-418.0487366,-418.0076904,0,0,0,0.037226278334856,0,1
7861,2023/2/19 08:36:56,0,0,0,0,-418.0271301,-418.0487366,-418.0076904,0,0,0,0.037226278334856,0,1
7862,2023/2/19 08:37:00,0,0,0,0,-418.0271301,-418.0487366,-418.0076904,0,0,0,0.037226278334856,0,1
7863,2023/2/19 08:37:04,0,0,0,0,-418.0271301,-418.0487366,-418.0076904,0,0,0,0.037226278334856,0,1
7864,2023/2/19 08:37:08,0,0,0,0,-418.0271301,-418.0487366,-418.0076904,0,0,0,0.037226278334856,0,1
7865,2023/2/19 08:37:12,0,0,0,0,-418.0271301,-418.0487366,-418.0076904,0,0,0,0.037226278334856,0,1
7866,2023/2/19 08:37:16,0,0,0,0,-418.0271301,-418.0487366,-418.0076904,0,0,0,0.037226278334856,0,1
7867,2023/2/19 08:37:20,0,0,0,0,-418.0271301,-418.0487366,-418.0076904,0,0,0,0.037226278334856,0,1
7868,2023/2/19 08:37:24,0,0,0,0,-418.0271301,-418.0487366,-418.0076904,0,0,0,0.037226278334856,0,1
7869,2023/2/19 08:37:28,0,0,0,0,-418.0271301,-418.0487366,-418.0076904,0,0,0,0.037226278334856,0,1
7870,2023/2/19 08:37:32,0,0,0,0,-418.0271301,-418.0487366,-418.0076904,0,0,0,0.037226278334856,0,1
7871,2023/2/19 08:37:36,0,0,0,0,-418.0271301,-418.0487366,-418.0076904,0,0,0,0.037226278334856,0,1
7872,2023/2/19 08:37:40,0,0,0,0,-418.0271301,-418.0487366,-418.0076904,0,0,0,0.037226278334856,0,1
7873,2023/2/19 08:37:44,0,0,0,0,-418.0271301,-418.0487366,-418.0076904,0,0,0,0.037226278334856,0,1
7874,2023/2/19 08:37:48,0,0,0,0,-418.0271301,-418.0487366,-418.0076904,0,0,0,0.037226278334856,0,1
7875,2023/2/19 08:37:52,0,0,0,0,-418.0271301,-418.0487366,-418.0076904,0,0,0,0.037226278334856,0,1
7876,2023/2/19 08:37:56,0,0,0,0,-418.0271301,-418.0487366,-418.0076904,0,0,0,0.037226278334856,0,1
7877,2023/2/19 08:38:00,0,0,0,0,-418.0271301,-418.0487366,-418.0076904,0,0,0,0.037226278334856,0,1
7878,2023/2/19 08:38:04,0,0,0,0,-418.0271301,-418.0487366,-418.0076904,0,0,0,0.037226278334856,0,1
7879,2023/2/19 08:38:08,0,0,0,0,-418.0271301,-418.0487366,-418.0076904,0,0,0,0.037226278334856,0,1
7880,2023/2/19 08:38:12,0,0,0,0,-418.0271301,-418.0487366,-418.0076904,0,0,0,0.037226278334856,0,1
7881,2023/2/19 08:38:16,0,0,0,0,-418.0271301,-418.0487366,-418.0076904,0,0,0,0.037226278334856,0,1
7882,2023/2/19 08:38:20,0,0,0,0,-418.0271301,-418.0487366,-418.0076904,0,0,0,0.037226278334856,0,1
7883,2023/2/19 08:38:24,0,0,0,0,-418.0271301,-418.0487366,-418.0076904,0,0,0,0.037226278334856,0,1
7884,2023/2/19 08:38:28,0,0,0,0,-418.0271301,-418.0487366,-418.0076904,0,0,0,0.037226278334856,0,1
7885,2023/2/19 08:38:32,0,0,0,0,-418.0271301,-418.0487366,-418.0076904,0,0,0,0.037226278334856,0,1
7886,2023/2/19 08:38:36,0,0,0,0,-418.0271301,-418.0487366,-418.0076904,0,0,0,0.037226278334856,0,1
7887,2023/2/19 08:38:40,0,0,0,0,-418.0271301,-418.0487366,-418.0076904,0,0,0,0.037226278334856,0,1
7888,2023/2/19 08:38:44,0,0,0,0,-418.0271301,-418.0487366,-418.0076904,0,0,0,0.037226278334856,0,1
7889,2023/2/19 08:38:48,0,0,0,0,-418.0271301,-418.0487366,-418.0076904,0,0,0,0.037226278334856,0,1
7890,2023/2/19 08:38:52,0,0,0,0,-418.0271301,-418.0487366,-418.0076904,0,0,0,0.037226278334856,0,1
7891,2023/2/19 08:38:56,0,0,0,0,-418.0271301,-418.0487366,-418.0076904,0,0,0,0.037226278334856,0,1
7892,2023/2/19 08:39:00,0,0,0,0,-418.0271301,-418.0487366,-418.0076904,0,0,0,0.037226278334856,0,1
7893,2023/2/19 08:39:04,0,0,0,0,-418.0271301,-418.0487366,-418.0076904,0,0,0,0.037226278334856,0,1
7894,2023/2/19 08:39:08,0,0,0,0,-418.0271301,-418.0487366,-418.0076904,0,0,0,0.037226278334856,0,1
7895,2023/2/19 08:39:12,0,0,0,0,-418.0271301,-418.0487366,-418.0076904,0,0,0,0.037226278334856,0,1
7896,2023/2/19 08:39:16,0,0,0,0,-418.0271301,-418.0487366,-418.0076904,0,0,0,0.037226278334856,0,1
7897,2023/2/19 08:39:20,0,0,0,0,-418.0271301,-418.0487366,-418.0076904,0,0,0,0.037226278334856,0,1
7898,2023/2/19 08:39:24,0,0,0,0,-418.0271301,-418.0487366,-418.0076904,0,0,0,0.037226278334856,0,1
7899,2023/2/19 08:39:28,0,0,0,0,-418.0271301,-418.0487366,-418.0076904,0,0,0,0.037226278334856,0,1
7900,2023/2/19 08:39:32,0,0,0,0,-418.0271301,-418.0487366,-418.0076904,0,0,0,0.037226278334856,0,1
7901,2023/2/19 08:39:36,0,0,0,0,-418.0271301,-418.0487366,-418.0076904,0,0,0,0.037226278334856,0,1
7902,2023/2/19 08:39:40,0,0,0,0,-418.0271301,-418.0487366,-418.0076904,0,0,0,0.037226278334856,0,1
7903,2023/2/19 08:39:44,0,0,0,0,-418.0271301,-418.0487366,-418.0076904,0,0,0,0.037226278334856,0,1
7904,2023/2/19 08:39:48,0,0,0,0,-418.0271301,-418.0487366,-418.0076904,0,0,0,0.037226278334856,0,1
7905,2023/2/19 08:39:52,0,0,0,0,-418.0271301,-418.0487366,-418.0076904,0,0,0,0.037226278334856,0,1
7906,2023/2/19 08:39:56,0,0,0,0,-418.0271301,-418.0487366,-418.0076904,0,0,0,0.037226278334856,0,1
7907,2023/2/19 08:40:00,0,0,0,0,-418.0271301,-418.0487366,-418.0076904,0,0,0,0.037226278334856,0,1
7908,2023/2/19 08:40:04,0,0,0,0,-418.0271301,-418.0487366,-418.0076904,0,0,0,0.037226278334856,0,1
7909,2023/2/19 08:40:08,0,0,0,0,-418.0271301,-418.0487366,-418.0076904,0,0,0,0.037226278334856,0,1
7910,2023/2/19 08:40:12,0,0,0,0,-418.0271301,-418.0487366,-418.0076904,0,0,0,0.037226278334856,0,1
7911,2023/2/19 08:40:16,0,0,0,0,-418.0271301,-418.0487366,-418.0076904,0,0,0,0.037226278334856,0,1
7912,2023/2/19 08:40:20,0,0,0,0,-418.0271301,-418.0487366,-418.0076904,0,0,0,0.037226278334856,0,1
7913,2023/2/19 08:40:24,0,0,0,0,-418.0271301,-418.0487366,-418.0076904,0,0,0,0.037226278334856,0,1
7914,2023/2/19 08:40:28,0,0,0,0,-418.0271301,-418.0487366,-418.0076904,0,0,0,0.037226278334856,0,1
7915,2023/2/19 08:40:32,0,0,0,0,-418.0271301,-418.0487366,-418.0076904,0,0,0,0.037226278334856,0,1
7916,2023/2/19 08:40:36,0,0,0,0,-418.0271301,-418.0487366,-418.0076904,0,0,0,0.037226278334856,0,1
7917,2023/2/19 08:40:40,0,0,0,0,-418.0271301,-418.0487366,-418.0076904,0,0,0,0.037226278334856,0,1
7918,2023/2/19 08:40:44,0,0,0,0,-418.0271301,-418.0487366,-418.0076904,0,0,0,0.037226278334856,0,1
7919,2023/2/19 08:40:48,0,0,0,0,-418.0271301,-418.0487366,-418.0076904,0,0,0,0.037226278334856,0,1
7920,2023/2/19 08:40:52,0,0,0,0,-418.0271301,-418.0487366,-418.0076904,0,0,0,0.037226278334856,0,1
7921,2023/2/19 08:40:56,0,0,0,0,-418.0271301,-418.0487366,-418.0076904,0,0,0,0.037226278334856,0,1
7922,2023/2/19 08:41:00,0,0,0,0,-418.0271301,-418.0487366,-418.0076904,0,0,0,0.037226278334856,0,1
7923,2023/2/19 08:41:04,0,0,0,0,-418.0271301,-418.0487366,-418.0076904,0,0,0,0.037226278334856,0,1
7924,2023/2/19 08:41:08,0,0,0,0,-418.0271301,-418.0487366,-418.0076904,0,0,0,0.037226278334856,0,1
7925,2023/2/19 08:41:12,0,0,0,0,-418.0271301,-418.0487366,-418.0076904,0,0,0,0.037226278334856,0,1
7926,2023/2/19 08:41:16,0,0,0,0,-418.0271301,-418.0487366,-418.0076904,0,0,0,0.037226278334856,0,1
7927,2023/2/19 08:41:20,0,0,0,0,-418.0271301,-418.0487366,-418.0076904,0,0,0,0.037226278334856,0,1
7928,2023/2/19 08:41:24,0,0,0,0,-418.0271301,-418.0487366,-418.0076904,0,0,0,0.037226278334856,0,1
7929,2023/2/19 08:41:28,0,0,0,0,-418.0271301,-418.0487366,-418.0076904,0,0,0,0.037226278334856,0,1
7930,2023/2/19 08:41:32,0,0,0,0,-418.0271301,-418.0487366,-418.0076904,0,0,0,0.037226278334856,0,1
7931,2023/2/19 08:41:36,0,0,0,0,-418.0271301,-418.0487366,-418.0076904,0,0,0,0.037226278334856,0,1
7932,2023/2/19 08:41:40,0,0,0,0,-418.0271301,-418.0487366,-418.0076904,0,0,0,0.037226278334856,0,1
7933,2023/2/19 08:41:44,0,0,0,0,-418.0271301,-418.0487366,-418.0076904,0,0,0,0.037226278334856,0,1
7934,2023/2/19 08:41:48,0,0,0,0,-418.0271301,-418.0487366,-418.0076904,0,0,0,0.037226278334856,0,1
7935,2023/2/19 08:41:52,0,0,0,0,-418.0271301,-418.0487366,-418.0076904,0,0,0,0.037226278334856,0,1
7936,2023/2/19 08:41:56,0,0,0,0,-418.0271301,-418.0487366,-418.0076904,0,0,0,0.037226278334856,0,1
7937,2023/2/19 08:42:00,0,0,0,0,-418.0271301,-418.0487366,-418.0076904,0,0,0,0.037226278334856,0,1
7938,2023/2/19 08:42:04,0,0,0,0,-418.0271301,-418.0487366,-418.0076904,0,0,0,0.037226278334856,0,1
7939,2023/2/19 08:42:08,0,0,0,0,-418.0271301,-418.0487366,-418.0076904,0,0,0,0.037226278334856,0,1
7940,2023/2/19 08:42:12,0,0,0,0,-418.0271301,-418.0487366,-418.0076904,0,0,0,0.037226278334856,0,1
7941,2023/2/19 08:42:16,0,0,0,0,-418.0271301,-418.0487366,-418.0076904,0,0,0,0.037226278334856,0,1
7942,2023/2/19 08:42:20,0,0,0,0,-418.0271301,-418.0487366,-418.0076904,0,0,0,0.037226278334856,0,1
7943,2023/2/19 08:42:24,0,0,0,0,-418.0271301,-418.0487366,-418.0076904,0,0,0,0.037226278334856,0,1
7944,2023/2/19 08:42:28,0,0,0,0,-418.0271301,-418.0487366,-418.0076904,0,0,0,0.037226278334856,0,1
7945,2023/2/19 08:42:32,0,0,0,0,-418.0271301,-418.0487366,-418.0076904,0,0,0,0.037226278334856,0,1
7946,2023/2/19 08:42:36,0,0,0,0,-418.0271301,-418.0487366,-418.0076904,0,0,0,0.037226278334856,0,1
7947,2023/2/19 08:42:40,0,0,0,0,-418.0271301,-418.0487366,-418.0076904,0,0,0,0.037226278334856,0,1
7948,2023/2/19 08:42:44,0,0,0,0,-418.0271301,-418.0487366,-418.0076904,0,0,0,0.037226278334856,0,1
7949,2023/2/19 08:42:48,0,0,0,0,-418.0271301,-418.0487366,-418.0076904,0,0,0,0.037226278334856,0,1
7950,2023/2/19 08:42:52,0,0,0,0,-418.0271301,-418.0487366,-418.0076904,0,0,0,0.037226278334856,0,1
7951,2023/2/19 08:42:56,0,0,0,0,-418.0271301,-418.0487366,-418.0076904,0,0,0,0.037226278334856,0,1
7952,2023/2/19 08:43:00,0,0,0,0,-418.0271301,-418.0487366,-418.0076904,0,0,0,0.037226278334856,0,1
7953,2023/2/19 08:43:04,0,0,0,0,-418.0271301,-418.0487366,-418.0076904,0,0,0,0.037226278334856,0,1
7954,2023/2/19 08:43:08,0,0,0,0,-418.0271301,-418.0487366,-418.0076904,0,0,0,0.037226278334856,0,1
7955,2023/2/19 08:43:12,0,0,0,0,-418.0271301,-418.0487366,-418.0076904,0,0,0,0.037226278334856,0,1
7956,2023/2/19 08:43:16,0,0,0,0,-418.0271301,-418.0487366,-418.0076904,0,0,0,0.037226278334856,0,1
7957,2023/2/19 08:43:20,0,0,0,0,-418.0271301,-418.0487366,-418.0076904,0,0,0,0.037226278334856,0,1
7958,2023/2/19 08:43:24,0,0,0,0,-418.0271301,-418.0487366,-418.0076904,0,0,0,0.037226278334856,0,1
7959,2023/2/19 08:43:28,0,0,0,0,-418.0271301,-418.0487366,-418.0076904,0,0,0,0.037226278334856,0,1
7960,2023/2/19 08:43:32,0,0,0,0,-418.0271301,-418.0487366,-418.0076904,0,0,0,0.037226278334856,0,1
7961,2023/2/19 08:43:36,0,0,0,0,-418.0271301,-418.0487366,-418.0076904,0,0,0,0.037226278334856,0,1
7962,2023/2/19 08:43:40,0,0,0,0,-418.0271301,-418.0487366,-418.0076904,0,0,0,0.037226278334856,0,1
7963,2023/2/19 08:43:44,0,0,0,0,-418.0271301,-418.0487366,-418.0076904,0,0,0,0.037226278334856,0,1
7964,2023/2/19 08:43:48,0,0,0,0,-418.0271301,-418.0487366,-418.0076904,0,0,0,0.037226278334856,0,1
7965,2023/2/19 08:43:52,0,0,0,0,-418.0271301,-418.0487366,-418.0076904,0,0,0,0.037226278334856,0,1
7966,2023/2/19 08:43:56,0,0,0,0,-418.0271301,-418.0487366,-418.0076904,0,0,0,0.037226278334856,0,1
7967,2023/2/19 08:44:00,0,0,0,0,-418.0271301,-418.0487366,-418.0076904,0,0,0,0.037226278334856,0,1
7968,2023/2/19 08:44:04,0,0,0,0,-418.0271301,-418.0487366,-418.0076904,0,0,0,0.037226278334856,0,1
7969,2023/2/19 08:44:08,0,0,0,0,-418.0271301,-418.0487366,-418.0076904,0,0,0,0.037226278334856,0,1
7970,2023/2/19 08:44:12,0,0,0,0,-418.0271301,-418.0487366,-418.0076904,0,0,0,0.037226278334856,0,1
7971,2023/2/19 08:44:16,0,0,0,0,-418.0271301,-418.0487366,-418.0076904,0,0,0,0.037226278334856,0,1
7972,2023/2/19 08:44:20,0,0,0,0,-418.0271301,-418.0487366,-418.0076904,0,0,0,0.037226278334856,0,1
7973,2023/2/19 08:44:24,0,0,0,0,-418.0271301,-418.0487366,-418.0076904,0,0,0,0.037226278334856,0,1
7974,2023/2/19 08:44:28,0,0,0,0,-418.0271301,-418.0487366,-418.0076904,0,0,0,0.037226278334856,0,1
7975,2023/2/19 08:44:32,0,0,0,0,-418.0271301,-418.0487366,-418.0076904,0,0,0,0.037226278334856,0,1
7976,2023/2/19 08:44:36,0,0,0,0,-418.0271301,-418.0487366,-418.0076904,0,0,0,0.037226278334856,0,1
7977,2023/2/19 08:44:40,0,0,0,0,-418.0271301,-418.0487366,-418.0076904,0,0,0,0.037226278334856,0,1
7978,2023/2/19 08:44:44,0,0,0,0,-418.0271301,-418.0487366,-418.0076904,0,0,0,0.037226278334856,0,1
7979,2023/2/19 08:44:48,0,0,0,0,-418.0271301,-418.0487366,-418.0076904,0,0,0,0.037226278334856,0,1
7980,2023/2/19 08:44:52,0,0,0,0,-418.0271301,-418.0487366,-418.0076904,0,0,0,0.037226278334856,0,1
7981,2023/2/19 08:44:56,0,0,0,0,-418.0271301,-418.0487366,-418.0076904,0,0,0,0.037226278334856,0,1
7982,2023/2/19 08:45:00,0,0,0,0,-418.0271301,-418.0487366,-418.0076904,0,0,0,0.037226278334856,0,1
7983,2023/2/19 08:45:04,0,0,0,0,-418.0271301,-418.0487366,-418.0076904,0,0,0,0.037226278334856,0,1
7984,2023/2/19 08:45:08,0,0,0,0,-418.0271301,-418.0487366,-418.0076904,0,0,0,0.037226278334856,0,1
7985,2023/2/19 08:45:12,0,0,0,0,-418.0271301,-418.0487366,-418.0076904,0,0,0,0.037226278334856,0,1
7986,2023/2/19 08:45:16,0,0,0,0,-418.0271301,-418.0487366,-418.0076904,0,0,0,0.037226278334856,0,1
7987,2023/2/19 08:45:20,0,0,0,0,-418.0271301,-418.0487366,-418.0076904,0,0,0,0.037226278334856,0,1
7988,2023/2/19 08:45:24,0,0,0,0,-418.0271301,-418.0487366,-418.0076904,0,0,0,0.037226278334856,0,1
7989,2023/2/19 08:45:28,0,0,0,0,-418.0271301,-418.0487366,-418.0076904,0,0,0,0.037226278334856,0,1
7990,2023/2/19 08:45:32,0,0,0,0,-418.0271301,-418.0487366,-418.0076904,0,0,0,0.037226278334856,0,1
7991,2023/2/19 08:45:36,0,0,0,0,-418.0271301,-418.0487366,-418.0076904,0,0,0,0.037226278334856,0,1
7992,2023/2/19 08:45:40,0,0,0,0,-418.0271301,-418.0487366,-418.0076904,0,0,0,0.037226278334856,0,1
7993,2023/2/19 08:45:44,0,0,0,0,-418.0271301,-418.0487366,-418.0076904,0,0,0,0.037226278334856,0,1
7994,2023/2/19 08:45:48,0,0,0,0,-418.0271301,-418.0487366,-418.0076904,0,0,0,0.037226278334856,0,1
7995,2023/2/19 08:45:52,0,0,0,0,-418.0271301,-418.0487366,-418.0076904,0,0,0,0.037226278334856,0,1
7996,2023/2/19 08:45:56,0,0,0,0,-418.0271301,-418.0487366,-418.0076904,0,0,0,0.037226278334856,0,1
7997,2023/2/19 08:46:00,0,0,0,0,-418.0271301,-418.0487366,-418.0076904,0,0,0,0.037226278334856,0,1
7998,2023/2/19 08:46:04,0,0,0,0,-418.0271301,-418.0487366,-418.0076904,0,0,0,0.037226278334856,0,1
7999,2023/2/19 08:46:08,0,0,0,0,-418.0271301,-418.0487366,-418.0076904,0,0,0,0.037226278334856,0,1
8000,2023/2/19 08:46:12,0,0,0,0,-418.0271301,-418.0487366,-418.0076904,0,0,0,0.037226278334856,0,1
8001,2023/2/19 08:46:16,0,0,0,0,-418.0271301,-418.0487366,-418.0076904,0,0,0,0.037226278334856,0,1
8002,2023/2/19 08:46:20,0,0,0,0,-418.0271301,-418.0487366,-418.0076904,0,0,0,0.037226278334856,0,1
8003,2023/2/19 08:46:24,0,0,0,0,-418.0271301,-418.0487366,-418.0076904,0,0,0,0.037226278334856,0,1
8004,2023/2/19 08:46:28,0,0,0,0,-418.0271301,-418.0487366,-418.0076904,0,0,0,0.037226278334856,0,1
8005,2023/2/19 08:46:32,0,0,0,0,-418.0271301,-418.0487366,-418.0076904,0,0,0,0.037226278334856,0,1
8006,2023/2/19 08:46:36,0,0,0,0,-418.0271301,-418.0487366,-418.0076904,0,0,0,0.037226278334856,0,1
8007,2023/2/19 08:46:40,0,0,0,0,-418.0271301,-418.0487366,-418.0076904,0,0,0,0.037226278334856,0,1
8008,2023/2/19 08:46:44,0,0,0,0,-418.0271301,-418.0487366,-418.0076904,0,0,0,0.037226278334856,0,1
8009,2023/2/19 08:46:48,0,0,0,0,-418.0271301,-418.0487366,-418.0076904,0,0,0,0.037226278334856,0,1
8010,2023/2/19 08:46:52,0,0,0,0,-418.0271301,-418.0487366,-418.0076904,0,0,0,0.037226278334856,0,1
8011,2023/2/19 08:46:56,0,0,0,0,-418.0271301,-418.0487366,-418.0076904,0,0,0,0.037226278334856,0,1
8012,2023/2/19 08:47:00,0,0,0,0,-418.0271301,-418.0487366,-418.0076904,0,0,0,0.037226278334856,0,1
8013,2023/2/19 08:47:04,0,0,0,0,-418.0271301,-418.0487366,-418.0076904,0,0,0,0.037226278334856,0,1
8014,2023/2/19 08:47:08,0,0,0,0,-418.0271301,-418.0487366,-418.0076904,0,0,0,0.037226278334856,0,1
8015,2023/2/19 08:47:12,0,0,0,0,-418.0271301,-418.0487366,-418.0076904,0,0,0,0.037226278334856,0,1
8016,2023/2/19 08:47:16,0,0,0,0,-418.0271301,-418.0487366,-418.0076904,0,0,0,0.037226278334856,0,1
8017,2023/2/19 08:47:20,0,0,0,0,-418.0271301,-418.0487366,-418.0076904,0,0,0,0.037226278334856,0,1
8018,2023/2/19 08:47:24,0,0,0,0,-418.0271301,-418.0487366,-418.0076904,0,0,0,0.037226278334856,0,1
8019,2023/2/19 08:47:28,0,0,0,0,-418.0271301,-418.0487366,-418.0076904,0,0,0,0.037226278334856,0,1
8020,2023/2/19 08:47:32,0,0,0,0,-418.0271301,-418.0487366,-418.0076904,0,0,0,0.037226278334856,0,1
8021,2023/2/19 08:47:36,0,0,0,0,-418.0271301,-418.0487366,-418.0076904,0,0,0,0.037226278334856,0,1
8022,2023/2/19 08:47:40,0,0,0,0,-418.0271301,-418.0487366,-418.0076904,0,0,0,0.037226278334856,0,1
8023,2023/2/19 08:47:44,0,0,0,0,-418.0271301,-418.0487366,-418.0076904,0,0,0,0.037226278334856,0,1
8024,2023/2/19 08:47:48,0,0,0,0,-418.0271301,-418.0487366,-418.0076904,0,0,0,0.037226278334856,0,1
8025,2023/2/19 08:47:52,0,0,0,0,-418.0271301,-418.0487366,-418.0076904,0,0,0,0.037226278334856,0,1
8026,2023/2/19 08:47:56,0,0,0,0,-418.0271301,-418.0487366,-418.0076904,0,0,0,0.037226278334856,0,1
8027,2023/2/19 08:48:00,0,0,0,0,-418.0271301,-418.0487366,-418.0076904,0,0,0,0.037226278334856,0,1
8028,2023/2/19 08:48:04,0,0,0,0,-418.0271301,-418.0487366,-418.0076904,0,0,0,0.037226278334856,0,1
8029,2023/2/19 08:48:08,0,0,0,0,-418.0271301,-418.0487366,-418.0076904,0,0,0,0.037226278334856,0,1
8030,2023/2/19 08:48:12,0,0,0,0,-418.0271301,-418.0487366,-418.0076904,0,0,0,0.037226278334856,0,1
8031,2023/2/19 08:48:16,0,0,0,0,-418.0271301,-418.0487366,-418.0076904,0,0,0,0.037226278334856,0,1
8032,2023/2/19 08:48:20,0,0,0,0,-418.0271301,-418.0487366,-418.0076904,0,0,0,0.037226278334856,0,1
8033,2023/2/19 08:48:24,0,0,0,0,-418.0271301,-418.0487366,-418.0076904,0,0,0,0.037226278334856,0,1
8034,2023/2/19 08:48:28,0,0,0,0,-418.0271301,-418.0487366,-418.0076904,0,0,0,0.037226278334856,0,1
8035,2023/2/19 08:48:32,0,0,0,0,-418.0271301,-418.0487366,-418.0076904,0,0,0,0.037226278334856,0,1
8036,2023/2/19 08:48:36,0,0,0,0,-418.0271301,-418.0487366,-418.0076904,0,0,0,0.037226278334856,0,1
8037,2023/2/19 08:48:40,0,0,0,0,-418.0271301,-418.0487366,-418.0076904,0,0,0,0.037226278334856,0,1
8038,2023/2/19 08:48:44,0,0,0,0,-418.0271301,-418.0487366,-418.0076904,0,0,0,0.037226278334856,0,1
8039,2023/2/19 08:48:48,0,0,0,0,-418.0271301,-418.0487366,-418.0076904,0,0,0,0.037226278334856,0,1
8040,2023/2/19 08:48:52,0,0,0,0,-418.0271301,-418.0487366,-418.0076904,0,0,0,0.037226278334856,0,1
8041,2023/2/19 08:48:56,0,0,0,0,-418.0271301,-418.0487366,-418.0076904,0,0,0,0.037226278334856,0,1
8042,2023/2/19 08:49:00,0,0,0,0,-418.0271301,-418.0487366,-418.0076904,6.66666650772095,0,0,0.037226278334856,0,1
8043,2023/2/19 08:49:04,0,0,0,0,-418.0271301,-418.0487366,-418.0076904,0,0,0,0.037226278334856,0,1
8044,2023/2/19 08:49:08,0,0,0,0,-418.0271301,-418.0487366,-418.0076904,0,0,0,0.037226278334856,0,1
8045,2023/2/19 08:49:12,0,0,0,0,-418.0271301,-418.0487366,-418.0076904,0,0,0,0.037226278334856,0,1
8046,2023/2/19 08:49:16,0,0,0,0,-418.0271301,-418.0487366,-418.0076904,0,0,0,0.037226278334856,0,1
8047,2023/2/19 08:49:20,0,0,0,0,-418.0271301,-418.0487366,-418.0076904,0,0,0,0.037226278334856,0,1
8048,2023/2/19 08:49:24,0,0,0,0,-418.0271301,-418.0487366,-418.0076904,0,0,0,0.037226278334856,0,1
8049,2023/2/19 08:49:28,0,0,0,0,-418.0271301,-418.0487366,-418.0076904,0,0,0,0.037226278334856,0,1
8050,2023/2/19 08:49:32,0,0,0,0,-418.0271301,-418.0487366,-418.0076904,0,0,0,0.037226278334856,0,1
8051,2023/2/19 08:49:36,0,0,0,0,-418.0271301,-418.0487366,-418.0076904,0,0,0,0.037226278334856,0,1
8052,2023/2/19 08:49:40,0,0,0,0,-418.0271301,-418.0487366,-418.0076904,0,0,0,0.037226278334856,0,1
8053,2023/2/19 08:49:44,0,0,0,0,-418.0271301,-418.0487366,-418.0076904,0,0,0,0.037226278334856,0,1
8054,2023/2/19 08:49:48,0,0,0,0,-418.0271301,-418.0487366,-418.0076904,0,0,0,0.037226278334856,0,1
8055,2023/2/19 08:49:52,0,0,0,0,-418.0271301,-418.0487366,-418.0076904,0,0,0,0.037226278334856,0,1
8056,2023/2/19 08:49:56,0,0,0,0,-418.0271301,-418.0487366,-418.0076904,0,0,0,0.037226278334856,0,1
8057,2023/2/19 08:50:00,0,0,0,0,-418.0271301,-418.0487366,-418.0076904,0,0,0,0.037226278334856,0,1
8058,2023/2/19 08:50:04,0,0,0,0,-418.0271301,-418.0487366,-418.0076904,0,0,0,0.037226278334856,0,1
8059,2023/2/19 08:50:08,0,0,0,0,-418.0271301,-418.0487366,-418.0076904,0,0,0,0.037226278334856,0,1
8060,2023/2/19 08:50:12,0,0,0,0,-418.0271301,-418.0487366,-418.0076904,0,0,0,0.037226278334856,0,1
8061,2023/2/19 08:50:16,0,0,0,0,-418.0271301,-418.0487366,-418.0076904,0,0,0,0.037226278334856,0,1
8062,2023/2/19 08:50:20,0,0,0,0,-418.0271301,-418.0487366,-418.0076904,0,0,0,0.037226278334856,0,1
8063,2023/2/19 08:50:24,0,0,0,0,-418.0271301,-418.0487366,-418.0076904,0,0,0,0.037226278334856,0,1
8064,2023/2/19 08:50:28,0,0,0,0,-418.0271301,-418.0487366,-418.0076904,0,0,0,0.037226278334856,0,1
8065,2023/2/19 08:50:32,0,0,0,0,-418.0271301,-418.0487366,-418.0076904,0,0,0,0.037226278334856,0,1
8066,2023/2/19 08:50:36,0,0,0,0,-418.0271301,-418.0487366,-418.0076904,0,0,0,0.037226278334856,0,1
8067,2023/2/19 08:50:40,0,0,0,0,-418.0271301,-418.0487366,-418.0076904,0,0,0,0.037226278334856,0,1
8068,2023/2/19 08:50:44,0,0,0,0,-418.0271301,-418.0487366,-418.0076904,0,0,0,0.037226278334856,0,1
8069,2023/2/19 08:50:48,0,0,0,0,-418.0271301,-418.0487366,-418.0076904,0,0,0,0.037226278334856,0,1
8070,2023/2/19 08:50:52,0,0,0,0,-418.0271301,-418.0487366,-418.0076904,0,0,0,0.037226278334856,0,1
8071,2023/2/19 08:50:56,0,0,0,0,-418.0271301,-418.0487366,-418.0076904,0,0,0,0.037226278334856,0,1
8072,2023/2/19 08:51:00,0,0,0,0,-418.0271301,-418.0487366,-418.0076904,0,0,0,0.037226278334856,0,1
8073,2023/2/19 08:51:04,0,0,0,0,-418.0271301,-418.0487366,-418.0076904,0,0,0,0.037226278334856,0,1
8074,2023/2/19 08:51:08,0,0,0,0,-418.0271301,-418.0487366,-418.0076904,0,0,0,0.037226278334856,0,1
8075,2023/2/19 08:51:12,0,0,0,0,-418.0271301,-418.0487366,-418.0076904,0,0,0,0.037226278334856,0,1
8076,2023/2/19 08:51:16,0,0,0,0,-418.0271301,-418.0487366,-418.0076904,0,0,0,0.037226278334856,0,1
8077,2023/2/19 08:51:20,0,0,0,0,-418.0271301,-418.0487366,-418.0076904,0,0,0,0.037226278334856,0,1
8078,2023/2/19 08:51:24,0,0,0,0,-418.0271301,-418.0487366,-418.0076904,0,0,0,0.037226278334856,0,1
8079,2023/2/19 08:51:28,0,0,0,0,-418.0271301,-418.0487366,-418.0076904,0,0,0,0.037226278334856,0,1
8080,2023/2/19 08:51:32,0,0,0,0,-418.0271301,-418.0487366,-418.0076904,0,0,0,0.037226278334856,0,1
8081,2023/2/19 08:51:36,0,0,0,0,-418.0271301,-418.0487366,-418.0076904,0,0,0,0.037226278334856,0,1
8082,2023/2/19 08:51:40,0,0,0,0,-418.0271301,-418.0487366,-418.0076904,0,0,0,0.037226278334856,0,1
8083,2023/2/19 08:51:44,0,0,0,0,-418.0271301,-418.0487366,-418.0076904,0,0,0,0.037226278334856,0,1
8084,2023/2/19 08:51:48,0,0,0,0,-418.0271301,-418.0487366,-418.0076904,0,0,0,0.037226278334856,0,1
8085,2023/2/19 08:51:52,0,0,0,0,-418.0271301,-418.0487366,-418.0076904,0,0,0,0.037226278334856,0,1
8086,2023/2/19 08:51:56,0,0,0,0,-418.0271301,-418.0487366,-418.0076904,0,0,0,0.037226278334856,0,1
8087,2023/2/19 08:52:00,0,0,0,0,-418.0271301,-418.0487366,-418.0076904,0,0,0,0.037226278334856,0,1
8088,2023/2/19 08:52:04,0,0,0,0,-418.0271301,-418.0487366,-418.0076904,0,0,0,0.037226278334856,0,1
8089,2023/2/19 08:52:08,0,0,0,0,-418.0271301,-418.0487366,-418.0076904,0,0,0,0.037226278334856,0,1
8090,2023/2/19 08:52:12,0,0,0,0,-418.0271301,-418.0487366,-418.0076904,0,0,0,0.037226278334856,0,1
8091,2023/2/19 08:52:16,0,0,0,0,-418.0271301,-418.0487366,-418.0076904,0,0,0,0.037226278334856,0,1
8092,2023/2/19 08:52:20,0,0,0,0,-418.0271301,-418.0487366,-418.0076904,6.66666650772095,0,0,0.037226278334856,0,1
8093,2023/2/19 08:52:24,0,0,0,0,-418.0271301,-418.0487366,-418.0076904,0,0,0,0.037226278334856,0,1
8094,2023/2/19 08:52:28,0,0,0,0,-418.0271301,-418.0487366,-418.0076904,0,0,0,0.037226278334856,0,1
8095,2023/2/19 08:52:32,0,0,0,0,-418.0271301,-418.0487366,-418.0076904,0,0,0,0.037226278334856,0,1
8096,2023/2/19 08:52:36,0,0,0,0,-418.0271301,-418.0487366,-418.0076904,0,0,0,0.037226278334856,0,1
8097,2023/2/19 08:52:40,0,0,0,0,-418.0271301,-418.0487366,-418.0076904,0,0,0,0.037226278334856,0,1
8098,2023/2/19 08:52:44,0,0,0,0,-418.0271301,-418.0487366,-418.0076904,0,0,0,0.037226278334856,0,1
8099,2023/2/19 08:52:48,0,0,0,0,-418.0271301,-418.0487366,-418.0076904,0,0,0,0.037226278334856,0,1
8100,2023/2/19 08:52:52,0,0,0,0,-418.0271301,-418.0487366,-418.0076904,0,0,0,0.037226278334856,0,1
8101,2023/2/19 08:52:56,0,0,0,0,-418.0271301,-418.0487366,-418.0076904,0,0,0,0.037226278334856,0,1
8102,2023/2/19 08:53:00,0,0,0,0,-418.0271301,-418.0487366,-418.0076904,0,0,0,0.037226278334856,0,1
8103,2023/2/19 08:53:04,0,0,0,0,-418.0271301,-418.0487366,-418.0076904,0,0,0,0.037226278334856,0,1
8104,2023/2/19 08:53:08,0,0,0,0,-418.0271301,-418.0487366,-418.0076904,0,0,0,0.037226278334856,0,1
8105,2023/2/19 08:53:12,0,0,0,0,-418.0271301,-418.0487366,-418.0076904,0,0,0,0.037226278334856,0,1
8106,2023/2/19 08:53:16,0,0,0,0,-418.0271301,-418.0487366,-418.0076904,0,0,0,0.037226278334856,0,1
8107,2023/2/19 08:53:20,0,0,0,0,-418.0271301,-418.0487366,-418.0076904,0,0,0,0.037226278334856,0,1
8108,2023/2/19 08:53:24,0,0,0,0,-418.0271301,-418.0487366,-418.0076904,0,0,0,0.037226278334856,0,1
8109,2023/2/19 08:53:28,0,0,0,0,-418.0271301,-418.0487366,-418.0076904,0,0,0,0.037226278334856,0,1
8110,2023/2/19 08:53:32,0,0,0,0,-418.0271301,-418.0487366,-418.0076904,0,0,0,0.037226278334856,0,1
8111,2023/2/19 08:53:36,0,0,0,0,-418.0271301,-418.0487366,-418.0076904,0,0,0,0.037226278334856,0,1
8112,2023/2/19 08:53:40,0,0,0,0,-418.0271301,-418.0487366,-418.0076904,0,0,0,0.037226278334856,0,1
8113,2023/2/19 08:53:44,0,0,0,0,-418.0271301,-418.0487366,-418.0076904,0,0,0,0.037226278334856,0,1
8114,2023/2/19 08:53:48,0,0,0,0,-418.0271301,-418.0487366,-418.0076904,0,0,0,0.037226278334856,0,1
8115,2023/2/19 08:53:52,0,0,0,0,-418.0271301,-418.0487366,-418.0076904,0,0,0,0.037226278334856,0,1
8116,2023/2/19 08:53:56,0,0,0,0,-418.0271301,-418.0487366,-418.0076904,0,0,0,0.037226278334856,0,1
8117,2023/2/19 08:54:00,0,0,0,0,-418.0271301,-418.0487366,-418.0076904,0,0,0,0.037226278334856,0,1
8118,2023/2/19 08:54:04,0,0,0,0,-418.0271301,-418.0487366,-418.0076904,0,0,0,0.037226278334856,0,1
8119,2023/2/19 08:54:08,0,0,0,0,-418.0271301,-418.0487366,-418.0076904,0,0,0,0.037226278334856,0,1
8120,2023/2/19 08:54:12,0,0,0,0,-418.0271301,-418.0487366,-418.0076904,0,0,0,0.037226278334856,0,1
8121,2023/2/19 08:54:16,0,0,0,0,-418.0271301,-418.0487366,-418.0076904,0,0,0,0.037226278334856,0,1
8122,2023/2/19 08:54:20,0,0,0,0,-418.0271301,-418.0487366,-418.0076904,0,0,0,0.037226278334856,0,1
8123,2023/2/19 08:54:24,0,0,0,0,-418.0271301,-418.0487366,-418.0076904,0,0,0,0.037226278334856,0,1
8124,2023/2/19 08:54:28,0,0,0,0,-418.0271301,-418.0487366,-418.0076904,0,0,0,0.037226278334856,0,1
8125,2023/2/19 08:54:32,0,0,0,0,-418.0271301,-418.0487366,-418.0076904,0,0,0,0.037226278334856,0,1
8126,2023/2/19 08:54:36,0,0,0,0,-418.0271301,-418.0487366,-418.0076904,0,0,0,0.037226278334856,0,1
8127,2023/2/19 08:54:40,0,0,0,0,-418.0271301,-418.0487366,-418.0076904,0,0,0,0.037226278334856,0,1
8128,2023/2/19 08:54:44,0,0,0,0,-418.0271301,-418.0487366,-418.0076904,0,0,0,0.037226278334856,0,1
8129,2023/2/19 08:54:48,0,0,0,0,-418.0271301,-418.0487366,-418.0076904,0,0,0,0.037226278334856,0,1
8130,2023/2/19 08:54:52,0,0,0,0,-418.0271301,-418.0487366,-418.0076904,0,0,0,0.037226278334856,0,1
8131,2023/2/19 08:54:56,0,0,0,0,-418.0271301,-418.0487366,-418.0076904,0,0,0,0.037226278334856,0,1
8132,2023/2/19 08:55:00,0,0,0,0,-418.0271301,-418.0487366,-418.0076904,0,0,0,0.037226278334856,0,1
8133,2023/2/19 08:55:04,0,0,0,0,-418.0271301,-418.0487366,-418.0076904,0,0,0,0.037226278334856,0,1
8134,2023/2/19 08:55:08,0,0,0,0,-418.0271301,-418.0487366,-418.0076904,0,0,0,0.037226278334856,0,1
8135,2023/2/19 08:55:12,0,0,0,0,-418.0271301,-418.0487366,-418.0076904,0,0,0,0.037226278334856,0,1
8136,2023/2/19 08:55:16,0,0,0,0,-418.0271301,-418.0487366,-418.0076904,0,0,0,0.037226278334856,0,1
8137,2023/2/19 08:55:20,0,0,0,0,-418.0271301,-418.0487366,-418.0076904,0,0,0,0.037226278334856,0,1
8138,2023/2/19 08:55:24,0,0,0,0,-418.0271301,-418.0487366,-418.0076904,0,0,0,0.037226278334856,0,1
8139,2023/2/19 08:55:28,0,0,0,0,-418.0271301,-418.0487366,-418.0076904,0,0,0,0.037226278334856,0,1
8140,2023/2/19 08:55:32,0,0,0,0,-418.0271301,-418.0487366,-418.0076904,0,0,0,0.037226278334856,0,1
8141,2023/2/19 08:55:36,0,0,0,0,-418.0271301,-418.0487366,-418.0076904,6.66666650772095,0,0,0.037226278334856,0,1
8142,2023/2/19 08:55:40,0,0,0,0,-418.0271301,-418.0487366,-418.0076904,0,0,0,0.037226278334856,0,1
8143,2023/2/19 08:55:44,0,0,0,0,-418.0271301,-418.0487366,-418.0076904,0,0,0,0.037226278334856,0,1
8144,2023/2/19 08:55:48,0,0,0,0,-418.0271301,-418.0487366,-418.0076904,0,0,0,0.037226278334856,0,1
8145,2023/2/19 08:55:52,0,0,0,0,-418.0271301,-418.0487366,-418.0076904,0,0,0,0.037226278334856,0,1
8146,2023/2/19 08:55:56,0,0,0,0,-418.0271301,-418.0487366,-418.0076904,0,0,160.473129272461,0.409489065408707,0,1
8147,2023/2/19 08:56:00,0,0,0,0,-418.0271301,-418.0487366,-418.0076904,0,0,221.586975097656,0.651459872722626,0,1
8148,2023/2/19 08:56:04,0,0,0,0,-418.0271301,-418.0487366,-418.0076904,0,0,220.009841918945,0.67007303237915,0,1
8149,2023/2/19 08:56:08,0,0,0,0,-418.0271301,-418.0487366,-418.0076904,933.333312988281,926.666625976563,329.226196289063,4.67189788818359,0,1
8150,2023/2/19 08:56:12,0.100000001490116,0.200000002980232,0.200000002980232,0.100000001490116,-417.7658081,-417.8092041,-417.7069397,1606.66662597656,1626.66662597656,331.197631835938,6.99854040145874,0,1
8151,2023/2/19 08:56:16,0,0.200000002980232,0.200000002980232,0.100000001490116,-417.1342468,-417.1776733,-417.0624084,646.666625976563,640,330.803344726563,8.20839500427246,0,1
8152,2023/2/19 08:56:20,0.400000005960464,0.600000023841858,0.5,0.400000005960464,-415.0871277,-415.1088867,-415.0429688,-33.33333206,-33.33333206,330.014770507813,9.41824913024902,0,0
8153,2023/2/19 08:56:24,0,0.200000002980232,0.200000002980232,0,-414.019989,-414.02005,-413.9687805,-40,-20,330.409057617188,10.4978113174438,0,0
8154,2023/2/19 08:56:28,0,0,0,0.100000001490116,-413.6062317,-413.6062927,-413.5605774,-26.66666603,-20,330.014770507813,11.7076654434204,0,0
8155,2023/2/19 08:56:32,0,0.200000002980232,0,0,-413.1924438,-413.1925354,-413.1524048,-33.33333206,-33.33333206,330.014770507813,12.1171541213989,0,0
8156,2023/2/19 08:56:36,0,0,0,0,-412.8657837,-412.8658752,-412.8086548,-20,-26.66666603,330.409057617188,12.1916065216064,0,0
8157,2023/2/19 08:56:40,0,0,0,0,-412.539093,-412.5174561,-412.4863892,-26.66666603,-26.66666603,330.014770507813,12.2102193832397,0,0
8158,2023/2/19 08:56:44,0,0.200000002980232,0,0,-412.1906433,-412.1907959,-412.1641541,-26.66666603,-26.66666603,330.014770507813,12.2102193832397,0,0
8159,2023/2/19 08:56:48,0,0,0,0,-411.8857727,-411.8641357,-411.8418884,-26.66666603,-26.66666603,330.014770507813,12.2102193832397,0,0
8160,2023/2/19 08:56:52,0,0,0,0,-411.8421936,-411.8205872,-411.7989197,0,0,221.981262207031,1.22846722602844,0,0
8161,2023/2/19 08:56:56,0,0,0,0,-411.8421936,-411.8205872,-411.7989197,0,0,220.40412902832,0.67007303237915,0,0
8162,2023/2/19 08:57:00,0,0,0,0,-411.8421936,-411.8205872,-411.7989197,0,0,220.009841918945,0.67007303237915,0,0
8163,2023/2/19 08:57:04,0,0,0,0,-411.8421936,-411.8205872,-411.7989197,0,0,220.009841918945,0.67007303237915,0,0
8164,2023/2/19 08:57:08,0,0,0,0,-411.8421936,-411.8205872,-411.7989197,0,0,220.009841918945,0.651459872722626,0,0
8165,2023/2/19 08:57:12,0,0,0,0,-411.8421936,-411.8205872,-411.7989197,0,0,220.009841918945,0.651459872722626,0,0
8166,2023/2/19 08:57:16,0,0,0,0,-411.8421936,-411.8205872,-411.7989197,0,0,220.40412902832,0.67007303237915,0,0
8167,2023/2/19 08:57:20,0,0,0,0,-411.8421936,-411.8205872,-411.7989197,0,0,220.40412902832,0.651459872722626,0,0
8168,2023/2/19 08:57:24,0,0,0,0,-411.8421936,-411.8205872,-411.7989197,0,0,220.009841918945,0.651459872722626,0,0
8169,2023/2/19 08:57:28,0,0,0,0,-411.8421936,-411.8205872,-411.7989197,0,0,220.009841918945,0.67007303237915,0,0
8170,2023/2/19 08:57:32,0,0,0,0,-411.8421936,-411.8205872,-411.7989197,0,0,220.009841918945,0.67007303237915,0,0
8171,2023/2/19 08:57:36,0,0,0,0,-411.8421936,-411.8205872,-411.7989197,0,0,220.009841918945,0.67007303237915,0,0
8172,2023/2/19 08:57:40,0,0,0,0,-411.8421936,-411.8205872,-411.7989197,0,0,220.009841918945,0.67007303237915,0,0
8173,2023/2/19 08:57:44,0,0,0,0,-411.8421936,-411.8205872,-411.7989197,0,0,220.40412902832,0.67007303237915,0,0
8174,2023/2/19 08:57:48,0,0,0,0,-411.8421936,-411.8205872,-411.7989197,0,0,220.40412902832,0.67007303237915,0,0
8175,2023/2/19 08:57:52,0,0,0,0,-411.8421936,-411.8205872,-411.7989197,0,0,220.009841918945,0.651459872722626,0,0
8176,2023/2/19 08:57:56,0,0,0,0,-411.8421936,-411.8205872,-411.7989197,0,0,220.40412902832,0.67007303237915,0,0
8177,2023/2/19 08:58:00,0,0,0,0,-411.8421936,-411.8205872,-411.7989197,0,0,220.009841918945,0.558394193649292,0,0
8178,2023/2/19 08:58:04,0,0,0,0,-411.8421936,-411.8205872,-411.7989197,0,0,220.009841918945,0.0558394193649292,0,0
8179,2023/2/19 08:58:08,0,0,0,0,-411.8421936,-411.8205872,-411.7989197,0,0,220.009841918945,0.0558394193649292,0,0
8180,2023/2/19 08:58:12,0,0,0,0,-411.8421936,-411.8205872,-411.7989197,0,0,220.009841918945,0.0558394193649292,0,0
8181,2023/2/19 08:58:16,0,0,0,0,-411.8421936,-411.8205872,-411.7989197,0,0,220.009841918945,0.0558394193649292,0,0
8182,2023/2/19 08:58:20,0,0,0,0,-411.8421936,-411.8205872,-411.7989197,0,0,220.009841918945,0.0558394193649292,0,0
8183,2023/2/19 08:58:24,0,0,0,0,-411.8421936,-411.8205872,-411.7989197,0,0,220.009841918945,0.0558394193649292,0,0
8184,2023/2/19 08:58:28,0,0,0,0,-411.8421936,-411.8205872,-411.7989197,0,0,220.40412902832,0.0558394193649292,0,0
8185,2023/2/19 08:58:32,0,0,0,0,-411.8421936,-411.8205872,-411.7989197,0,0,220.009841918945,0.0558394193649292,0,0
8186,2023/2/19 08:58:36,0,0,0,0,-411.8421936,-411.8205872,-411.7989197,0,0,220.009841918945,0.0558394193649292,0,0
8187,2023/2/19 08:58:40,0,0,0,0,-411.8421936,-411.8205872,-411.7989197,0,0,220.009841918945,0.0558394193649292,0,0
8188,2023/2/19 08:58:44,0,0,0,0,-411.8421936,-411.8205872,-411.7989197,0,0,220.009841918945,0.0558394193649292,0,0
8189,2023/2/19 08:58:48,0,0,0,0,-411.8421936,-411.8205872,-411.7989197,0,0,220.40412902832,0.0558394193649292,0,0
8190,2023/2/19 08:58:52,0,0,0,0,-411.8421936,-411.8205872,-411.7989197,0,0,220.009841918945,0.0558394193649292,0,0
8191,2023/2/19 08:58:56,0,0,0,0,-411.8421936,-411.8205872,-411.7989197,0,0,220.009841918945,0.0558394193649292,0,0
8192,2023/2/19 08:59:00,0,0,0,0,-411.8421936,-411.8205872,-411.7989197,0,0,220.40412902832,0.0558394193649292,0,0
8193,2023/2/19 08:59:04,0,0,0,0,-411.8421936,-411.8205872,-411.7989197,0,0,220.40412902832,0.558394193649292,0,0
8194,2023/2/19 08:59:08,0,0,0,0,-411.8421936,-411.8205872,-411.7989197,0,0,230.261199951172,0.67007303237915,0,0
8195,2023/2/19 08:59:12,0,0,0,0,-411.8421936,-411.8205872,-411.7989197,1546.66662597656,1526.66662597656,329.620483398438,5.90036535263062,0,0
8196,2023/2/19 08:59:16,0,0,0.200000002980232,0,-411.4501953,-411.4503784,-411.4122009,1066.66662597656,1060,330.014770507813,7.70584011077881,0,0
8197,2023/2/19 08:59:20,0.100000001490116,0.200000002980232,0.200000002980232,0.200000002980232,-411.036438,-411.0366211,-411.0040283,459.999969482422,459.999969482422,330.014770507813,8.71094989776611,0,0
8198,2023/2/19 08:59:24,0,0,0.200000002980232,0.100000001490116,-409.9692993,-409.9695435,-409.9298401,-106.6666641,-106.6666641,330.014770507813,9.92080402374268,0,0
8199,2023/2/19 08:59:28,0,0.200000002980232,0.200000002980232,0.100000001490116,-409.577301,-409.5775757,-409.5646057,46.6666641235352,46.6666641235352,330.014770507813,11.0003652572632,0,0
8200,2023/2/19 08:59:32,0.800000011920929,0.699999988079071,0.899999976158142,0.800000011920929,-407.2688293,-407.3128052,-407.2873535,326.666656494141,326.666656494141,330.014770507813,12.0054750442505,0,0
8201,2023/2/19 08:59:36,1.5,1.5,1.39999997615814,1.5,-401.6065979,-401.6508179,-401.7015991,326.666656494141,333.333312988281,330.014770507813,12.1171541213989,0,0
8202,2023/2/19 08:59:40,1.89999997615814,2,1.79999995231628,1.89999997615814,-393.0914307,-393.1361084,-393.1510925,0,0,330.014770507813,12.1171541213989,0,0
8203,2023/2/19 08:59:44,1.89999997615814,1.89999997615814,2,2,-384.0971375,-384.1205139,-384.170929,13.3333330154419,6.66666650772095,330.014770507813,12.1171541213989,0,0
8204,2023/2/19 08:59:48,2.09999990463257,2,2,2.20000004768372,-374.8197327,-374.8436279,-374.9329529,266.666656494141,340,330.014770507813,12.1171541213989,0,0
8205,2023/2/19 08:59:52,2.59999990463257,2.59999990463257,2.5,2.59999990463257,-363.2338867,-363.3019409,-363.3747253,40,40,330.014770507813,12.1171541213989,0,0
8206,2023/2/19 08:59:56,2.70000004768372,2.59999990463257,2.70000004768372,2.70000004768372,-350.7551575,-350.8456116,-350.8927307,33.3333320617676,26.6666660308838,330.014770507813,12.1171541213989,0,0
8207,2023/2/19 09:00:00,2.90000009536743,3,2.90000009536743,2.90000009536743,-337.666626,-337.7359924,-337.7876892,106.666664123535,99.9999923706055,330.014770507813,12.1171541213989,0,0
8208,2023/2/19 09:00:04,3.20000004768372,3.29999995231628,3.09999990463257,3.29999995231628,-323.2714233,-323.3197632,-323.4151306,140,199.999984741211,330.014770507813,12.1171541213989,0,0
8209,2023/2/19 09:00:08,3.5,3.29999995231628,3.40000009536743,3.59999990463257,-307.2428589,-307.2702942,-307.3453369,33.3333320617676,33.3333320617676,330.014770507813,12.1171541213989,0,0
8210,2023/2/19 09:00:12,3.5,3.5,3.59999990463257,3.59999990463257,-290.8440857,-290.894165,-290.9318237,33.3333320617676,26.6666660308838,330.409057617188,12.1171541213989,0,0
8211,2023/2/19 09:00:16,3.59999990463257,3.5,3.59999990463257,3.59999990463257,-274.2493286,-274.3220215,-274.3679199,53.3333320617676,59.9999961853027,330.014770507813,12.1171541213989,0,0
8212,2023/2/19 09:00:20,3.59999990463257,3.70000004768372,3.59999990463257,3.70000004768372,-257.4367676,-257.5103455,-257.5891724,46.6666641235352,26.6666660308838,330.014770507813,12.1171541213989,0,0
8213,2023/2/19 09:00:24,3.90000009536743,3.70000004768372,3.79999995231628,4,-240.0579834,-240.1107178,-240.1659088,193.33332824707,193.33332824707,330.014770507813,12.1171541213989,0,0
8214,2023/2/19 09:00:28,4,3.90000009536743,4,4,-221.5249786,-221.6440125,-221.6899567,20,40,330.409057617188,12.1171541213989,0,0
8215,2023/2/19 09:00:32,3.90000009536743,3.90000009536743,4,4.09999990463257,-203.0137482,-203.0684204,-203.1495514,53.3333320617676,119.999992370605,330.014770507813,12.1171541213989,0,0
8216,2023/2/19 09:00:36,4,3.90000009536743,3.79999995231628,4.09999990463257,-184.4154053,-184.4928284,-184.544693,40,40,330.014770507813,12.1171541213989,0,0
8217,2023/2/19 09:00:40,4,4.09999990463257,3.79999995231628,4.09999990463257,-165.7517395,-165.8301392,-165.9398346,33.3333320617676,20,330.014770507813,12.1171541213989,0,0
8218,2023/2/19 09:00:44,4.19999980926514,4.30000019073486,4.19999980926514,4.30000019073486,-146.8920593,-146.9714508,-147.0127258,260,239.999984741211,330.014770507813,12.1171541213989,0,0
8219,2023/2/19 09:00:48,4.40000009536743,4.5,4.30000019073486,4.5,-126.3990326,-126.4795074,-126.5602798,46.6666641235352,66.6666641235352,330.409057617188,12.1171541213989,0,0
8220,2023/2/19 09:00:52,4.59999990463257,4.5,4.30000019073486,4.69999980926514,-105.4922333,-105.6173553,-105.678154,140,140,330.014770507813,12.1171541213989,0,0
8221,2023/2/19 09:00:56,4.30000019073486,4.30000019073486,4.19999980926514,4.40000009536743,-84.7161026,-84.79875946,-84.86048126,0,-6.666666508,330.014770507813,12.1171541213989,0,0
8222,2023/2/19 09:01:00,4.30000019073486,4.30000019073486,4.30000019073486,4.40000009536743,-64.63686371,-64.72057343,-64.77325439,93.3333282470703,93.3333282470703,330.014770507813,12.1171541213989,0,0
8223,2023/2/19 09:01:04,1.89999997615814,2,2,2,-48.41231155,-48.45332336,-48.51012039,-1473.333252,-1466.666626,330.409057617188,12.1171541213989,0,0
8224,2023/2/19 09:01:08,1,0.899999976158142,1.10000002384186,1.10000002384186,-42.94605255,-42.98735428,-43.01029968,206.666656494141,206.666656494141,330.409057617188,12.1171541213989,0,0
8225,2023/2/19 09:01:12,1,1.10000002384186,1.10000002384186,1.10000002384186,-37.54513168,-37.60848999,-37.63938522,0,0,330.409057617188,12.1171541213989,0,0
8226,2023/2/19 09:01:16,0.899999976158142,0.899999976158142,0.899999976158142,0.899999976158142,-32.884655,-32.90470505,-32.95594406,80,80,330.409057617188,12.1171541213989,0,0
8227,2023/2/19 09:01:20,0.899999976158142,0.899999976158142,1.10000002384186,0.899999976158142,-28.39840508,-28.44046783,-28.46585846,99.9999923706055,66.6666641235352,330.409057617188,12.1171541213989,0,0
8228,2023/2/19 09:01:24,0.899999976158142,0.899999976158142,1.10000002384186,0.899999976158142,-23.93393135,-23.97622871,-24.0187397,80,73.3333282470703,330.409057617188,12.1357669830322,0,0
8229,2023/2/19 09:01:28,0.899999976158142,0.899999976158142,0.899999976158142,0.899999976158142,-19.53479195,-19.5555439,-19.61458778,73.3333282470703,73.3333282470703,330.409057617188,12.1171541213989,0,0
8230,2023/2/19 09:01:32,0.899999976158142,0.899999976158142,0.899999976158142,0.899999976158142,-15.13565254,-15.20018864,-15.23191929,80,86.6666641235352,330.409057617188,12.1171541213989,0,0
8231,2023/2/19 09:01:36,0.899999976158142,0.899999976158142,0.899999976158142,0.899999976158142,-10.73651314,-10.77950382,-10.82776833,86.6666641235352,86.6666641235352,330.409057617188,12.1171541213989,0,0
8232,2023/2/19 09:01:40,0.899999976158142,0.899999976158142,1.10000002384186,0.899999976158142,-6.402708054,-6.38059473,-6.316197872,86.6666641235352,86.6666641235352,330.409057617188,12.1171541213989,0,0
8233,2023/2/19 09:01:44,0.400000005960464,0.600000023841858,0.5,0.400000005960464,-3.048908472,-3.048748493,-2.964745998,-26.66666603,-33.33333206,330.409057617188,12.1171541213989,0,0
8234,2023/2/19 09:01:48,0.300000011920929,0.400000005960464,0.400000005960464,0.300000011920929,-1.197785497,-1.21949935,-1.138634324,26.6666660308838,26.6666660308838,330.409057617188,12.1171541213989,0,0
8235,2023/2/19 09:01:52,0,0,0,0,-0.784005046,-0.783963859,-0.70896101,533.333312988281,533.333312988281,330.409057617188,8.22700786590576,0,0
8236,2023/2/19 09:01:56,0,0,0.200000002980232,0.100000001490116,-0.457336277,-0.457312256,-0.386705995,693.333312988281,686.666625976563,330.409057617188,8.11532878875732,0,0
8237,2023/2/19 09:02:00,0,0,0,0,0.0217779185622931,0.0217767748981714,0.0214836671948433,0,0,279.546569824219,8.11532878875732,0,0
8238,2023/2/19 09:02:04,0,0,0,0,0.0217779185622931,0.0217767748981714,0.0214836671948433,0,0,220.009841918945,0.818978130817413,0,0
8239,2023/2/19 09:02:08,0,0,0,0,0.0217779185622931,0.0217767748981714,0.0214836671948433,-766.666626,-773.333313,323.706237792969,4.1879563331604,0,0
8240,2023/2/19 09:02:12,-0.200000003,-0.200000003,-0.200000003,-0.200000003,-0.108889587,-0.130660653,-0.171869338,-2433.333252,-2420,329.620483398438,6.90547466278076,0,0
8241,2023/2/19 09:02:16,0,-0.200000003,-0.200000003,-0.100000001,-0.805782974,-0.82751745,-0.859346688,-660,-700,330.014770507813,8.30146026611328,0,0
8242,2023/2/19 09:02:20,-1.5,-1.5,-1.399999976,-1.600000024,-4.094248772,-4.072257042,-4.060412884,-839.999939,-833.333313,330.014770507813,9.30657005310059,0,0
8243,2023/2/19 09:02:24,-5.599999905,-5.400000095,-5.400000095,-5.699999809,-20.20990753,-20.14351654,-20.04426003,-1926.666626,-1919.999878,330.014770507813,10.3116798400879,0,0
8244,2023/2/19 09:02:28,-7.400000095,-7.199999809,-7.199999809,-7.5,-52.96389771,-52.89578629,-52.7638855,106.666664123535,99.9999923706055,330.409057617188,11.5029201507568,0,0
8245,2023/2/19 09:02:32,-7.300000191,-7.199999809,-7.400000095,-7.599999905,-86.87211609,-86.78044891,-86.70807648,-186.6666565,-199.9999847,330.409057617188,12.1171541213989,0,0
8246,2023/2/19 09:02:36,-7.699999809,-7.599999905,-7.599999905,-7.900000095,-122.1959,-122.1023788,-121.9842606,0,-33.33333206,330.803344726563,12.1171541213989,0,0
8247,2023/2/19 09:02:40,-7.800000191,-7.800000191,-7.400000095,-7.900000095,-157.955246,-157.8816223,-157.7545624,-59.99999619,-26.66666603,330.409057617188,12.1171541213989,0,0
8248,2023/2/19 09:02:44,-7.699999809,-7.800000191,-7.800000191,-8,-193.8670197,-193.7697449,-193.7182159,-59.99999619,-33.33333206,330.409057617188,12.1171541213989,0,0
8249,2023/2/19 09:02:48,-7.699999809,-7.599999905,-7.800000191,-8,-229.9965973,-229.8974152,-229.8537445,-46.66666412,-53.33333206,330.409057617188,12.1171541213989,0,0
8250,2023/2/19 09:02:52,-7.699999809,-7.599999905,-7.599999905,-8,-266.1914978,-266.1121826,-266.0322571,-66.66666412,-66.66666412,330.409057617188,12.1171541213989,0,0
8251,2023/2/19 09:02:56,-7.800000191,-7.800000191,-7.599999905,-8,-302.4299316,-302.3051758,-302.2107239,-66.66666412,-73.33332825,329.620483398438,12.1171541213989,0,0
8252,2023/2/19 09:03:00,-7.800000191,-7.800000191,-7.599999905,-8,-338.646637,-338.5635071,-338.5181274,-73.33332825,-80,330.409057617188,12.1357669830322,0,0
8253,2023/2/19 09:03:04,-6.599999905,-6.699999809,-6.699999809,-6.900000095,-373.7308655,-373.602356,-373.6009521,1019.99993896484,1033.33325195313,330.409057617188,12.1171541213989,0,0
8254,2023/2/19 09:03:08,-2.5,-2.599999905,-2.5,-2.599999905,-394.8989868,-394.8564758,-394.8053284,1533.33325195313,1526.66662597656,330.014770507813,12.1171541213989,0,0
8255,2023/2/19 09:03:12,-1.299999952,-1.299999952,-1.299999952,-1.399999976,-402.2599182,-402.217041,-402.2171936,-113.3333282,-113.3333282,330.014770507813,12.1171541213989,0,0
8256,2023/2/19 09:03:16,-1.200000048,-1.100000024,-1.299999952,-1.200000048,-408.4666443,-408.4451904,-408.4045105,26.6666660308838,20,330.409057617188,12.1171541213989,0,0
8257,2023/2/19 09:03:20,-0.5,-0.600000024,-0.5,-0.5,-412.517334,-412.473877,-412.4863892,46.6666641235352,46.6666641235352,330.014770507813,12.1171541213989,0,0
8258,2023/2/19 09:03:24,0,-0.200000003,-0.200000003,-0.200000003,-414.3248901,-414.3249207,-414.3554688,-13.33333302,-13.33333302,330.409057617188,10.1255483627319,0,0
8259,2023/2/19 09:03:28,0,0,0,-0.100000001,-414.4337769,-414.4555664,-414.484375,-773.333313,-773.333313,330.014770507813,8.11532878875732,0,0
8260,2023/2/19 09:03:32,-0.200000003,-0.200000003,-0.200000003,-0.200000003,-415.4137878,-415.4355164,-415.429657,-653.333313,-653.333313,330.409057617188,8.0222635269165,0,0
8261,2023/2/19 09:03:36,0,0,0,0,-415.6097717,-415.6315308,-415.6230164,0,0,221.981262207031,0.465328484773636,0,1
8262,2023/2/19 09:03:40,0,0,0,0,-415.6097717,-415.6315308,-415.6230164,0,0,220.009841918945,0.0558394193649292,0,1
8263,2023/2/19 09:03:44,0,0,0,0,-415.6097717,-415.6315308,-415.6230164,0,0,220.009841918945,0.0558394193649292,0,1
8264,2023/2/19 09:03:48,0,0,0,0,-415.6097717,-415.6315308,-415.6230164,0,0,220.009841918945,0.0558394193649292,0,1
8265,2023/2/19 09:03:52,0,0,0,0,-415.6097717,-415.6315308,-415.6230164,0,0,220.009841918945,0.0558394193649292,0,1
8266,2023/2/19 09:03:56,0,0,0,0,-415.6097717,-415.6315308,-415.6230164,0,0,220.40412902832,0.0558394193649292,0,1
8267,2023/2/19 09:04:00,0,0,0,0,-415.6097717,-415.6315308,-415.6230164,0,0,220.009841918945,0.0558394193649292,0,1
8268,2023/2/19 09:04:04,0,0,0,0,-415.6097717,-415.6315308,-415.6230164,0,0,220.009841918945,0.0558394193649292,0,1
8269,2023/2/19 09:04:08,0,0,0,0,-415.6097717,-415.6315308,-415.6230164,0,0,220.40412902832,0.0558394193649292,0,1
8270,2023/2/19 09:04:12,0,0,0,0,-415.6097717,-415.6315308,-415.6230164,0,0,220.009841918945,0.0558394193649292,0,1
8271,2023/2/19 09:04:16,0,0,0,0,-415.6097717,-415.6315308,-415.6230164,0,0,220.009841918945,0.0558394193649292,0,1
8272,2023/2/19 09:04:20,0,0,0,0,-415.6097717,-415.6315308,-415.6230164,0,0,220.009841918945,0.0558394193649292,0,1
8273,2023/2/19 09:04:24,0,0,0,0,-415.6097717,-415.6315308,-415.6230164,0,0,220.009841918945,0.0558394193649292,0,1
8274,2023/2/19 09:04:28,0,0,0,0,-415.6097717,-415.6315308,-415.6230164,0,0,220.009841918945,0.0558394193649292,0,1
8275,2023/2/19 09:04:32,0,0,0,0,-415.6097717,-415.6315308,-415.6230164,0,0,220.40412902832,0.0558394193649292,0,1
8276,2023/2/19 09:04:36,0,0,0,0,-415.6097717,-415.6315308,-415.6230164,0,0,220.009841918945,0.0558394193649292,0,1
8277,2023/2/19 09:04:40,0,0,0,0,-415.6097717,-415.6315308,-415.6230164,0,0,220.009841918945,0.0558394193649292,0,1
8278,2023/2/19 09:04:44,0,0,0,0,-415.6097717,-415.6315308,-415.6230164,0,0,220.009841918945,0.0558394193649292,0,1
8279,2023/2/19 09:04:48,0,0,0,0,-415.6097717,-415.6315308,-415.6230164,0,0,220.009841918945,0.0558394193649292,0,1
8280,2023/2/19 09:04:52,0,0,0,0,-415.6097717,-415.6315308,-415.6230164,0,0,220.009841918945,0.0558394193649292,0,1
8281,2023/2/19 09:04:56,0,0,0,0,-415.6097717,-415.6315308,-415.6230164,0,0,220.009841918945,0.0558394193649292,0,1
8282,2023/2/19 09:05:00,0,0,0,0,-415.6097717,-415.6315308,-415.6230164,0,0,220.009841918945,0.0558394193649292,0,1
8283,2023/2/19 09:05:04,0,0,0,0,-415.6097717,-415.6315308,-415.6230164,0,0,220.009841918945,0.0558394193649292,0,1
8284,2023/2/19 09:05:08,0,0,0,0,-415.6097717,-415.6315308,-415.6230164,0,0,220.009841918945,0.0558394193649292,0,1
8285,2023/2/19 09:05:12,0,0,0,0,-415.6097717,-415.6315308,-415.6230164,0,0,220.009841918945,0.0558394193649292,0,1
8286,2023/2/19 09:05:16,0,0,0,0,-415.6097717,-415.6315308,-415.6230164,0,0,220.009841918945,0.0558394193649292,0,1
8287,2023/2/19 09:05:20,0,0,0,0,-415.6097717,-415.6315308,-415.6230164,0,0,220.009841918945,0.0558394193649292,0,1
8288,2023/2/19 09:05:24,0,0,0,0,-415.6097717,-415.6315308,-415.6230164,0,0,220.009841918945,0.0558394193649292,0,1
8289,2023/2/19 09:05:28,0,0,0,0,-415.6097717,-415.6315308,-415.6230164,0,0,220.40412902832,0.0558394193649292,0,1
8290,2023/2/19 09:05:32,0,0,0,0,-415.6097717,-415.6315308,-415.6230164,0,0,220.009841918945,0.0558394193649292,0,1
8291,2023/2/19 09:05:36,0,0,0,0,-415.6097717,-415.6315308,-415.6230164,0,0,220.009841918945,0.0558394193649292,0,1
8292,2023/2/19 09:05:40,0,0,0,0,-415.6097717,-415.6315308,-415.6230164,0,0,220.009841918945,0.0558394193649292,0,1
8293,2023/2/19 09:05:44,0,0,0,0,-415.6097717,-415.6315308,-415.6230164,0,0,220.40412902832,0.0558394193649292,0,1
8294,2023/2/19 09:05:48,0,0,0,0,-415.6097717,-415.6315308,-415.6230164,0,0,220.009841918945,0.0558394193649292,0,1
8295,2023/2/19 09:05:52,0,0,0,0,-415.6097717,-415.6315308,-415.6230164,0,0,220.40412902832,0.0558394193649292,0,1
8296,2023/2/19 09:05:56,0,0,0,0,-415.6097717,-415.6315308,-415.6230164,0,0,220.40412902832,0.0558394193649292,0,1
8297,2023/2/19 09:06:00,0,0,0,0,-415.6097717,-415.6315308,-415.6230164,0,0,220.009841918945,0.0558394193649292,0,1
8298,2023/2/19 09:06:04,0,0,0,0,-415.6097717,-415.6315308,-415.6230164,0,0,220.009841918945,0.0558394193649292,0,1
8299,2023/2/19 09:06:08,0,0,0,0,-415.6097717,-415.6315308,-415.6230164,0,0,220.009841918945,0.0558394193649292,0,1
8300,2023/2/19 09:06:12,0,0,0,0,-415.6097717,-415.6315308,-415.6230164,0,0,220.009841918945,0.0558394193649292,0,1
8301,2023/2/19 09:06:16,0,0,0,0,-415.6097717,-415.6315308,-415.6230164,0,0,220.009841918945,0.0558394193649292,0,1
8302,2023/2/19 09:06:20,0,0,0,0,-415.6097717,-415.6315308,-415.6230164,0,0,220.009841918945,0.0558394193649292,0,1
8303,2023/2/19 09:06:24,0,0,0,0,-415.6097717,-415.6315308,-415.6230164,0,0,220.009841918945,0.0558394193649292,0,1
8304,2023/2/19 09:06:28,0,0,0,0,-415.6097717,-415.6315308,-415.6230164,0,0,220.40412902832,0.0558394193649292,0,1
8305,2023/2/19 09:06:32,0,0,0,0,-415.6097717,-415.6315308,-415.6230164,0,0,220.009841918945,0.0558394193649292,0,1
8306,2023/2/19 09:06:36,0,0,0,0,-415.6097717,-415.6315308,-415.6230164,0,0,220.40412902832,0.0558394193649292,0,1
8307,2023/2/19 09:06:40,0,0,0,0,-415.6097717,-415.6315308,-415.6230164,0,0,220.009841918945,0.0558394193649292,0,1
8308,2023/2/19 09:06:44,0,0,0,0,-415.6097717,-415.6315308,-415.6230164,0,0,220.009841918945,0.0558394193649292,0,1
8309,2023/2/19 09:06:48,0,0,0,0,-415.6097717,-415.6315308,-415.6230164,0,0,220.40412902832,0.0558394193649292,0,1
8310,2023/2/19 09:06:52,0,0,0,0,-415.6097717,-415.6315308,-415.6230164,0,0,220.009841918945,0.0558394193649292,0,1
8311,2023/2/19 09:06:56,0,0,0,0,-415.6097717,-415.6315308,-415.6230164,0,0,220.009841918945,0.0558394193649292,0,1
8312,2023/2/19 09:07:00,0,0,0,0,-415.6097717,-415.6315308,-415.6230164,0,0,220.009841918945,0.0558394193649292,0,1
8313,2023/2/19 09:07:04,0,0,0,0,-415.6097717,-415.6315308,-415.6230164,0,0,220.40412902832,0.0558394193649292,0,1
8314,2023/2/19 09:07:08,0,0,0,0,-415.6097717,-415.6315308,-415.6230164,0,0,220.009841918945,0.0558394193649292,0,1
8315,2023/2/19 09:07:12,0,0,0,0,-415.6097717,-415.6315308,-415.6230164,0,0,220.009841918945,0.0558394193649292,0,1
8316,2023/2/19 09:07:16,0,0,0,0,-415.6097717,-415.6315308,-415.6230164,0,0,220.40412902832,0.0558394193649292,0,1
8317,2023/2/19 09:07:20,0,0,0,0,-415.6097717,-415.6315308,-415.6230164,0,0,220.009841918945,0.0558394193649292,0,1
8318,2023/2/19 09:07:24,0,0,0,0,-415.6097717,-415.6315308,-415.6230164,0,0,220.009841918945,0.0558394193649292,0,1
8319,2023/2/19 09:07:28,0,0,0,0,-415.6097717,-415.6315308,-415.6230164,0,0,220.009841918945,0.0558394193649292,0,1
8320,2023/2/19 09:07:32,0,0,0,0,-415.6097717,-415.6315308,-415.6230164,0,0,220.009841918945,0.0558394193649292,0,1
8321,2023/2/19 09:07:36,0,0,0,0,-415.6097717,-415.6315308,-415.6230164,0,0,220.40412902832,0.0558394193649292,0,1
8322,2023/2/19 09:07:40,0,0,0,0,-415.6097717,-415.6315308,-415.6230164,0,0,220.009841918945,0.0558394193649292,0,1
8323,2023/2/19 09:07:44,0,0,0,0,-415.6097717,-415.6315308,-415.6230164,0,0,220.009841918945,0.0558394193649292,0,1
8324,2023/2/19 09:07:48,0,0,0,0,-415.6097717,-415.6315308,-415.6230164,0,0,220.009841918945,0.0558394193649292,0,1
8325,2023/2/19 09:07:52,0,0,0,0,-415.6097717,-415.6315308,-415.6230164,0,0,220.009841918945,0.0558394193649292,0,1
8326,2023/2/19 09:07:56,0,0,0,0,-415.6097717,-415.6315308,-415.6230164,0,0,220.009841918945,0.0558394193649292,0,1
8327,2023/2/19 09:08:00,0,0,0,0,-415.6097717,-415.6315308,-415.6230164,0,0,220.009841918945,0.0558394193649292,0,1
8328,2023/2/19 09:08:04,0,0,0,0,-415.6097717,-415.6315308,-415.6230164,0,0,220.009841918945,0.0558394193649292,0,1
8329,2023/2/19 09:08:08,0,0,0,0,-415.6097717,-415.6315308,-415.6230164,0,0,220.40412902832,0.0558394193649292,0,1
8330,2023/2/19 09:08:12,0,0,0,0,-415.6097717,-415.6315308,-415.6230164,0,0,220.009841918945,0.0558394193649292,0,1
8331,2023/2/19 09:08:16,0,0,0,0,-415.6097717,-415.6315308,-415.6230164,0,0,220.40412902832,0.0558394193649292,0,1
8332,2023/2/19 09:08:20,0,0,0,0,-415.6097717,-415.6315308,-415.6230164,0,0,220.009841918945,0.0558394193649292,0,1
8333,2023/2/19 09:08:24,0,0,0,0,-415.6097717,-415.6315308,-415.6230164,0,0,220.009841918945,0.0558394193649292,0,1
8334,2023/2/19 09:08:28,0,0,0,0,-415.6097717,-415.6315308,-415.6230164,0,0,220.009841918945,0.0558394193649292,0,1
8335,2023/2/19 09:08:32,0,0,0,0,-415.6097717,-415.6315308,-415.6230164,0,0,220.40412902832,0.0558394193649292,0,1
8336,2023/2/19 09:08:36,0,0,0,0,-415.6097717,-415.6315308,-415.6230164,0,0,220.009841918945,0.0558394193649292,0,1
8337,2023/2/19 09:08:40,0,0,0,0,-415.6097717,-415.6315308,-415.6230164,0,0,220.009841918945,0.0558394193649292,0,1
8338,2023/2/19 09:08:44,0,0,0,0,-415.6097717,-415.6315308,-415.6230164,0,0,220.009841918945,0.0558394193649292,0,1
8339,2023/2/19 09:08:48,0,0,0,0,-415.6097717,-415.6315308,-415.6230164,0,0,220.009841918945,0.0558394193649292,0,1
8340,2023/2/19 09:08:52,0,0,0,0,-415.6097717,-415.6315308,-415.6230164,0,0,220.009841918945,0.0558394193649292,0,1
8341,2023/2/19 09:08:56,0,0,0,0,-415.6097717,-415.6315308,-415.6230164,0,0,220.009841918945,0.0558394193649292,0,1
8342,2023/2/19 09:09:00,0,0,0,0,-415.6097717,-415.6315308,-415.6230164,0,0,220.009841918945,0.0558394193649292,0,1
8343,2023/2/19 09:09:04,0,0,0,0,-415.6097717,-415.6315308,-415.6230164,0,0,220.009841918945,0.0558394193649292,0,1
8344,2023/2/19 09:09:08,0,0,0,0,-415.6097717,-415.6315308,-415.6230164,0,0,220.009841918945,0.0558394193649292,0,1
8345,2023/2/19 09:09:12,0,0,0,0,-415.6097717,-415.6315308,-415.6230164,0,0,220.009841918945,0.0558394193649292,0,1
8346,2023/2/19 09:09:16,0,0,0,0,-415.6097717,-415.6315308,-415.6230164,0,0,220.009841918945,0.0558394193649292,0,1
8347,2023/2/19 09:09:20,0,0,0,0,-415.6097717,-415.6315308,-415.6230164,0,0,220.009841918945,0.0558394193649292,0,1
8348,2023/2/19 09:09:24,0,0,0,0,-415.6097717,-415.6315308,-415.6230164,0,0,220.798416137695,0.0558394193649292,0,1
8349,2023/2/19 09:09:28,0,0,0,0,-415.6097717,-415.6315308,-415.6230164,0,0,220.009841918945,0.0558394193649292,0,1
8350,2023/2/19 09:09:32,0,0,0,0,-415.6097717,-415.6315308,-415.6230164,0,0,220.009841918945,0.0558394193649292,0,1
8351,2023/2/19 09:09:36,0,0,0,0,-415.6097717,-415.6315308,-415.6230164,0,0,220.009841918945,0.0558394193649292,0,1
8352,2023/2/19 09:09:40,0,0,0,0,-415.6097717,-415.6315308,-415.6230164,0,0,220.009841918945,0.0558394193649292,0,1
8353,2023/2/19 09:09:44,0,0,0,0,-415.6097717,-415.6315308,-415.6230164,0,0,220.40412902832,0.0558394193649292,0,1
8354,2023/2/19 09:09:48,0,0,0,0,-415.6097717,-415.6315308,-415.6230164,0,0,220.009841918945,0.428102225065231,0,1
8355,2023/2/19 09:09:52,0,0,0,0,-415.6097717,-415.6315308,-415.6230164,0,0,220.40412902832,0.558394193649292,0,1
8356,2023/2/19 09:09:56,0,0,0,0,-415.6097717,-415.6315308,-415.6230164,0,0,236.569732666016,0.558394193649292,0,1
8357,2023/2/19 09:10:00,0,0,0,0,-415.6097717,-415.6315308,-415.6230164,-1559.999878,-1553.333252,329.620483398438,6.7007303237915,0,1
8358,2023/2/19 09:10:04,0,-0.200000003,0,0,-416.0018005,-416.0234985,-416.031189,-1406.666626,-1533.333252,330.014770507813,7.70584011077881,0,1
8359,2023/2/19 09:10:08,0,-0.200000003,-0.200000003,-0.100000001,-416.5244446,-416.5679321,-416.546814,-1453.333252,-1453.333252,330.409057617188,7.79890537261963,0,1
8360,2023/2/19 09:10:12,0,-0.200000003,-0.200000003,-0.100000001,-417.199585,-417.2430115,-417.2127991,-1400,-1406.666626,330.409057617188,7.79890537261963,0,1
8361,2023/2/19 09:10:16,0,-0.200000003,0,-0.100000001,-417.9182434,-417.9398499,-417.9217529,-1320,-1306.666626,329.620483398438,7.81751871109009,0,1
8362,2023/2/19 09:10:20,0,0,-0.200000003,0,-418.3102417,-418.3536072,-418.3084717,-1366.666626,-1360,330.409057617188,7.79890537261963,0,1
8363,2023/2/19 09:10:24,0,0,-0.200000003,0,-418.70224,-418.7238159,-418.6951904,-1373.333252,-1373.333252,330.014770507813,7.79890537261963,0,1
8364,2023/2/19 09:10:28,0,0,0,0,-418.9853516,-419.0069275,-418.9744568,-1433.333252,-1440,329.620483398438,7.79890537261963,0,1
8365,2023/2/19 09:10:32,0,-0.200000003,0,0,-419.2249146,-419.2682495,-419.2322693,-1506.666626,-1480,330.014770507813,7.79890537261963,0,1
8366,2023/2/19 09:10:36,0,0,0,0,-415,-415.0215454,-415.0212708,0,0,223.952682495117,0.893430709838867,0,0
8367,2023/2/19 09:10:40,0,0,0,0,-415,-415.0215454,-415.0212708,0,0,220.009841918945,0.0558394193649292,0,0
8368,2023/2/19 09:10:44,0,0,0,0,-415,-415.0215454,-415.0212708,0,0,220.009841918945,0.0558394193649292,0,0
8369,2023/2/19 09:10:48,0,0,0,0,-415,-415.0215454,-415.0212708,0,0,220.40412902832,0.0558394193649292,0,0
8370,2023/2/19 09:10:52,0,0,0,0,-415,-415.0215454,-415.0212708,0,0,220.009841918945,0.0558394193649292,0,0
8371,2023/2/19 09:10:56,0,0,0,0,-415,-415.0215454,-415.0212708,0,0,220.009841918945,0.0558394193649292,0,0
8372,2023/2/19 09:11:00,0,0,0,0,-415,-415.0215454,-415.0212708,0,0,220.009841918945,0.0558394193649292,0,0
8373,2023/2/19 09:11:04,0,0,0,0,-415,-415.0215454,-415.0212708,0,0,220.009841918945,0.0558394193649292,0,0
8374,2023/2/19 09:11:08,0,0,0,0,-415,-415.0215454,-415.0212708,0,0,220.009841918945,0.0558394193649292,0,0
8375,2023/2/19 09:11:12,0,0,0,0,-415,-415.0215454,-415.0212708,0,0,220.009841918945,0.223357677459717,0,0
8376,2023/2/19 09:11:16,0,0,0,0,-415,-415.0215454,-415.0212708,0,0,222.375549316406,0.558394193649292,0,0
