id,time,SuDuMoNiLiang,FPLCSuDu,BianmaQiSuDu,CSJSuDu,LGuanLongShenDu,FPLCShenDu,BianmaQiShenDu,DianshuDianliu1,DianshuDianliu2,LiCi_Current,ZhiDongPressure,Shang_GuoJuan,Xia_GuoJuan
2411,2023/2/19 02:20:16,-7.800000191,-7.599999905,-7.599999905,-8,-169.7207947,-169.534668,-169.4827881,-2180,-2173.333252,330.014770507813,11.9124097824097,0,0
2412,2023/2/19 02:20:20,-7.800000191,-7.599999905,-7.800000191,-7.900000095,-205.4628296,-205.2477264,-205.2036591,-2200,-2206.666504,330.014770507813,11.9124097824097,0,0
2413,2023/2/19 02:20:24,-7.699999809,-7.599999905,-7.599999905,-7.900000095,-241.4204559,-241.1547699,-241.137146,-2186.666504,-2186.666504,330.409057617188,11.9124097824097,0,0
2414,2023/2/19 02:20:28,-7.800000191,-7.599999905,-7.800000191,-8,-277.3780518,-277.1264648,-277.0919189,-2206.666504,-2200,330.409057617188,11.9124097824097,0,0
2415,2023/2/19 02:20:32,-7.800000191,-7.599999905,-7.599999905,-8,-313.3356628,-313.1628113,-313.1104431,-2220,-2213.333252,330.014770507813,11.931022644043,0,0
2416,2023/2/19 02:20:36,-7.800000191,-7.800000191,-7.599999905,-8,-349.3148499,-349.1129456,-349.0864868,-2213.333252,-2213.333252,329.620483398438,11.9124097824097,0,0
2417,2023/2/19 02:20:40,-5.699999809,-5.599999905,-5.599999905,-5.800000191,-382.254425,-382.0241394,-382.0219727,-360,-373.333313,330.409057617188,11.9124097824097,0,0
2418,2023/2/19 02:20:44,-1.5,-1.5,-1.600000024,-1.700000048,-397.991272,-397.8223877,-397.8624878,-793.333313,-779.999939,329.620483398438,11.9124097824097,0,0
2419,2023/2/19 02:20:48,-1.200000048,-1.100000024,-1.299999952,-1.200000048,-403.4668274,-403.3183594,-403.2843933,-2320,-2320,330.014770507813,11.9124097824097,0,0
2420,2023/2/19 02:20:52,-1,-1.100000024,-1.100000024,-1.100000024,-408.4034729,-408.3401794,-408.3661194,-2033.333252,-2026.666626,330.014770507813,11.9124097824097,0,0
2421,2023/2/19 02:20:56,-0.5,-0.600000024,-0.5,-0.600000024,-412.2622375,-412.2412415,-412.2571411,-1986.666626,-1986.666626,330.409057617188,11.9124097824097,0,0
2422,2023/2/19 02:21:00,-0.200000003,-0.200000003,-0.400000006,-0.100000001,-414.2670593,-414.245636,-414.2345581,-2160,-2153.333252,330.409057617188,10.088321685791,0,0
2423,2023/2/19 02:21:04,0,0,0,0,-415.1508789,-415.1940002,-415.170105,0,0,311.089202880859,7.91058444976807,0,0
2424,2023/2/19 02:21:08,0,0,0,0,-415.1508789,-415.1940002,-415.170105,0,0,220.798416137695,0.781751871109009,0,0
2425,2023/2/19 02:21:12,0,0,0,0,-415.1508789,-415.1940002,-415.170105,0,0,220.009841918945,0.558394193649292,0,0
2426,2023/2/19 02:21:16,0,0,0,0,-415.1508789,-415.1940002,-415.170105,0,0,220.009841918945,0.558394193649292,0,0
2427,2023/2/19 02:21:20,0,0,0,0,-415.1508789,-415.1940002,-415.170105,0,0,220.40412902832,0.558394193649292,0,0
2428,2023/2/19 02:21:24,0,0,0,0,-415.1508789,-415.1940002,-415.170105,0,0,220.40412902832,0.558394193649292,0,0
2429,2023/2/19 02:21:28,0,0,0,0,-415.1508789,-415.1940002,-415.170105,859.999938964844,859.999938964844,327.649078369141,4.74635076522827,0,0
2430,2023/2/19 02:21:32,0,0,0,0,-415.1508789,-415.1940002,-415.170105,2433.33325195313,2413.33325195313,330.014770507813,6.99854040145874,0,0
2431,2023/2/19 02:21:36,0,0.200000002980232,0,0,-414.8490906,-414.8922424,-414.829895,2526.66650390625,2526.66650390625,330.409057617188,8.20839500427246,0,0
2432,2023/2/19 02:21:40,0,0.200000002980232,0.200000002980232,0.100000001490116,-414.2455444,-414.3102722,-414.2557678,2173.33325195313,2160,330.803344726563,9.30657005310059,0,0
2433,2023/2/19 02:21:44,1.5,1.5,1.39999997615814,1.5,-410.6887512,-410.7323303,-410.7898254,2820,2800,330.014770507813,10.2186136245728,0,0
2434,2023/2/19 02:21:48,5.09999990463257,5.19999980926514,5.09999990463257,5.19999980926514,-395.1036377,-395.1703491,-395.3099976,3626.66650390625,3613.33325195313,329.226196289063,11.2237234115601,0,0
2435,2023/2/19 02:21:52,7.40000009536743,7.40000009536743,7.19999980926514,7.5,-364.342926,-364.4559631,-364.584198,2246.66650390625,2253.33325195313,330.014770507813,11.9124097824097,0,0
2436,2023/2/19 02:21:56,7.30000019073486,7.40000009536743,7.40000009536743,7.5,-330.1116638,-330.1851501,-330.3712158,1966.66662597656,1966.66662597656,329.226196289063,11.9124097824097,0,0
2437,2023/2/19 02:22:00,7.69999980926514,7.59999990463257,7.59999990463257,7.80000019073486,-295.2984009,-295.461731,-295.6904297,2053.33325195313,2046.66662597656,330.409057617188,11.9124097824097,0,0
2438,2023/2/19 02:22:04,7.69999980926514,7.59999990463257,7.59999990463257,7.90000009536743,-259.7737732,-259.9192505,-260.1590881,1986.66662597656,1979.99987792969,330.014770507813,11.9124097824097,0,0
2439,2023/2/19 02:22:08,7.69999980926514,7.59999990463257,7.59999990463257,7.90000009536743,-224.1198273,-224.2905426,-224.5639648,1986.66662597656,1986.66662597656,329.226196289063,11.9124097824097,0,0
2440,2023/2/19 02:22:12,7.69999980926514,7.80000019073486,7.59999990463257,8,-188.2718658,-188.3600922,-188.6924286,1986.66662597656,1986.66662597656,329.620483398438,11.9124097824097,0,0
2441,2023/2/19 02:22:16,7.80000019073486,7.80000019073486,7.59999990463257,7.90000009536743,-152.3807831,-152.5373993,-152.8634033,1999.99987792969,1986.66662597656,330.409057617188,11.9124097824097,0,0
2442,2023/2/19 02:22:20,7.80000019073486,7.59999990463257,7.59999990463257,7.90000009536743,-116.4897156,-116.6500473,-116.9705887,1999.99987792969,1993.33325195313,330.014770507813,11.9124097824097,0,0
2443,2023/2/19 02:22:24,7.80000019073486,7.59999990463257,7.59999990463257,8,-80.57707977,-80.76270294,-81.12030792,2006.66662597656,2006.66662597656,329.620483398438,11.9124097824097,0,0
2444,2023/2/19 02:22:28,7.09999990463257,7.09999990463257,7.09999990463257,7.30000019073486,-45.13868713,-45.24176788,-45.65276337,1126.66662597656,1106.66662597656,329.620483398438,11.9124097824097,0,0
2445,2023/2/19 02:22:32,3,3,3.09999990463257,3.20000004768372,-21.38375282,-21.4461937,-21.83762932,0,0,330.014770507813,11.9124097824097,0,0
2446,2023/2/19 02:22:36,1.10000002384186,1.10000002384186,1.10000002384186,1.20000004768372,-13.96841908,-14.07473755,-14.41666222,1953.33325195313,1939.99987792969,330.014770507813,11.9124097824097,0,0
2447,2023/2/19 02:22:40,1.10000002384186,1.29999995231628,1.29999995231628,1.20000004768372,-8.428474426,-8.492261887,-8.866885185,1886.66662597656,1886.66662597656,330.014770507813,11.9124097824097,0,0
2448,2023/2/19 02:22:44,0.699999988079071,0.699999988079071,0.699999988079071,0.800000011920929,-4.095678329,-4.15991497,-4.210175991,1686.66662597656,1679.99987792969,330.014770507813,11.9124097824097,0,0
2449,2023/2/19 02:22:48,0.400000005960464,0.600000023841858,0.5,0.400000005960464,-1.530490279,-1.616547227,-1.637290597,1979.99987792969,1979.99987792969,329.620483398438,11.9124097824097,0,0
2450,2023/2/19 02:22:52,0,0,0,0,-0.668242276,-0.732834756,-0.744222999,2406.66650390625,2393.33325195313,330.014770507813,8.15255546569824,0,0
2451,2023/2/19 02:22:56,0,0,0,0,0.194005817174911,0.215539634227753,0.255162179470062,0,0,280.335113525391,7.91058444976807,0,0
2452,2023/2/19 02:23:00,0,0,0,0,0.194005817174911,0.215539634227753,0.233898654580116,0,0,220.009841918945,0.67007303237915,0,0
2453,2023/2/19 02:23:04,0,0,0,0,0.194005817174911,0.215539634227753,0.233898654580116,0,0,220.009841918945,0.558394193649292,0,0
2454,2023/2/19 02:23:08,0,0,0,0,0.194005817174911,0.215539634227753,0.233898654580116,0,0,220.40412902832,0.558394193649292,0,0
2455,2023/2/19 02:23:12,0,0,0,0,0.194005817174911,0.215539634227753,0.233898654580116,0,0,220.009841918945,0.558394193649292,0,0
2456,2023/2/19 02:23:16,0,0,0,0,0.194005817174911,0.215539634227753,0.233898654580116,0,0,220.009841918945,0.558394193649292,0,0
2457,2023/2/19 02:23:20,0,0,0,0,0.194005817174911,0.215539634227753,0.233898654580116,-1273.333252,-1280,328.043365478516,5.88175201416016,0,0
2458,2023/2/19 02:23:24,0,0,0,0,0.194005817174911,0.215539634227753,0.233898654580116,-2920,-2920,330.014770507813,7.31496381759644,0,0
2459,2023/2/19 02:23:28,0,-0.200000003,-0.200000003,-0.100000001,-0.215562016,-0.172431707,-0.17010811,-2686.666504,-2680,330.409057617188,8.46897888183594,0,0
2460,2023/2/19 02:23:32,-0.5,-0.600000024,-0.5,-0.5,-1.185591102,-1.163913965,-1.148229718,-2773.333252,-2773.333252,330.014770507813,9.51131439208984,0,0
2461,2023/2/19 02:23:36,-2.400000095,-2.599999905,-2.5,-2.5,-7.285996437,-7.199023724,-7.144540787,-3593.333252,-3579.999756,330.014770507813,10.5164241790771,0,0
2462,2023/2/19 02:23:40,-5.599999905,-5.599999905,-5.599999905,-5.699999809,-26.44945908,-26.36049652,-26.21791267,-3599.999756,-3599.999756,329.620483398438,11.5215339660645,0,0
2463,2023/2/19 02:23:44,-7.5,-7.400000095,-7.199999809,-7.599999905,-58.13707733,-58.02326965,-57.90054703,-2426.666504,-2433.333252,330.803344726563,11.9124097824097,0,0
2464,2023/2/19 02:23:48,-7.5,-7.199999809,-7.400000095,-7.599999905,-92.71322632,-92.55271912,-92.43249512,-2173.333252,-2173.333252,330.014770507813,11.9124097824097,0,0
2465,2023/2/19 02:23:52,-7.699999809,-7.599999905,-7.599999905,-7.900000095,-127.6558304,-127.5563583,-127.4322357,-2253.333252,-2253.333252,330.409057617188,11.9124097824097,0,0
2466,2023/2/19 02:23:56,-7.699999809,-7.400000095,-7.599999905,-8,-163.3313446,-163.1850586,-163.091156,-2173.333252,-2186.666504,330.409057617188,11.9124097824097,0,0
2467,2023/2/19 02:24:00,-7.699999809,-7.800000191,-7.599999905,-8,-199.0930786,-198.921524,-198.813858,-2200,-2200,330.409057617188,11.9124097824097,0,0
2468,2023/2/19 02:24:04,-7.800000191,-8,-7.599999905,-7.900000095,-235.0057068,-234.8735352,-234.7491913,-2206.666504,-2206.666504,329.620483398438,11.9124097824097,0,0
2469,2023/2/19 02:24:08,-7.800000191,-8,-7.800000191,-8,-270.9399109,-270.8255615,-270.7483215,-2213.333252,-2206.666504,330.014770507813,11.9124097824097,0,0
2470,2023/2/19 02:24:12,-7.699999809,-7.599999905,-7.800000191,-8,-306.9172058,-306.734436,-306.662384,-2213.333252,-2213.333252,330.409057617188,11.9124097824097,0,0
2471,2023/2/19 02:24:16,-7.699999809,-7.599999905,-7.599999905,-8,-342.9376221,-342.8157959,-342.6402588,-2220,-2220,330.409057617188,11.9124097824097,0,0
2472,2023/2/19 02:24:20,-6.5,-6.5,-6.5,-6.599999905,-377.3197632,-377.2159119,-377.108429,-713.333313,-700,330.014770507813,11.9124097824097,0,0
2473,2023/2/19 02:24:24,-2.099999905,-2,-2.200000048,-2.200000048,-396.5910034,-396.4635925,-396.4156799,-306.6666565,-320,330.014770507813,11.9124097824097,0,0
2474,2023/2/19 02:24:28,-1.100000024,-1.100000024,-1.100000024,-1.200000048,-402.5405273,-402.4555969,-402.3694763,-2320,-2313.333252,330.014770507813,11.9124097824097,0,0
2475,2023/2/19 02:24:32,-1.100000024,-1.100000024,-1.100000024,-1.100000024,-408.1451111,-408.0380859,-407.961792,-2053.333252,-2053.333252,330.409057617188,11.9124097824097,0,0
2476,2023/2/19 02:24:36,-0.600000024,-0.699999988,-0.699999988,-0.600000024,-411.8096924,-411.8315735,-411.8317261,-1926.666626,-1919.999878,330.014770507813,11.9124097824097,0,0
2477,2023/2/19 02:24:40,-0.300000012,-0.400000006,-0.400000006,-0.300000012,-414.0730896,-414.0947571,-414.0856628,-2126.666504,-2126.666504,330.014770507813,11.3912420272827,0,0
2478,2023/2/19 02:24:44,-0.5,-0.600000024,-0.699999988,-0.5,-414.9784546,-415,-414.9787292,-2560,-2546.666504,330.409057617188,7.92919778823853,0,0
2479,2023/2/19 02:24:48,0,0,0,0,-415.1724548,-415.1508789,-415.2126465,0,0,221.586975097656,0.874817550182343,0,0
2480,2023/2/19 02:24:52,0,0,0,0,-415.1724548,-415.1508789,-415.2126465,0,0,220.009841918945,0.558394193649292,0,0
2481,2023/2/19 02:24:56,0,0,0,0,-415.1724548,-415.1508789,-415.2126465,0,0,220.40412902832,0.558394193649292,0,0
2482,2023/2/19 02:25:00,0,0,0,0,-415.1724548,-415.1508789,-415.2126465,0,0,220.40412902832,0.558394193649292,0,0
2483,2023/2/19 02:25:04,0,0,0,0,-415.1724548,-415.1508789,-415.2126465,0,0,220.40412902832,0.558394193649292,0,0
2484,2023/2/19 02:25:08,0,0,0,0,-415.1724548,-415.1508789,-415.2126465,0,0,220.40412902832,0.558394193649292,0,0
2485,2023/2/19 02:25:12,0,0,0,0,-415.1724548,-415.1508789,-415.2126465,286.666656494141,286.666656494141,317.7919922,0.558394193649292,0,0
2486,2023/2/19 02:25:16,0,0,0,0,-415.1724548,-415.1508789,-415.2126465,1846.66662597656,1853.33325195313,330.014770507813,6.60766458511353,0,0
2487,2023/2/19 02:25:20,0,0.200000002980232,0.200000002980232,0.100000001490116,-415.1509094,-415.129303,-415.1488342,3433.33325195313,3426.66650390625,329.620483398438,7.85474491119385,0,0
2488,2023/2/19 02:25:24,0,0.200000002980232,0.200000002980232,0.100000001490116,-414.5473022,-414.5258484,-414.5534668,2306.66650390625,2293.33325195313,330.409057617188,8.89708042144775,0,0
2489,2023/2/19 02:25:28,0.800000011920929,0.899999976158142,0.699999988079071,0.800000011920929,-412.9305115,-412.9309387,-412.9799805,2540,2520,330.014770507813,9.90219020843506,0,0
2490,2023/2/19 02:25:32,3.5,3.5,3.40000009536743,3.59999990463257,-403.8764343,-403.9002686,-404.0492859,3626.66650390625,3613.33325195313,330.014770507813,10.8328475952148,0,0
2491,2023/2/19 02:25:36,6.80000019073486,6.69999980926514,6.69999980926514,6.90000009536743,-379.2148438,-379.2653809,-379.4686584,3226.66650390625,3213.33325195313,329.620483398438,11.8193435668945,0,0
2492,2023/2/19 02:25:40,7.40000009536743,7.40000009536743,7.40000009536743,7.59999990463257,-345.3051758,-345.3843079,-345.659668,1959.99987792969,1959.99987792969,330.409057617188,11.9124097824097,0,0
2493,2023/2/19 02:25:44,7.59999990463257,7.40000009536743,7.40000009536743,7.69999980926514,-311.0074768,-311.1368408,-311.4041748,2173.33325195313,2166.66650390625,330.014770507813,11.9124097824097,0,0
2494,2023/2/19 02:25:48,7.59999990463257,7.40000009536743,7.59999990463257,7.80000019073486,-275.6750488,-275.7686157,-276.064209,2073.33325195313,2053.33325195313,329.620483398438,11.9124097824097,0,0
2495,2023/2/19 02:25:52,7.69999980926514,7.80000019073486,7.59999990463257,7.90000009536743,-240.0407867,-240.0771179,-240.4478149,2080,2073.33325195313,329.620483398438,11.9124097824097,0,0
2496,2023/2/19 02:25:56,7.80000019073486,7.80000019073486,7.59999990463257,8,-204.2556305,-204.4071655,-204.7676392,2080,2066.66650390625,330.803344726563,11.9124097824097,0,0
2497,2023/2/19 02:26:00,7.80000019073486,7.80000019073486,7.59999990463257,8,-168.4273529,-168.5863342,-168.9598846,2086.66650390625,2080,330.014770507813,11.9124097824097,0,0
2498,2023/2/19 02:26:04,7.80000019073486,7.59999990463257,7.59999990463257,7.90000009536743,-132.5128632,-132.6146393,-133.0245361,2086.66650390625,2086.66650390625,329.620483398438,11.9124097824097,0,0
2499,2023/2/19 02:26:08,7.69999980926514,7.80000019073486,7.80000019073486,8,-96.59835815,-96.70761108,-97.15299225,2086.66650390625,2086.66650390625,329.620483398438,11.9124097824097,0,0
2500,2023/2/19 02:26:12,7.80000019073486,8,7.59999990463257,7.90000009536743,-60.61919022,-60.71435928,-61.17512894,2113.33325195313,2106.66650390625,330.014770507813,11.9124097824097,0,0
2501,2023/2/19 02:26:16,5,5,5.09999990463257,5.19999980926514,-29.46885872,-29.57050133,-30.00281906,126.666664123535,140,330.014770507813,11.9124097824097,0,0
2502,2023/2/19 02:26:20,1.29999995231628,1.29999995231628,1.29999995231628,1.39999997615814,-16.31889343,-16.40171432,-16.81943893,1126.66662597656,1106.66662597656,330.014770507813,11.9124097824097,0,0
2503,2023/2/19 02:26:24,1.20000004768372,1.29999995231628,1.29999995231628,1.29999995231628,-10.92956257,-11.01350307,-11.4397707,2153.33325195313,2153.33325195313,330.014770507813,11.9124097824097,0,0
2504,2023/2/19 02:26:28,1,1.10000002384186,1.10000002384186,1,-5.928263664,-6.013243198,-6.03883791,1926.66662597656,1926.66662597656,330.014770507813,11.9124097824097,0,0
2505,2023/2/19 02:26:32,0.5,0.600000023841858,0.5,0.5,-2.522206783,-2.629446983,-2.636675835,1953.33325195313,1953.33325195313,330.409057617188,11.9124097824097,0,0
2506,2023/2/19 02:26:36,0,0,0.200000002980232,0.100000001490116,-0.689834297,-0.775902331,-0.786750019,2026.66662597656,2019.99987792969,329.620483398438,9.6788330078125,0,0
2507,2023/2/19 02:26:40,0.100000001490116,0.200000002980232,0.400000005960464,0.200000002980232,-0.452703774,-0.538821101,-0.552851379,2660,2646.66650390625,330.014770507813,7.91058444976807,0,0
2508,2023/2/19 02:26:44,0,0,0,0,0.237130537629128,0.280186951160431,0.212635144591331,0,0,225.135528564453,2.28941631317139,0,0
2509,2023/2/19 02:26:48,0,0,0,0,0.237130537629128,0.280186951160431,0.212635144591331,0,0,220.009841918945,0.595620453357697,0,0
2510,2023/2/19 02:26:52,0,0,0,0,0.237130537629128,0.280186951160431,0.212635144591331,0,0,220.40412902832,0.558394193649292,0,0
2511,2023/2/19 02:26:56,0,0,0,0,0.237130537629128,0.280186951160431,0.212635144591331,0,0,220.009841918945,0.558394193649292,0,0
2512,2023/2/19 02:27:00,0,0,0,0,0.237130537629128,0.280186951160431,0.212635144591331,0,0,220.009841918945,0.558394193649292,0,0
2513,2023/2/19 02:27:04,0,0,0,0,0.237130537629128,0.280186951160431,0.212635144591331,-33.33333206,-40,296.1064453,0.558394193649292,0,0
2514,2023/2/19 02:27:08,0,0,0,0,0.237130537629128,0.280186951160431,0.212635144591331,-1813.333252,-1806.666626,329.620483398438,6.58905172348022,0,0
2515,2023/2/19 02:27:12,0,-0.200000003,-0.200000003,0,0.215573221445084,0.258634120225906,0.170108109712601,-3459.999756,-3446.666504,330.409057617188,7.70584011077881,0,0
2516,2023/2/19 02:27:16,0,-0.200000003,-0.200000003,-0.100000001,-0.388031811,-0.323292643,-0.425270289,-2400,-2400,330.014770507813,8.82262802124023,0,0
2517,2023/2/19 02:27:20,-0.800000012,-0.699999988,-0.699999988,-0.800000012,-2.220404148,-2.155284405,-2.232668877,-2640,-2640,329.620483398438,9.82773780822754,0,0
2518,2023/2/19 02:27:24,-3.5,-3.299999952,-3.400000095,-3.5,-11.79185486,-11.70319366,-11.69493294,-3606.666504,-3606.666504,329.620483398438,10.7211685180664,0,0
2519,2023/2/19 02:27:28,-6.5,-6.699999809,-6.300000191,-6.599999905,-35.48335266,-35.34666443,-35.31869507,-3479.999756,-3473.333252,330.014770507813,11.8379573822021,0,0
2520,2023/2/19 02:27:32,-7.5,-7.400000095,-7.400000095,-7.599999905,-69.13433075,-69.01220703,-68.97883606,-2153.333252,-2146.666504,330.014770507813,11.9124097824097,0,0
2521,2023/2/19 02:27:36,-7.599999905,-7.400000095,-7.400000095,-7.800000191,-103.6691589,-103.5183029,-103.4895248,-2260,-2266.666504,329.620483398438,11.9124097824097,0,0
2522,2023/2/19 02:27:40,-7.599999905,-7.800000191,-7.599999905,-7.900000095,-138.9800568,-138.8003082,-138.7869568,-2226.666504,-2220,330.014770507813,11.9124097824097,0,0
2523,2023/2/19 02:27:44,-7.699999809,-7.800000191,-7.599999905,-8,-174.700531,-174.5349274,-174.5096588,-2186.666504,-2186.666504,330.409057617188,11.9124097824097,0,0
2524,2023/2/19 02:27:48,-7.800000191,-7.800000191,-7.599999905,-7.900000095,-210.5288086,-210.3126373,-210.2961578,-2213.333252,-2213.333252,330.014770507813,11.9124097824097,0,0
2525,2023/2/19 02:27:52,-7.900000095,-7.800000191,-7.800000191,-7.900000095,-246.4217529,-246.2843475,-246.2740173,-2206.666504,-2220,330.014770507813,11.9124097824097,0,0
2526,2023/2/19 02:27:56,-7.699999809,-7.800000191,-7.800000191,-7.900000095,-282.3578186,-282.1482849,-282.1668396,-2220,-2206.666504,330.409057617188,11.9124097824097,0,0
2527,2023/2/19 02:28:00,-7.699999809,-7.599999905,-7.800000191,-7.900000095,-318.3800964,-318.1199646,-318.1446838,-2226.666504,-2220,330.409057617188,11.9124097824097,0,0
2528,2023/2/19 02:28:04,-7.800000191,-7.599999905,-7.599999905,-8,-354.4023743,-354.177887,-354.1651001,-2240,-2226.666504,329.620483398438,11.9124097824097,0,0
2529,2023/2/19 02:28:08,-5.099999905,-5.199999809,-4.900000095,-5.199999809,-385.6604919,-385.4510498,-385.5075073,-213.3333282,-226.6666565,330.014770507813,11.9124097824097,0,0
2530,2023/2/19 02:28:12,-1.299999952,-1.299999952,-1.399999976,-1.399999976,-398.9182434,-398.7707214,-398.8184814,-1220,-1206.666626,330.014770507813,11.9124097824097,0,0
2531,2023/2/19 02:28:16,-1.200000048,-1.299999952,-1.100000024,-1.200000048,-404.3075867,-404.1373596,-404.1556091,-2300,-2300,330.014770507813,11.9124097824097,0,0
2532,2023/2/19 02:28:20,-1,-1.100000024,-0.899999976,-1,-409.1148682,-409.0514221,-409.1100159,-2053.333252,-2046.666626,330.014770507813,11.9124097824097,0,0
2533,2023/2/19 02:28:24,-0.5,-0.600000024,-0.5,-0.5,-412.6502686,-412.6291809,-412.6610107,-2053.333252,-2053.333252,330.014770507813,11.9124097824097,0,0
2534,2023/2/19 02:28:28,0,0,-0.200000003,0,-414.3317261,-414.3318481,-414.3408203,-2293.333252,-2286.666504,330.014770507813,9.15766525268555,0,0
2535,2023/2/19 02:28:32,0,0,0,0,-415.1509094,-415.2155457,-415.1913757,0,0,276.786590576172,7.91058444976807,0,0
2536,2023/2/19 02:28:36,0,0,0,0,-415.1509094,-415.2155457,-415.1913757,0,0,220.40412902832,0.67007303237915,0,0
2537,2023/2/19 02:28:40,0,0,0,0,-415.1509094,-415.2155457,-415.1913757,0,0,220.40412902832,0.558394193649292,0,0
2538,2023/2/19 02:28:44,0,0,0,0,-415.1509094,-415.2155457,-415.1913757,0,0,220.40412902832,0.558394193649292,0,0
2539,2023/2/19 02:28:48,0,0,0,0,-415.1509094,-415.2155457,-415.1913757,0,0,220.40412902832,0.558394193649292,0,0
2540,2023/2/19 02:28:52,0,0,0,0,-415.1509094,-415.2155457,-415.1913757,0,0,220.40412902832,0.558394193649292,0,0
2541,2023/2/19 02:28:56,0,0,0,0,-415.1509094,-415.2155457,-415.1913757,653.333312988281,660,317.397705078125,3.42481780052185,0,0
2542,2023/2/19 02:29:00,0,0,0,0,-415.1509094,-415.2155457,-415.1913757,2220,2226.66650390625,330.014770507813,6.97992753982544,0,0
2543,2023/2/19 02:29:04,0,0.200000002980232,0.200000002980232,0.100000001490116,-414.9568787,-415,-414.957489,3006.66650390625,2980,330.409057617188,8.00364971160889,0,0
2544,2023/2/19 02:29:08,0,0,0,0.100000001490116,-414.3748474,-414.4180603,-414.3833618,2166.66650390625,2160,329.620483398438,9.00875949859619,0,0
2545,2023/2/19 02:29:12,1.10000002384186,1.10000002384186,1.10000002384186,1.20000004768372,-411.6586304,-411.7238159,-411.7466736,2580,2560,330.014770507813,10.0138692855835,0,0
2546,2023/2/19 02:29:16,4.5,4.5,4.30000019073486,4.59999990463257,-398.7242432,-398.8129883,-398.9673157,3573.33325195313,3559.99975585938,330.409057617188,11.1306571960449,0,0
2547,2023/2/19 02:29:20,7.19999980926514,7.19999980926514,7.19999980926514,7.40000009536743,-370.1607666,-370.2755432,-370.4742126,2653.33325195313,2660,330.014770507813,11.9124097824097,0,0
2548,2023/2/19 02:29:24,7.40000009536743,7.40000009536743,7.19999980926514,7.5,-335.8846436,-336.0478516,-336.2612,1973.33325195313,1959.99987792969,330.409057617188,11.9124097824097,0,0
2549,2023/2/19 02:29:28,7.59999990463257,7.59999990463257,7.40000009536743,7.80000019073486,-301.3497925,-301.4752808,-301.7080078,2146.66650390625,2133.33325195313,329.620483398438,11.9124097824097,0,0
2550,2023/2/19 02:29:32,7.69999980926514,7.80000019073486,7.59999990463257,8,-265.8449097,-265.997467,-266.2829895,2026.66662597656,2019.99987792969,329.620483398438,11.9124097824097,0,0
2551,2023/2/19 02:29:36,7.69999980926514,7.80000019073486,7.80000019073486,8,-230.1890869,-230.3471985,-230.6665955,2053.33325195313,2046.66662597656,330.409057617188,11.9124097824097,0,0
2552,2023/2/19 02:29:40,7.80000019073486,7.80000019073486,7.59999990463257,8,-194.38237,-194.5460663,-194.8588409,2046.66662597656,2046.66662597656,330.409057617188,11.9124097824097,0,0
2553,2023/2/19 02:29:44,7.80000019073486,7.59999990463257,7.59999990463257,8,-158.5109863,-158.6802826,-159.0085602,2053.33325195313,2053.33325195313,329.620483398438,11.9124097824097,0,0
2554,2023/2/19 02:29:48,7.80000019073486,7.80000019073486,7.59999990463257,8,-122.596489,-122.7713776,-123.1582718,2066.66650390625,2060,329.620483398438,11.9124097824097,0,0
2555,2023/2/19 02:29:52,7.80000019073486,8,7.59999990463257,8,-86.63887787,-86.77625275,-87.20166779,2073.33325195313,2066.66650390625,330.014770507813,11.9124097824097,0,0
2556,2023/2/19 02:29:56,7.5,7.59999990463257,7.40000009536743,7.69999980926514,-50.85372162,-51.06134033,-51.45770264,1646.66662597656,1626.66662597656,330.409057617188,11.9124097824097,0,0
2557,2023/2/19 02:30:00,3.79999995231628,3.90000009536743,3.59999990463257,3.90000009536743,-23.97174263,-24.11888504,-24.49556732,6.66666650772095,13.3333330154419,330.014770507813,11.9124097824097,0,0
2558,2023/2/19 02:30:04,1.10000002384186,1.10000002384186,1.10000002384186,1.20000004768372,-14.87455273,-15.0015583,-15.37352085,1759.99987792969,1759.99987792969,329.620483398438,11.9124097824097,0,0
2559,2023/2/19 02:30:08,1.20000004768372,1.29999995231628,1.29999995231628,1.20000004768372,-9.398992538,-9.483743668,-9.887534142,1999.99987792969,1999.99987792969,330.409057617188,11.9124097824097,0,0
2560,2023/2/19 02:30:12,0.899999976158142,0.899999976158142,0.899999976158142,0.899999976158142,-4.807282925,-4.871195793,-4.91187191,1753.33325195313,1819.99987792969,330.014770507813,11.9124097824097,0,0
2561,2023/2/19 02:30:16,0.400000005960464,0.600000023841858,0.5,0.5,-1.961716294,-2.026072502,-2.062560797,2046.66662597656,2039.99987792969,330.014770507813,11.9124097824097,0,0
2562,2023/2/19 02:30:20,0,0,0,0,-0.668276966,-0.732834756,-0.744222999,2286.66650390625,2280,330.409057617188,8.48759174346924,0,0
2563,2023/2/19 02:30:24,0,0.600000023841858,0.699999988079071,0.699999988079071,0.0431146435439587,0.0646618902683258,0.0637905448675156,2300,0,330.014770507813,7.91058444976807,0,0
2564,2023/2/19 02:30:28,0,0,0,0,0.215573221445084,0.258647561073303,0.170108109712601,0,0,221.19270324707,0.874817550182343,0,0
2565,2023/2/19 02:30:32,0,0,0,0,0.215573221445084,0.258647561073303,0.170108109712601,0,0,220.009841918945,0.558394193649292,0,0
2566,2023/2/19 02:30:36,0,0,0,0,0.215573221445084,0.258647561073303,0.170108109712601,0,0,220.009841918945,0.558394193649292,0,0
2567,2023/2/19 02:30:40,0,0,0,0,0.215573221445084,0.258647561073303,0.170108109712601,0,0,220.40412902832,0.558394193649292,0,0
2568,2023/2/19 02:30:44,0,0,0,0,0.215573221445084,0.258647561073303,0.170108109712601,0,0,220.009841918945,0.558394193649292,0,0
2569,2023/2/19 02:30:48,0,0,0,0,0.215573221445084,0.258647561073303,0.170108109712601,-839.999939,-846.666626,325.677673339844,4.48576688766479,0,0
2570,2023/2/19 02:30:52,0,0,0,0,0.215573221445084,0.258647561073303,0.170108109712601,-2480,-2486.666504,330.014770507813,7.11021947860718,0,0
2571,2023/2/19 02:30:56,0,0,0,-0.100000001,-0.021557322,0.0215539634227753,-0.106317572,-2873.333252,-2853.333252,330.409057617188,8.11532878875732,0,0
2572,2023/2/19 02:31:00,0,-0.200000003,-0.200000003,-0.200000003,-0.646719635,-0.581956983,-0.722959459,-2353.333252,-2373.333252,330.409057617188,9.21350383758545,0,0
2573,2023/2/19 02:31:04,-1.5,-1.5,-1.399999976,-1.5,-4.246792316,-4.15991497,-4.273966312,-3026.666504,-3040,330.014770507813,10.274453163147,0,0
2574,2023/2/19 02:31:08,-4.599999905,-4.599999905,-4.5,-4.699999809,-18.66864014,-18.53640747,-18.56304741,-3593.333252,-3593.333252,330.014770507813,11.2981758117676,0,0
2575,2023/2/19 02:31:12,-7.099999905,-7.099999905,-7.099999905,-7.300000191,-46.97340393,-46.7936554,-46.80099487,-2966.666504,-2960,330.803344726563,11.9124097824097,0,0
2576,2023/2/19 02:31:16,-7.5,-7.400000095,-7.199999809,-7.599999905,-81.46511841,-81.32310486,-81.31167603,-2113.333252,-2106.666504,330.014770507813,11.9124097824097,0,0
2577,2023/2/19 02:31:20,-7.599999905,-7.599999905,-7.400000095,-7.900000095,-116.1508484,-115.9603195,-115.9712067,-2300,-2286.666504,330.014770507813,11.931022644043,0,0
2578,2023/2/19 02:31:24,-7.699999809,-7.599999905,-7.400000095,-7.900000095,-151.6773224,-151.5028076,-151.5238037,-2193.333252,-2193.333252,330.409057617188,11.9124097824097,0,0
2579,2023/2/19 02:31:28,-7.699999809,-7.599999905,-7.599999905,-7.900000095,-187.440918,-187.2608337,-187.2677612,-2206.666504,-2220,330.409057617188,11.9124097824097,0,0
2580,2023/2/19 02:31:32,-7.900000095,-7.800000191,-7.599999905,-7.900000095,-223.3123016,-223.105072,-223.0967865,-2213.333252,-2206.666504,330.014770507813,11.9124097824097,0,0
2581,2023/2/19 02:31:36,-7.900000095,-7.800000191,-7.599999905,-8,-259.2483521,-259.0786438,-259.0959167,-2226.666504,-2226.666504,329.620483398438,11.9124097824097,0,0
2582,2023/2/19 02:31:40,-7.699999809,-7.800000191,-7.599999905,-8,-295.2059631,-295.0522156,-295.1163025,-2233.333252,-2226.666504,330.409057617188,11.9124097824097,0,0
2583,2023/2/19 02:31:44,-7.699999809,-7.599999905,-7.800000191,-8,-331.228241,-330.982666,-331.0516357,-2240,-2226.666504,330.409057617188,11.9124097824097,0,0
2584,2023/2/19 02:31:48,-7.400000095,-7.199999809,-7.199999809,-7.599999905,-366.9703064,-366.7406921,-366.774353,-1579.999878,-1586.666626,330.409057617188,11.9124097824097,0,0
2585,2023/2/19 02:31:52,-3.5,-3.299999952,-3.400000095,-3.599999905,-392.6019592,-392.4330139,-392.4606628,-106.6666641,-106.6666641,330.014770507813,11.9124097824097,0,0
2586,2023/2/19 02:31:56,-1,-1.100000024,-0.899999976,-1.100000024,-400.8152771,-400.6881714,-400.7534485,-2039.999878,-2026.666626,329.620483398438,11.9124097824097,0,0
2587,2023/2/19 02:32:00,-1.200000048,-1.299999952,-1.299999952,-1.200000048,-406.3555298,-406.2059937,-406.2394409,-2153.333252,-2146.666504,330.409057617188,11.9124097824097,0,0
2588,2023/2/19 02:32:04,-0.800000012,-0.699999988,-0.899999976,-0.800000012,-410.6885376,-410.6676636,-410.6835022,-1899.999878,-1899.999878,330.014770507813,11.9124097824097,0,0
2589,2023/2/19 02:32:08,-0.400000006,-0.400000006,-0.400000006,-0.400000006,-413.4694519,-413.4481201,-413.4477539,-2193.333252,-2186.666504,330.014770507813,11.9124097824097,0,0
2590,2023/2/19 02:32:12,0,0,0,0,-414.353302,-414.3318481,-414.3195801,-2686.666504,-2693.333252,329.620483398438,8.22700786590576,0,0
2591,2023/2/19 02:32:16,0,0,0,0,-415.1724548,-415.1940002,-415.127594,0,0,231.838333129883,3.48065710067749,0,0
2592,2023/2/19 02:32:20,0,0,0,0,-415.1724548,-415.1940002,-415.127594,0,0,220.798416137695,0.67007303237915,0,0
2593,2023/2/19 02:32:24,0,0,0,0,-415.1724548,-415.1940002,-415.127594,0,0,220.009841918945,0.558394193649292,0,0
2594,2023/2/19 02:32:28,0,0,0,0,-415.1724548,-415.1940002,-415.127594,0,0,220.40412902832,0.558394193649292,0,0
2595,2023/2/19 02:32:32,0,0,0,0,-415.1724548,-415.1940002,-415.127594,0,0,220.009841918945,0.558394193649292,0,0
2596,2023/2/19 02:32:36,0,0,0,0,-415.1724548,-415.1940002,-415.127594,0,0,220.009841918945,0.558394193649292,0,0
2597,2023/2/19 02:32:40,0,0,0,0,-415.1724548,-415.1940002,-415.127594,1300,1286.66662597656,328.437652587891,6.06788349151611,0,0
2598,2023/2/19 02:32:44,0,0,0,0,-415.1724548,-415.1940002,-415.127594,2873.33325195313,2853.33325195313,330.014770507813,7.40802955627441,0,0
2599,2023/2/19 02:32:48,0,0,0.200000002980232,0.100000001490116,-414.7628784,-414.7629089,-414.702301,2620,2620,330.014770507813,8.41313934326172,0,0
2600,2023/2/19 02:32:52,0.400000005960464,0.400000005960464,0.400000005960464,0.400000005960464,-413.9006348,-413.9223022,-413.8730469,2600,2593.33325195313,329.620483398438,9.41824913024902,0,0
2601,2023/2/19 02:32:56,2.29999995231628,2.20000004768372,2.40000009536743,2.40000009536743,-408.3391418,-408.3182678,-408.3870544,3486.66650390625,3479.99975585938,330.014770507813,10.5722637176514,0,0
2602,2023/2/19 02:33:00,6,5.90000009536743,5.80000019073486,6,-388.6583252,-388.7472839,-388.8458862,3566.66650390625,3553.33325195313,330.409057617188,11.6145992279053,0,0
2603,2023/2/19 02:33:04,7.40000009536743,7.40000009536743,7.40000009536743,7.59999990463257,-356.1084595,-356.1792297,-356.3552246,2080,2066.66650390625,329.226196289063,11.9124097824097,0,0
2604,2023/2/19 02:33:08,7.5,7.59999990463257,7.40000009536743,7.59999990463257,-321.8556519,-321.9946594,-322.1847534,2113.33325195313,2100,330.409057617188,11.9124097824097,0,0
2605,2023/2/19 02:33:12,7.69999980926514,7.59999990463257,7.59999990463257,7.90000009536743,-286.8268127,-286.9479065,-287.1637573,2080,2080,330.014770507813,11.9124097824097,0,0
2606,2023/2/19 02:33:16,7.59999990463257,7.40000009536743,7.40000009536743,8,-251.2375336,-251.2976532,-251.568634,2039.99987792969,2039.99987792969,329.226196289063,11.9124097824097,0,0
2607,2023/2/19 02:33:20,7.69999980926514,7.80000019073486,7.59999990463257,7.90000009536743,-215.497345,-215.6258545,-215.9309845,2053.33325195313,2053.33325195313,330.014770507813,11.9124097824097,0,0
2608,2023/2/19 02:33:24,7.80000019073486,8,7.59999990463257,7.90000009536743,-179.6493835,-179.7600555,-180.1019592,2053.33325195313,2046.66662597656,330.409057617188,11.9124097824097,0,0
2609,2023/2/19 02:33:28,7.80000019073486,7.59999990463257,7.59999990463257,8,-143.758316,-143.8727112,-144.1878815,2053.33325195313,2053.33325195313,329.620483398438,11.9124097824097,0,0
2610,2023/2/19 02:33:32,7.69999980926514,7.59999990463257,7.80000019073486,7.90000009536743,-107.8456802,-107.9422455,-108.2950745,2073.33325195313,2066.66650390625,329.226196289063,11.9124097824097,0,0
2611,2023/2/19 02:33:36,7.80000019073486,8,7.59999990463257,8,-71.91149139,-71.99023438,-72.40226746,2080,2073.33325195313,329.620483398438,11.9124097824097,0,0
2612,2023/2/19 02:33:40,6.40000009536743,6.5,6.30000019073486,6.5,-37.61557388,-37.71943665,-38.08295441,573.333312988281,573.333312988281,330.409057617188,11.9124097824097,0,0
2613,2023/2/19 02:33:44,2,2,2,2.20000004768372,-18.60300255,-18.62262344,-19.00958061,260,239.999984741211,330.014770507813,11.9124097824097,0,0
2614,2023/2/19 02:33:48,1.10000002384186,1.10000002384186,1.10000002384186,1.20000004768372,-12.63193417,-12.69528389,-13.05579758,2173.33325195313,2153.33325195313,330.014770507813,11.9124097824097,0,0
2615,2023/2/19 02:33:52,1.10000002384186,1.10000002384186,1.10000002384186,1.10000002384186,-7.113546371,-7.134361744,-7.527284145,1906.66662597656,1906.66662597656,330.014770507813,11.9124097824097,0,0
2616,2023/2/19 02:33:56,0.600000023841858,0.600000023841858,0.5,0.600000023841858,-3.298098803,-3.362418175,-3.380898714,1793.33325195313,1786.66662597656,330.014770507813,11.9124097824097,0,0
2617,2023/2/19 02:34:00,0.300000011920929,0.400000005960464,0.400000005960464,0.400000005960464,-1.034697652,-1.120806098,-1.126966238,1946.66662597656,1946.66662597656,330.014770507813,11.9124097824097,0,0
2618,2023/2/19 02:34:04,0,0,0.200000002980232,0.100000001490116,-0.582017422,-0.646618903,-0.680432439,2573.33325195313,2566.66650390625,330.409057617188,8.00364971160889,0,0
2619,2023/2/19 02:34:08,0,0,0,0,0.23711821436882,0.237093597650528,0.233898654580116,0,0,232.626892089844,3.23868632316589,0,0
2620,2023/2/19 02:34:12,0,0,0,0,0.23711821436882,0.237093597650528,0.170108109712601,0,0,220.40412902832,0.577007353305817,0,0
2621,2023/2/19 02:34:16,0,0,0,0,0.23711821436882,0.237093597650528,0.148844599723816,0,0,220.009841918945,0.558394193649292,0,0
2622,2023/2/19 02:34:20,0,0,0,0,0.23711821436882,0.237093597650528,0.148844599723816,0,0,220.40412902832,0.558394193649292,0,0
2623,2023/2/19 02:34:24,0,0,0,0,0.23711821436882,0.237093597650528,0.148844599723816,0,0,220.009841918945,0.558394193649292,0,0
2624,2023/2/19 02:34:28,0,0,0,0,0.23711821436882,0.237093597650528,0.148844599723816,0,0,262.592407226563,0.558394193649292,0,0
2625,2023/2/19 02:34:32,0,0,0,0,0.23711821436882,0.237093597650528,0.148844599723816,-1693.333252,-1686.666626,329.620483398438,6.45875930786133,0,0
2626,2023/2/19 02:34:36,0,0,0,0,0.23711821436882,0.237093597650528,0.127581089735031,-3339.999756,-3319.999756,329.620483398438,7.59416103363037,0,0
2627,2023/2/19 02:34:40,0,0,-0.200000003,-0.100000001,-0.323343039,-0.323309451,-0.425270289,-2486.666504,-2493.333252,330.409057617188,8.71094989776611,0,0
2628,2023/2/19 02:34:44,-0.699999988,-0.699999988,-0.699999988,-0.800000012,-1.875389576,-1.853640795,-1.977506757,-2660,-2660,329.620483398438,9.7160587310791,0,0
2629,2023/2/19 02:34:48,-3.200000048,-3.299999952,-3.299999952,-3.299999952,-10.43320179,-10.36745644,-10.39785862,-3606.666504,-3599.999756,330.014770507813,10.7956209182739,0,0
2630,2023/2/19 02:34:52,-6.300000191,-6.099999905,-6.300000191,-6.5,-33.34744263,-33.21465683,-33.21360779,-3499.999756,-3499.999756,330.409057617188,11.8193435668945,0,0
2631,2023/2/19 02:34:56,-7.599999905,-7.599999905,-7.400000095,-7.599999905,-66.80266571,-66.66640472,-66.63985443,-2126.666504,-2126.666504,330.014770507813,11.9124097824097,0,0
2632,2023/2/19 02:35:00,-7.400000095,-7.400000095,-7.400000095,-7.599999905,-101.2925949,-101.1527481,-101.1717987,-2213.333252,-2213.333252,330.409057617188,11.9124097824097,0,0
2633,2023/2/19 02:35:04,-7.699999809,-7.800000191,-7.599999905,-7.800000191,-136.5585327,-136.4581451,-136.4479675,-2193.333252,-2186.666504,330.409057617188,11.9124097824097,0,0
2634,2023/2/19 02:35:08,-7.699999809,-7.599999905,-7.599999905,-7.800000191,-172.2771606,-172.1299438,-172.1068878,-2153.333252,-2146.666504,330.014770507813,11.9124097824097,0,0
2635,2023/2/19 02:35:12,-7.900000095,-7.800000191,-7.599999905,-8,-208.082016,-207.9741974,-207.9571686,-2166.666504,-2160,329.620483398438,11.9124097824097,0,0
2636,2023/2/19 02:35:16,-7.800000191,-7.800000191,-7.599999905,-8,-243.9730988,-243.8615417,-243.8925018,-2166.666504,-2166.666504,330.014770507813,11.9124097824097,0,0
2637,2023/2/19 02:35:20,-7.699999809,-7.599999905,-7.800000191,-7.900000095,-279.9503784,-279.7704468,-279.8065796,-2180,-2166.666504,330.409057617188,11.9124097824097,0,0
2638,2023/2/19 02:35:24,-7.800000191,-7.599999905,-7.599999905,-8,-315.9923706,-315.8302307,-315.8269653,-2180,-2173.333252,330.014770507813,11.9124097824097,0,0
2639,2023/2/19 02:35:28,-7.800000191,-7.800000191,-7.599999905,-8,-351.9912109,-351.8038025,-351.7835693,-2200,-2193.333252,330.014770507813,11.931022644043,0,0
2640,2023/2/19 02:35:32,-5.400000095,-5.400000095,-5.400000095,-5.5,-384.0668335,-383.9191895,-383.976532,-260,-253.3333282,330.014770507813,11.9124097824097,0,0
2641,2023/2/19 02:35:36,-1.399999976,-1.5,-1.399999976,-1.5,-398.509491,-398.4250183,-398.478241,-959.999939,-973.333313,330.014770507813,11.9124097824097,0,0
2642,2023/2/19 02:35:40,-1.200000048,-1.299999952,-1.100000024,-1.200000048,-403.9416504,-403.8781738,-403.8791809,-2266.666504,-2273.333252,330.014770507813,11.9124097824097,0,0
2643,2023/2/19 02:35:44,-1,-1.100000024,-1.100000024,-1,-408.8349304,-408.8140259,-408.8335876,-1999.999878,-1999.999878,330.014770507813,11.9124097824097,0,0
2644,2023/2/19 02:35:48,-0.5,-0.600000024,-0.5,-0.5,-412.5210266,-412.5213013,-412.5334473,-1993.333252,-1993.333252,330.014770507813,11.9124097824097,0,0
2645,2023/2/19 02:35:52,0,-0.200000003,-0.200000003,-0.100000001,-414.3317566,-414.3318481,-414.3195801,-2186.666504,-2173.333252,330.014770507813,9.66021919250488,0,0
2646,2023/2/19 02:35:56,0,0,0,0,-415.1724548,-415.1940002,-415.1914063,0,0,300.837829589844,7.91058444976807,0,0
2647,2023/2/19 02:36:00,0,0,0,0,-415.1724548,-415.1724548,-415.1914063,0,0,220.40412902832,0.72591245174408,0,0
2648,2023/2/19 02:36:04,0,0,0,0,-415.1724548,-415.1724548,-415.1914063,0,0,220.009841918945,0.558394193649292,0,0
2649,2023/2/19 02:36:08,0,0,0,0,-415.1724548,-415.1724548,-415.1914063,0,0,220.40412902832,0.558394193649292,0,0
2650,2023/2/19 02:36:12,0,0,0,0,-415.1724548,-415.1724548,-415.1914063,0,0,220.40412902832,0.558394193649292,0,0
2651,2023/2/19 02:36:16,0,0,0,0,-415.1724548,-415.1724548,-415.1914063,0,0,220.40412902832,0.558394193649292,0,0
2652,2023/2/19 02:36:20,0,0,0,0,-415.1724548,-415.1724548,-415.1914063,859.999938964844,866.666625976563,328.043365478516,4.39270114898682,0,0
2653,2023/2/19 02:36:24,0,0,0,0,-415.1724548,-415.1724548,-415.1914063,2433.33325195313,2433.33325195313,330.014770507813,7.1660590171814,0,0
2654,2023/2/19 02:36:28,0,0,0,0,-414.8922119,-414.9137878,-414.8724365,2640,2620,330.014770507813,8.20839500427246,0,0
2655,2023/2/19 02:36:32,0,0.200000002980232,0.200000002980232,0.100000001490116,-414.3102112,-414.3318481,-414.2982788,2173.33325195313,2173.33325195313,330.409057617188,9.21350383758545,0,0
2656,2023/2/19 02:36:36,1.29999995231628,1.29999995231628,1.29999995231628,1.39999997615814,-411.0336609,-411.0340881,-411.0660706,2786.66650390625,2786.66650390625,329.620483398438,10.2186136245728,0,0
2657,2023/2/19 02:36:40,4.80000019073486,4.80000019073486,4.69999980926514,5,-396.3754272,-396.4205017,-396.6061401,3626.66650390625,3606.66650390625,329.226196289063,11.3912420272827,0,0
2658,2023/2/19 02:36:44,7.30000019073486,7.19999980926514,7.19999980926514,7.40000009536743,-366.5416565,-366.5682678,-366.7506409,2473.33325195313,2473.33325195313,328.831909179688,11.9124097824097,0,0
2659,2023/2/19 02:36:48,7.40000009536743,7.40000009536743,7.19999980926514,7.5,-332.2673035,-332.3190002,-332.5783997,1999.99987792969,1999.99987792969,330.014770507813,11.9124097824097,0,0
2660,2023/2/19 02:36:52,7.69999980926514,7.40000009536743,7.40000009536743,7.69999980926514,-297.583374,-297.6602478,-297.8958435,2140,2133.33325195313,330.409057617188,11.9124097824097,0,0
2661,2023/2/19 02:36:56,7.69999980926514,7.59999990463257,7.40000009536743,7.80000019073486,-262.0587463,-262.1608582,-262.4264832,2039.99987792969,2026.66662597656,329.226196289063,11.9124097824097,0,0
2662,2023/2/19 02:37:00,7.69999980926514,7.59999990463257,7.59999990463257,7.90000009536743,-226.3616791,-226.4674988,-226.7870026,2060,2053.33325195313,329.226196289063,11.9124097824097,0,0
2663,2023/2/19 02:37:04,7.80000019073486,7.80000019073486,7.59999990463257,8,-190.5568237,-190.6016998,-190.9561462,2053.33325195313,2053.33325195313,330.409057617188,11.9124097824097,0,0
2664,2023/2/19 02:37:08,7.80000019073486,7.80000019073486,7.59999990463257,8,-154.665741,-154.822113,-155.1678162,2066.66650390625,2066.66650390625,330.409057617188,11.9124097824097,0,0
2665,2023/2/19 02:37:12,7.69999980926514,7.80000019073486,7.59999990463257,8,-118.7531128,-118.8701096,-119.2518997,2066.66650390625,2060,329.620483398438,11.9124097824097,0,0
2666,2023/2/19 02:37:16,7.69999980926514,7.59999990463257,7.40000009536743,8,-82.81892395,-82.91809845,-83.31472015,2080,2073.33325195313,329.226196289063,11.9124097824097,0,0
2667,2023/2/19 02:37:20,7.30000019073486,7.19999980926514,7.19999980926514,7.5,-47.18652725,-47.2462883,-47.67524338,1353.33325195313,1340,330.014770507813,11.9124097824097,0,0
2668,2023/2/19 02:37:24,3.29999995231628,3.5,3.29999995231628,3.40000009536743,-22.24600029,-22.30835152,-22.68933296,26.6666660308838,26.6666660308838,330.014770507813,11.9124097824097,0,0
2669,2023/2/19 02:37:28,1.10000002384186,1.10000002384186,1.10000002384186,1.20000004768372,-14.2917614,-14.35493946,-14.71510601,1939.99987792969,1939.99987792969,330.409057617188,11.9124097824097,0,0
2670,2023/2/19 02:37:32,1.10000002384186,1.10000002384186,1.10000002384186,1.20000004768372,-8.751817703,-8.794016838,-9.186308861,1973.33325195313,1966.66662597656,330.014770507813,11.9124097824097,0,0
2671,2023/2/19 02:37:36,0.800000011920929,0.699999988079071,0.899999976158142,0.800000011920929,-4.311240196,-4.375454426,-4.401772976,1759.99987792969,1753.33325195313,330.014770507813,11.9124097824097,0,0
2672,2023/2/19 02:37:40,0.400000005960464,0.600000023841858,0.400000005960464,0.400000005960464,-1.65982759,-1.745871067,-1.743697524,2086.66650390625,2080,330.014770507813,11.9124097824097,0,0
2673,2023/2/19 02:37:44,0,0,0,0,-0.668242276,-0.732834756,-0.744261146,2433.33325195313,2413.33325195313,329.226196289063,8.22700786590576,0,0
2674,2023/2/19 02:37:48,0.400000005960464,0.600000023841858,0.5,0.100000001490116,0.23711821436882,0.258647561073303,0.25517526268959,0,0,319.763427734375,7.91058444976807,0,0
2675,2023/2/19 02:37:52,0,0,0,0,0.215562015771866,0.258647561073303,0.25517526268959,0,0,220.798416137695,0.707299292087555,0,0
2676,2023/2/19 02:37:56,0,0,0,0,0.215562015771866,0.258647561073303,0.25517526268959,0,0,220.009841918945,0.558394193649292,0,0
2677,2023/2/19 02:38:00,0,0,0,0,0.215562015771866,0.258647561073303,0.25517526268959,0,0,220.40412902832,0.558394193649292,0,0
2678,2023/2/19 02:38:04,0,0,0,0,0.215562015771866,0.258647561073303,0.25517526268959,0,0,220.009841918945,0.558394193649292,0,0
2679,2023/2/19 02:38:08,0,0,0,0,0.215562015771866,0.258647561073303,0.25517526268959,0,0,220.40412902832,0.558394193649292,0,0
2680,2023/2/19 02:38:12,0,0,0,0,0.215562015771866,0.258647561073303,0.25517526268959,-1220,-1226.666626,328.437652587891,5.95620489120483,0,0
2681,2023/2/19 02:38:16,0,0,0,0,0.215562015771866,0.258647561073303,0.25517526268959,-2860,-2866.666504,330.014770507813,7.37080335617065,0,0
2682,2023/2/19 02:38:20,0,0,0,-0.100000001,-0.172449619,-0.129323781,-0.148852229,-2700,-2693.333252,330.014770507813,8.50620460510254,0,0
2683,2023/2/19 02:38:24,-0.5,-0.600000024,-0.5,-0.5,-1.142478704,-1.099252105,-1.105759382,-2766.666504,-2760,330.014770507813,9.51131439208984,0,0
2684,2023/2/19 02:38:28,-2.400000095,-2.400000095,-2.200000048,-2.5,-7.221327782,-7.112807751,-7.038583755,-3579.999756,-3579.999756,330.014770507813,10.5164241790771,0,0
2685,2023/2/19 02:38:32,-5.699999809,-5.800000191,-5.599999905,-5.800000191,-26.44945908,-26.29583549,-26.19799232,-3599.999756,-3593.333252,330.409057617188,11.6890516281128,0,0
2686,2023/2/19 02:38:36,-7.5,-7.400000095,-7.400000095,-7.599999905,-58.24485779,-58.08793259,-57.96731186,-2400,-2386.666504,330.803344726563,11.9124097824097,0,0
2687,2023/2/19 02:38:40,-7.5,-7.400000095,-7.199999809,-7.5,-92.77789307,-92.5958252,-92.50102997,-2173.333252,-2166.666504,329.620483398438,11.9124097824097,0,0
2688,2023/2/19 02:38:44,-7.699999809,-7.599999905,-7.400000095,-7.800000191,-127.7636108,-127.5779114,-127.4813004,-2240,-2233.333252,330.014770507813,11.9124097824097,0,0
2689,2023/2/19 02:38:48,-7.699999809,-7.400000095,-7.599999905,-7.900000095,-163.4606781,-163.2497253,-163.1845703,-2160,-2153.333252,330.409057617188,11.9124097824097,0,0
2690,2023/2/19 02:38:52,-7.800000191,-7.599999905,-7.599999905,-7.900000095,-199.2655334,-199.0939636,-198.9941711,-2193.333252,-2186.666504,330.014770507813,11.9124097824097,0,0
2691,2023/2/19 02:38:56,-7.900000095,-7.800000191,-7.599999905,-8,-235.1781616,-234.981308,-234.8675537,-2180,-2186.666504,329.620483398438,11.9124097824097,0,0
2692,2023/2/19 02:39:00,-7.800000191,-8,-7.599999905,-8,-271.1123352,-270.9117737,-270.8472595,-2193.333252,-2193.333252,330.014770507813,11.9124097824097,0,0
2693,2023/2/19 02:39:04,-7.699999809,-7.599999905,-7.800000191,-8,-307.0896606,-306.9068909,-306.8695068,-2193.333252,-2193.333252,330.409057617188,11.9124097824097,0,0
2694,2023/2/19 02:39:08,-7.800000191,-7.599999905,-7.800000191,-8,-343.1100769,-342.9020081,-342.8279419,-2206.666504,-2206.666504,330.409057617188,11.9124097824097,0,0
2695,2023/2/19 02:39:12,-6.5,-6.5,-6.300000191,-6.599999905,-377.492218,-377.3452454,-377.2553406,-673.333313,-686.666626,330.409057617188,11.9124097824097,0,0
2696,2023/2/19 02:39:16,-2.099999905,-2.200000048,-2.200000048,-2.200000048,-396.6556702,-396.4851685,-396.4998169,-306.6666565,-300,330.014770507813,11.9124097824097,0,0
2697,2023/2/19 02:39:20,-1.100000024,-1.299999952,-1.100000024,-1.200000048,-402.6051941,-402.4771423,-402.4326172,-2300,-2300,330.014770507813,11.9124097824097,0,0
2698,2023/2/19 02:39:24,-1.100000024,-1.100000024,-1.100000024,-1.100000024,-408.2098083,-408.0596313,-408.0464783,-2033.333252,-2033.333252,330.409057617188,11.9124097824097,0,0
2699,2023/2/19 02:39:28,-0.600000024,-0.600000024,-0.5,-0.600000024,-411.8312378,-411.8531189,-411.8953857,-1906.666626,-1899.999878,330.014770507813,11.9124097824097,0,0
2700,2023/2/19 02:39:32,-0.300000012,-0.400000006,-0.400000006,-0.300000012,-414.094635,-414.0947571,-414.1281738,-2120,-2113.333252,330.409057617188,11.2237234115601,0,0
2701,2023/2/19 02:39:36,-0.400000006,-0.400000006,-0.5,-0.400000006,-414.8275452,-414.8275757,-414.829895,-2653.333252,-2653.333252,330.409057617188,7.91058444976807,0,0
2702,2023/2/19 02:39:40,0,0,0,0,-415.1724548,-415.1940002,-415.1488342,0,0,221.586975097656,1.07956206798553,0,0
2703,2023/2/19 02:39:44,0,0,0,0,-415.1724548,-415.1940002,-415.1488342,0,0,220.40412902832,0.558394193649292,0,0
2704,2023/2/19 02:39:48,0,0,0,0,-415.1724548,-415.1940002,-415.1488342,0,0,220.009841918945,0.558394193649292,0,0
2705,2023/2/19 02:39:52,0,0,0,0,-415.1724548,-415.1940002,-415.1488342,0,0,220.009841918945,0.558394193649292,0,0
2706,2023/2/19 02:39:56,0,0,0,0,-415.1724548,-415.1940002,-415.1488342,0,0,220.40412902832,0.558394193649292,0,0
2707,2023/2/19 02:40:00,0,0,0,0,-415.1724548,-415.1940002,-415.1488342,0,0,302.020690917969,0.558394193649292,0,0
2708,2023/2/19 02:40:04,0,0,0,0,-415.1724548,-415.1940002,-415.1488342,1673.33325195313,1659.99987792969,329.620483398438,6.58905172348022,0,0
2709,2023/2/19 02:40:08,0,0,0,0,-415.1724548,-415.1940002,-415.1063232,3246.66650390625,3226.66650390625,330.409057617188,7.70584011077881,0,0
2710,2023/2/19 02:40:12,0,0.200000002980232,0,0.100000001490116,-414.5688782,-414.61203,-414.532196,2473.33325195313,2453.33325195313,330.014770507813,8.72956275939941,0,0
2711,2023/2/19 02:40:16,0.699999988079071,0.699999988079071,0.699999988079071,0.699999988079071,-413.1461487,-413.1894836,-413.1288147,2473.33325195313,2473.33325195313,330.409057617188,9.82773780822754,0,0
2712,2023/2/19 02:40:20,3.20000004768372,3.29999995231628,3.29999995231628,3.40000009536743,-404.7823486,-404.8480835,-404.8785706,3619.99975585938,3606.66650390625,330.014770507813,10.8328475952148,0,0
2713,2023/2/19 02:40:24,6.59999990463257,6.5,6.5,6.69999980926514,-381.0921021,-381.1387329,-381.276062,3419.99975585938,3406.66650390625,328.831909179688,11.931022644043,0,0
2714,2023/2/19 02:40:28,7.5,7.40000009536743,7.19999980926514,7.59999990463257,-347.3997498,-347.5145569,-347.679718,1979.99987792969,1986.66662597656,330.803344726563,11.9124097824097,0,0
2715,2023/2/19 02:40:32,7.5,7.40000009536743,7.40000009536743,7.69999980926514,-313.1038208,-313.2437439,-313.4029236,2193.33325195313,2193.33325195313,329.620483398438,11.9124097824097,0,0
2716,2023/2/19 02:40:36,7.59999990463257,7.40000009536743,7.59999990463257,7.80000019073486,-277.7947693,-277.8952332,-278.12677,2100,2093.33325195313,329.620483398438,11.9124097824097,0,0
2717,2023/2/19 02:40:40,7.69999980926514,7.80000019073486,7.59999990463257,7.90000009536743,-242.1408081,-242.2449951,-242.510376,2093.33325195313,2086.66650390625,330.409057617188,11.9124097824097,0,0
2718,2023/2/19 02:40:44,7.80000019073486,7.80000019073486,7.59999990463257,7.90000009536743,-206.4006348,-206.5085297,-206.787674,2100,2086.66650390625,330.409057617188,11.9124097824097,0,0
2719,2023/2/19 02:40:48,7.80000019073486,7.80000019073486,7.59999990463257,8,-170.5526733,-170.6858368,-170.9799194,2100,2093.33325195313,329.620483398438,11.9124097824097,0,0
2720,2023/2/19 02:40:52,7.69999980926514,7.59999990463257,7.59999990463257,7.90000009536743,-134.6184845,-134.712265,-135.0445709,2106.66650390625,2106.66650390625,329.226196289063,11.9124097824097,0,0
2721,2023/2/19 02:40:56,7.80000019073486,7.80000019073486,7.80000019073486,8,-98.66273499,-98.80336761,-99.19429016,2120,2113.33325195313,329.620483398438,11.9124097824097,0,0
2722,2023/2/19 02:41:00,7.80000019073486,7.80000019073486,7.59999990463257,8,-62.70698929,-62.80825043,-63.19516373,2120,2120,330.803344726563,11.9124097824097,0,0
2723,2023/2/19 02:41:04,5.30000019073486,5.40000009536743,5.40000009536743,5.5,-30.82536888,-30.92993736,-31.29989243,266.666656494141,266.666656494141,330.014770507813,11.9124097824097,0,0
2724,2023/2/19 02:41:08,1.39999997615814,1.5,1.39999997615814,1.5,-16.66294479,-16.72587585,-17.09586525,826.666625976563,813.333312988281,329.620483398438,11.9124097824097,0,0
2725,2023/2/19 02:41:12,1.20000004768372,1.29999995231628,1.29999995231628,1.20000004768372,-11.25233746,-11.33738422,-11.69493294,2206.66650390625,2200,330.014770507813,11.9124097824097,0,0
2726,2023/2/19 02:41:16,1,1.10000002384186,0.899999976158142,1,-6.20818615,-6.250649452,-6.272736549,1959.99987792969,1933.33325195313,330.014770507813,11.9124097824097,0,0
2727,2023/2/19 02:41:20,0.5,0.600000023841858,0.400000005960464,0.5,-2.672969103,-2.737353325,-2.764256716,1926.66662597656,1919.99987792969,330.014770507813,11.9124097824097,0,0
2728,2023/2/19 02:41:24,0.200000002980232,0.200000002980232,0.200000002980232,0.100000001490116,-0.732910872,-0.797496617,-0.808013558,1999.99987792969,1999.99987792969,330.014770507813,10.0697088241577,0,0
2729,2023/2/19 02:41:28,0.200000002980232,0.400000005960464,0.400000005960464,0.200000002980232,-0.388011634,-0.452633232,-0.467797309,2640,2626.66650390625,330.014770507813,7.91058444976807,0,0
2730,2023/2/19 02:41:32,0,0,0,0,0.172449618577957,0.215539634227753,0.276425689458847,0,0,222.375549316406,1.48905122280121,0,0
2731,2023/2/19 02:41:36,0,0,0,0,0.172449618577957,0.215539634227753,0.276425689458847,0,0,220.009841918945,0.558394193649292,0,0
2732,2023/2/19 02:41:40,0,0,0,0,0.172449618577957,0.215539634227753,0.276425689458847,0,0,220.40412902832,0.558394193649292,0,0
2733,2023/2/19 02:41:44,0,0,0,0,0.172449618577957,0.215539634227753,0.276425689458847,0,0,220.40412902832,0.558394193649292,0,0
2734,2023/2/19 02:41:48,0,0,0,0,0.172449618577957,0.215539634227753,0.276425689458847,0,0,220.40412902832,0.558394193649292,0,0
2735,2023/2/19 02:41:52,0,0,0,0,0.172449618577957,0.215539634227753,0.276425689458847,-733.333313,-726.666626,324.889099121094,4.3368616104126,0,0
2736,2023/2/19 02:41:56,0,0,0,0,0.172449618577957,0.215539634227753,0.276425689458847,-2373.333252,-2366.666504,330.014770507813,6.99854040145874,0,0
2737,2023/2/19 02:42:00,0,-0.200000003,-0.200000003,-0.100000001,-0.043112405,0,0.0425270274281502,-3133.333252,-3133.333252,330.014770507813,8.11532878875732,0,0
2738,2023/2/19 02:42:04,-0.100000001,-0.200000003,-0.400000006,-0.200000003,-0.689798474,-0.625064909,-0.595378399,-2266.666504,-2266.666504,329.620483398438,9.12043857574463,0,0
2739,2023/2/19 02:42:08,-1.5,-1.700000048,-1.600000024,-1.600000024,-4.462133884,-4.375454426,-4.273966312,-2966.666504,-2953.333252,330.014770507813,10.274453163147,0,0
2740,2023/2/19 02:42:12,-4.699999809,-4.599999905,-4.5,-4.800000191,-19.3359127,-19.18302727,-19.00958061,-3573.333252,-3566.666504,330.014770507813,11.2981758117676,0,0
2741,2023/2/19 02:42:16,-7.199999809,-7.199999809,-7.099999905,-7.300000191,-48.09188461,-47.95756912,-47.80038071,-2953.333252,-2960,330.409057617188,11.9124097824097,0,0
2742,2023/2/19 02:42:20,-7.5,-7.199999809,-7.199999809,-7.599999905,-82.62492371,-82.42235565,-82.24726868,-2093.333252,-2080,330.409057617188,11.9124097824097,0,0
2743,2023/2/19 02:42:24,-7.599999905,-7.400000095,-7.400000095,-7.800000191,-117.3304062,-117.1888962,-117.0131149,-2266.666504,-2286.666504,329.620483398438,11.9124097824097,0,0
2744,2023/2/19 02:42:28,-7.699999809,-7.800000191,-7.599999905,-7.900000095,-152.8765869,-152.6882782,-152.5444489,-2180,-2173.333252,330.409057617188,11.9124097824097,0,0
2745,2023/2/19 02:42:32,-7.699999809,-7.599999905,-7.599999905,-7.900000095,-188.6598816,-188.4247437,-188.2671509,-2200,-2200,330.409057617188,11.9124097824097,0,0
2746,2023/2/19 02:42:36,-7.800000191,-7.599999905,-7.599999905,-7.900000095,-224.5509491,-224.3767548,-224.2024841,-2206.666504,-2193.333252,330.014770507813,11.9124097824097,0,0
2747,2023/2/19 02:42:40,-7.800000191,-8,-7.599999905,-8,-260.5067139,-260.3718872,-260.1803589,-2200,-2193.333252,330.014770507813,11.9124097824097,0,0
2748,2023/2/19 02:42:44,-7.800000191,-7.800000191,-7.599999905,-7.800000191,-296.4840088,-296.3023376,-296.1369629,-2206.666504,-2206.666504,330.014770507813,11.9124097824097,0,0
2749,2023/2/19 02:42:48,-7.699999809,-7.800000191,-7.800000191,-8,-332.4828491,-332.2543335,-332.1360779,-2206.666504,-2213.333252,330.803344726563,11.9124097824097,0,0
2750,2023/2/19 02:42:52,-7.300000191,-7.199999809,-7.199999809,-7.5,-368.1583557,-367.9908142,-367.8375244,-1619.999878,-1599.999878,330.409057617188,11.9124097824097,0,0
2751,2023/2/19 02:42:56,-3.299999952,-3.299999952,-3.099999905,-3.400000095,-393.1419983,-392.9934082,-392.8434143,-86.66666412,-86.66666412,330.014770507813,11.9124097824097,0,0
2752,2023/2/19 02:43:00,-1.100000024,-1.100000024,-1.100000024,-1.200000048,-401.0315857,-400.9252625,-400.79599,-2006.666626,-1993.333252,329.620483398438,11.9124097824097,0,0
2753,2023/2/19 02:43:04,-1.200000048,-1.100000024,-1.100000024,-1.200000048,-406.5930786,-406.4430847,-406.3244934,-2140,-2140,330.409057617188,11.9124097824097,0,0
2754,2023/2/19 02:43:08,-0.800000012,-0.699999988,-0.699999988,-0.800000012,-410.8180847,-410.8185425,-410.8536072,-1886.666626,-1893.333252,330.409057617188,11.9124097824097,0,0
2755,2023/2/19 02:43:12,-0.400000006,-0.400000006,-0.400000006,-0.400000006,-413.5341797,-413.5343323,-413.5328064,-2120,-2120,329.620483398438,11.9124097824097,0,0
2756,2023/2/19 02:43:16,0,-0.200000003,-0.200000003,-0.100000001,-414.5042114,-414.5042725,-414.4896851,-2586.666504,-2580,330.014770507813,8.15255546569824,0,0
2757,2023/2/19 02:43:20,0,0,0,0,-415.1508789,-415.1940002,-415.2126465,0,0,223.164108276367,1.50766432285309,0,0
2758,2023/2/19 02:43:24,0,0,0,0,-415.1508789,-415.1940002,-415.2126465,0,0,220.009841918945,0.558394193649292,0,0
2759,2023/2/19 02:43:28,0,0,0,0,-415.1508789,-415.1940002,-415.2126465,0,0,220.009841918945,0.558394193649292,0,0
2760,2023/2/19 02:43:32,0,0,0,0,-415.1508789,-415.1940002,-415.2126465,0,0,220.009841918945,0.558394193649292,0,0
2761,2023/2/19 02:43:36,0,0,0,0,-415.1508789,-415.1940002,-415.2126465,0,0,220.009841918945,0.558394193649292,0,0
2762,2023/2/19 02:43:40,0,0,0,0,-415.1508789,-415.1940002,-415.2126465,0,0,257.072448730469,0.558394193649292,0,0
2763,2023/2/19 02:43:44,0,0,0,0,-415.1508789,-415.1940002,-415.2126465,1520,1520,329.620483398438,6.44014644622803,0,0
2764,2023/2/19 02:43:48,0,0,0,0,-415.1508789,-415.1940002,-415.2126465,3093.33325195313,3086.66650390625,329.620483398438,7.59416103363037,0,0
2765,2023/2/19 02:43:52,0,0.200000002980232,0.200000002980232,0.100000001490116,-414.5904236,-414.633606,-414.65979,2526.66650390625,2513.33325195313,330.014770507813,8.72956275939941,0,0
2766,2023/2/19 02:43:56,0.600000023841858,0.699999988079071,0.5,0.600000023841858,-413.3401794,-413.4050293,-413.4476929,2620,2613.33325195313,330.014770507813,9.7160587310791,0,0
2767,2023/2/19 02:44:00,3,3,3.09999990463257,3.09999990463257,-405.7739563,-405.8395691,-405.9625549,3613.33325195313,3599.99975585938,330.014770507813,10.8328475952148,0,0
2768,2023/2/19 02:44:04,6.5,6.5,6.30000019073486,6.59999990463257,-382.8812561,-383.013916,-383.2519531,3453.33325195313,3446.66650390625,329.620483398438,11.8379573822021,0,0
2769,2023/2/19 02:44:08,7.5,7.40000009536743,7.19999980926514,7.59999990463257,-349.3829041,-349.5190735,-349.7601929,1939.99987792969,1939.99987792969,330.409057617188,11.9124097824097,0,0
2770,2023/2/19 02:44:12,7.40000009536743,7.19999980926514,7.40000009536743,7.69999980926514,-315.0870056,-315.1620483,-315.4178772,2153.33325195313,2140,329.226196289063,11.9124097824097,0,0
2771,2023/2/19 02:44:16,7.69999980926514,7.59999990463257,7.40000009536743,7.90000009536743,-279.8210449,-279.8997803,-280.2249451,2073.33325195313,2066.66650390625,330.014770507813,11.9124097824097,0,0
2772,2023/2/19 02:44:20,7.69999980926514,7.80000019073486,7.59999990463257,7.90000009536743,-244.1886597,-244.3572845,-244.7130585,2053.33325195313,2053.33325195313,330.409057617188,11.9124097824097,0,0
2773,2023/2/19 02:44:24,7.69999980926514,7.59999990463257,7.59999990463257,8,-208.4484711,-208.5992584,-208.9459991,2060,2053.33325195313,330.014770507813,11.9124097824097,0,0
2774,2023/2/19 02:44:28,7.69999980926514,7.40000009536743,7.59999990463257,8,-172.578949,-172.7550201,-173.1364136,2066.66650390625,2066.66650390625,329.226196289063,11.9124097824097,0,0
2775,2023/2/19 02:44:32,7.69999980926514,7.80000019073486,7.59999990463257,7.90000009536743,-136.6663208,-136.8245544,-137.2630157,2080,2073.33325195313,329.620483398438,12.0240879058838,0,0
2776,2023/2/19 02:44:36,7.80000019073486,7.80000019073486,7.80000019073486,8,-100.7105713,-100.8509979,-101.3045731,2086.66650390625,2086.66650390625,330.803344726563,11.9124097824097,0,0
2777,2023/2/19 02:44:40,7.80000019073486,7.59999990463257,7.80000019073486,7.90000009536743,-64.75482941,-64.96364594,-65.40991974,2086.66650390625,2080,330.014770507813,11.9124097824097,0,0
2778,2023/2/19 02:44:44,5.59999990463257,5.59999990463257,5.40000009536743,5.69999980926514,-32.18341064,-32.30939102,-32.76875305,320,313.333312988281,330.014770507813,11.9124097824097,0,0
2779,2023/2/19 02:44:48,1.5,1.5,1.39999997615814,1.60000002384186,-16.98628616,-17.07073975,-17.47950363,626.666625976563,640,330.014770507813,11.9124097824097,0,0
2780,2023/2/19 02:44:52,1.20000004768372,1.29999995231628,1.29999995231628,1.20000004768372,-11.48945522,-11.59603214,-12.01450157,2186.66650390625,2180,330.014770507813,11.9124097824097,0,0
2781,2023/2/19 02:44:56,1,0.899999976158142,1.10000002384186,1,-6.423748016,-6.466188908,-6.506968975,1913.33325195313,1906.66662597656,329.620483398438,11.9124097824097,0,0
2782,2023/2/19 02:45:00,0.5,0.600000023841858,0.5,0.5,-2.780750036,-2.845123053,-2.870721579,1873.33325195313,1866.66662597656,330.014770507813,11.9124097824097,0,0
2783,2023/2/19 02:45:04,0.200000002980232,0.200000002980232,0.200000002980232,0.200000002980232,-0.75446707,-0.840604544,-0.850584149,1959.99987792969,1959.99987792969,329.620483398438,10.6467161178589,0,0
2784,2023/2/19 02:45:08,0,0.200000002980232,0.200000002980232,0.200000002980232,-0.45268023,-0.538849056,-0.552879691,2626.66650390625,2620,330.014770507813,7.91058444976807,0,0
2785,2023/2/19 02:45:12,0,0,0,0,0.215562015771866,0.237093597650528,0.25517526268959,0,0,225.529800415039,2.38248181343079,0,0
2786,2023/2/19 02:45:16,0,0,0,0,0.215562015771866,0.237093597650528,0.297704458236694,0,0,220.009841918945,0.67007303237915,0,0
2787,2023/2/19 02:45:20,0,0,0,0,0.215562015771866,0.237093597650528,0.297704458236694,0,0,220.40412902832,0.558394193649292,0,0
2788,2023/2/19 02:45:24,0,0,0,0,0.215562015771866,0.237093597650528,0.297704458236694,0,0,220.40412902832,0.558394193649292,0,0
2789,2023/2/19 02:45:28,0,0,0,0,0.215562015771866,0.237093597650528,0.297704458236694,0,0,220.40412902832,0.558394193649292,0,0
2790,2023/2/19 02:45:32,0,0,0,0,0.215562015771866,0.237093597650528,0.297704458236694,-439.9999695,-453.333313,315.032012939453,1.17262780666351,0,0
2791,2023/2/19 02:45:36,0,0,0,0,0.215562015771866,0.237093597650528,0.297704458236694,-2093.333252,-2100,330.014770507813,6.868248463,0,0
2792,2023/2/19 02:45:40,0,-0.200000003,-0.200000003,-0.100000001,0.107781007885933,0.129323780536652,0.170116826891899,-3486.666504,-3473.333252,330.014770507813,7.91058444976807,0,0
2793,2023/2/19 02:45:44,0,-0.200000003,0,-0.100000001,-0.495792627,-0.474187195,-0.425292075,-2346.666504,-2340,330.409057617188,9.00875949859619,0,0
2794,2023/2/19 02:45:48,-1,-0.899999976,-1.100000024,-1.100000024,-2.996312141,-2.952893019,-2.891986132,-2620,-2626.666504,330.803344726563,10.0138692855835,0,0
2795,2023/2/19 02:45:52,0,0,0.200000002980232,0,-4.699252129,-4.655655861,-4.975917339,0,0,221.19270324707,0.837591290473938,0,0
2796,2023/2/19 02:45:56,0,0,0,0,-4.699252129,-4.655655861,-4.933388233,0,0,220.40412902832,0.0558394193649292,0,0
2797,2023/2/19 02:46:00,0,0,0,0,-4.699252129,-4.655655861,-4.933388233,0,0,220.009841918945,0.0558394193649292,0,0
2798,2023/2/19 02:46:04,0,0,0,0,-4.699252129,-4.655655861,-4.933388233,0,0,220.009841918945,0.0558394193649292,0,0
2799,2023/2/19 02:46:08,0,0,0,0,-4.699252129,-4.655655861,-4.933388233,0,0,220.40412902832,0.0558394193649292,0,0
2800,2023/2/19 02:46:12,0,0,0,0,-4.699252129,-4.655655861,-4.933388233,0,0,220.40412902832,0.0558394193649292,0,0
2801,2023/2/19 02:46:16,0,0,0,0,-4.699252129,-4.655655861,-4.933388233,0,0,220.009841918945,0.0558394193649292,0,0
2802,2023/2/19 02:46:20,0,0,0,0,-4.699252129,-4.655655861,-4.933388233,0,0,220.40412902832,0.0558394193649292,0,0
2803,2023/2/19 02:46:24,0,0,0,0,-4.699252129,-4.655655861,-4.933388233,0,0,220.40412902832,0.0558394193649292,0,0
2804,2023/2/19 02:46:28,0,0,0,0,-4.699252129,-4.655655861,-4.933388233,0,0,220.40412902832,0.0558394193649292,0,0
2805,2023/2/19 02:46:32,0,0,0,0,-4.699252129,-4.655655861,-4.933388233,0,0,220.009841918945,0.0558394193649292,0,0
2806,2023/2/19 02:46:36,0,0,0,0,-4.699252129,-4.655655861,-4.933388233,0,0,220.009841918945,0.0558394193649292,0,0
2807,2023/2/19 02:46:40,0,0,0,0,-4.699252129,-4.655655861,-4.933388233,0,0,220.40412902832,0.0558394193649292,0,0
2808,2023/2/19 02:46:44,0,0,0,0,-4.699252129,-4.655655861,-4.933388233,0,0,220.40412902832,0.0558394193649292,0,0
2809,2023/2/19 02:46:48,0,0,0,0,-4.699252129,-4.655655861,-4.933388233,0,0,220.40412902832,0.0558394193649292,0,0
2810,2023/2/19 02:46:52,0,0,0,0,-4.699252129,-4.655655861,-4.933388233,0,0,220.40412902832,0.0558394193649292,0,0
2811,2023/2/19 02:46:56,0,0,0,0,-4.699252129,-4.655655861,-4.933388233,0,0,220.009841918945,0.0558394193649292,0,0
2812,2023/2/19 02:47:00,0,0,0,0,-4.699252129,-4.655655861,-4.933388233,0,0,220.40412902832,0.0558394193649292,0,0
2813,2023/2/19 02:47:04,0,0,0,0,-4.699252129,-4.655655861,-4.933388233,0,0,220.40412902832,0.0558394193649292,0,0
2814,2023/2/19 02:47:08,0,0,0,0,-4.699252129,-4.655655861,-4.933388233,0,0,220.40412902832,0.0558394193649292,0,0
2815,2023/2/19 02:47:12,0,0,0,0,-4.699252129,-4.655655861,-4.933388233,0,0,220.40412902832,0.0558394193649292,0,0
2816,2023/2/19 02:47:16,0,0,0,0,-4.699252129,-4.655655861,-4.933388233,0,0,220.40412902832,0.0558394193649292,0,0
2817,2023/2/19 02:47:20,0,0,0,0,-4.699252129,-4.655655861,-4.933388233,0,0,220.009841918945,0.0558394193649292,0,0
2818,2023/2/19 02:47:24,0,0,0,0,-4.699252129,-4.655655861,-4.933388233,0,0,220.40412902832,0.0558394193649292,0,0
2819,2023/2/19 02:47:28,0,0,0,0,-4.699252129,-4.655655861,-4.933388233,0,0,220.40412902832,0.0558394193649292,0,0
2820,2023/2/19 02:47:32,0,0,0,0,-4.699252129,-4.655655861,-4.933388233,0,0,220.40412902832,0.0558394193649292,0,0
2821,2023/2/19 02:47:36,0,0,0,0,-4.699252129,-4.655655861,-4.933388233,0,0,220.40412902832,0.0558394193649292,0,0
2822,2023/2/19 02:47:40,0,0,0,0,-4.699252129,-4.655655861,-4.933388233,0,0,220.009841918945,0.0558394193649292,0,0
2823,2023/2/19 02:47:44,0,0,0,0,-4.699252129,-4.655655861,-4.933388233,0,0,220.40412902832,0.0558394193649292,0,0
2824,2023/2/19 02:47:48,0,0,0,0,-4.699252129,-4.655655861,-4.933388233,0,0,220.40412902832,0.0558394193649292,0,0
2825,2023/2/19 02:47:52,0,0,0,0,-4.699252129,-4.655655861,-4.933388233,0,0,220.009841918945,0.0558394193649292,0,0
2826,2023/2/19 02:47:56,0,0,0,0,-4.699252129,-4.655655861,-4.933388233,0,0,220.009841918945,0.0558394193649292,0,0
2827,2023/2/19 02:48:00,0,0,0,0,-4.699252129,-4.655655861,-4.933388233,0,0,220.009841918945,0.0558394193649292,0,0
2828,2023/2/19 02:48:04,0,0,0,0,-4.699252129,-4.655655861,-4.933388233,0,0,220.009841918945,0.0558394193649292,0,0
2829,2023/2/19 02:48:08,0,0,0,0,-4.699252129,-4.655655861,-4.933388233,0,0,220.009841918945,0.0558394193649292,0,0
2830,2023/2/19 02:48:12,0,0,0,0,-4.699252129,-4.655655861,-4.933388233,0,0,220.009841918945,0.0558394193649292,0,0
2831,2023/2/19 02:48:16,0,0,0,0,-4.699252129,-4.655655861,-4.933388233,0,0,220.40412902832,0.0558394193649292,0,0
2832,2023/2/19 02:48:20,0,0,0,0,-4.699252129,-4.655655861,-4.933388233,0,0,220.009841918945,0.0558394193649292,0,0
2833,2023/2/19 02:48:24,0,0,0,0,-4.699252129,-4.655655861,-4.933388233,0,0,220.40412902832,0.0558394193649292,0,0
2834,2023/2/19 02:48:28,0,0,0,0,-4.699252129,-4.655655861,-4.933388233,0,0,220.009841918945,0.0558394193649292,0,0
2835,2023/2/19 02:48:32,0,0,0,0,-4.699252129,-4.655655861,-4.933388233,0,0,220.40412902832,0.0558394193649292,0,0
2836,2023/2/19 02:48:36,0,0,0,0,-4.699252129,-4.655655861,-4.933388233,0,0,220.40412902832,0.0558394193649292,0,0
2837,2023/2/19 02:48:40,0,0,0,0,-4.699252129,-4.655655861,-4.933388233,0,0,220.009841918945,0.0558394193649292,0,0
2838,2023/2/19 02:48:44,0,0,0,0,-4.699252129,-4.655655861,-4.933388233,0,0,220.40412902832,0.0558394193649292,0,0
2839,2023/2/19 02:48:48,0,0,0,0,-4.699252129,-4.655655861,-4.933388233,0,0,220.40412902832,0.0558394193649292,0,0
2840,2023/2/19 02:48:52,0,0,0,0,-4.699252129,-4.655655861,-4.933388233,0,0,220.40412902832,0.0558394193649292,0,0
2841,2023/2/19 02:48:56,0,0,0,0,-4.699252129,-4.655655861,-4.933388233,0,0,220.40412902832,0.0558394193649292,0,0
2842,2023/2/19 02:49:00,0,0,0,0,-4.699252129,-4.655655861,-4.933388233,0,0,220.40412902832,0.0558394193649292,0,0
2843,2023/2/19 02:49:04,0,0,0,0,-4.699252129,-4.655655861,-4.933388233,0,0,220.40412902832,0.0558394193649292,0,0
2844,2023/2/19 02:49:08,0,0,0,0,-4.699252129,-4.655655861,-4.933388233,0,0,220.40412902832,0.0558394193649292,0,0
2845,2023/2/19 02:49:12,0,0,0,0,-4.699252129,-4.655655861,-4.933388233,0,0,220.40412902832,0.0558394193649292,0,0
2846,2023/2/19 02:49:16,0,0,0,0,-4.699252129,-4.655655861,-4.933388233,0,0,220.40412902832,0.0558394193649292,0,0
2847,2023/2/19 02:49:20,0,0,0,0,-4.699252129,-4.655655861,-4.933388233,0,0,220.40412902832,0.0558394193649292,0,0
2848,2023/2/19 02:49:24,0,0,0,0,-4.699252129,-4.655655861,-4.933388233,0,0,220.40412902832,0.0558394193649292,0,0
2849,2023/2/19 02:49:28,0,0,0,0,-4.699252129,-4.655655861,-4.933388233,0,0,220.40412902832,0.0558394193649292,0,0
2850,2023/2/19 02:49:32,0,0,0,0,-4.699252129,-4.655655861,-4.933388233,0,0,220.40412902832,0.0558394193649292,0,0
2851,2023/2/19 02:49:36,0,0,0,0,-4.699252129,-4.655655861,-4.933388233,0,0,220.009841918945,0.0558394193649292,0,0
2852,2023/2/19 02:49:40,0,0,0,0,-4.699252129,-4.655655861,-4.933388233,0,0,220.009841918945,0.0558394193649292,0,0
2853,2023/2/19 02:49:44,0,0,0,0,-4.699252129,-4.655655861,-4.933388233,0,0,220.40412902832,0.0558394193649292,0,0
2854,2023/2/19 02:49:48,0,0,0,0,-4.699252129,-4.655655861,-4.933388233,0,0,220.40412902832,0.0558394193649292,0,0
2855,2023/2/19 02:49:52,0,0,0,0,-4.699252129,-4.655655861,-4.933388233,0,0,220.40412902832,0.0558394193649292,0,0
2856,2023/2/19 02:49:56,0,0,0,0,-4.699252129,-4.655655861,-4.933388233,0,0,220.40412902832,0.0558394193649292,0,0
2857,2023/2/19 02:50:00,0,0,0,0,-4.699252129,-4.655655861,-4.933388233,0,0,220.40412902832,0.0558394193649292,0,0
2858,2023/2/19 02:50:04,0,0,0,0,-4.699252129,-4.655655861,-4.933388233,0,0,220.40412902832,0.0558394193649292,0,0
2859,2023/2/19 02:50:08,0,0,0,0,-4.699252129,-4.655655861,-4.933388233,6.66666650772095,0,220.40412902832,0.0558394193649292,0,0
2860,2023/2/19 02:50:12,0,0,0,0,-4.699252129,-4.655655861,-4.933388233,0,0,220.009841918945,0.0558394193649292,0,0
2861,2023/2/19 02:50:16,0,0,0,0,-4.699252129,-4.655655861,-4.933388233,6.66666650772095,0,220.40412902832,0.0558394193649292,0,0
2862,2023/2/19 02:50:20,0,0,0,0,-4.699252129,-4.655655861,-4.933388233,0,0,220.40412902832,0.0558394193649292,0,0
2863,2023/2/19 02:50:24,0,0,0,0,-4.699252129,-4.655655861,-4.933388233,0,0,220.40412902832,0.0558394193649292,0,0
2864,2023/2/19 02:50:28,0,0,0,0,-4.699252129,-4.655655861,-4.933388233,0,0,220.009841918945,0.0558394193649292,0,0
2865,2023/2/19 02:50:32,0,0,0,0,-4.699252129,-4.655655861,-4.933388233,0,0,220.40412902832,0.0558394193649292,0,0
2866,2023/2/19 02:50:36,0,0,0,0,-4.699252129,-4.655655861,-4.933388233,0,0,220.009841918945,0.0558394193649292,0,0
2867,2023/2/19 02:50:40,0,0,0,0,-4.699252129,-4.655655861,-4.933388233,0,0,220.009841918945,0.0558394193649292,0,0
2868,2023/2/19 02:50:44,0,0,0,0,-4.699252129,-4.655655861,-4.933388233,0,0,220.40412902832,0.0558394193649292,0,0
2869,2023/2/19 02:50:48,0,0,0,0,-4.699252129,-4.655655861,-4.933388233,0,0,220.009841918945,0.0558394193649292,0,0
2870,2023/2/19 02:50:52,0,0,0,0,-4.699252129,-4.655655861,-4.933388233,0,0,0,0.037226278334856,0,0
2871,2023/2/19 02:50:56,0,0,0,0,-4.699252129,-4.655655861,-4.933388233,0,0,0,0.037226278334856,0,0
2872,2023/2/19 02:51:00,0,0,0,0,-4.699252129,-4.655655861,-4.933388233,0,0,0,0.037226278334856,0,0
2873,2023/2/19 02:51:04,0,0,0,0,-4.699252129,-4.655655861,-4.933388233,0,0,0,0.037226278334856,0,0
2874,2023/2/19 02:51:08,0,0,0,0,-4.699252129,-4.655655861,-4.933388233,0,0,0,0.037226278334856,0,0
2875,2023/2/19 02:51:12,0,0,0,0,-4.699252129,-4.655655861,-4.933388233,0,0,0,0.037226278334856,0,0
2876,2023/2/19 02:51:16,0,0,0,0,-4.699252129,-4.655655861,-4.933388233,0,0,0,0.037226278334856,0,0
2877,2023/2/19 02:51:20,0,0,0,0,-4.699252129,-4.655655861,-4.933388233,0,0,0,0.037226278334856,0,0
2878,2023/2/19 02:51:24,0,0,0,0,-4.699252129,-4.655655861,-4.933388233,0,0,0,0.037226278334856,0,0
2879,2023/2/19 02:51:28,0,0,0,0,-4.699252129,-4.655655861,-4.933388233,0,0,0,0.037226278334856,0,0
2880,2023/2/19 02:51:32,0,0,0,0,-4.699252129,-4.655655861,-4.933388233,0,0,0,0.037226278334856,0,0
2881,2023/2/19 02:51:36,0,0,0,0,-4.699252129,-4.655655861,-4.933388233,0,0,0,0.037226278334856,0,0
2882,2023/2/19 02:51:40,0,0,0,0,-4.699252129,-4.655655861,-4.933388233,0,0,0,0.037226278334856,0,0
2883,2023/2/19 02:51:44,0,0,0,0,-4.699252129,-4.655655861,-4.933388233,0,0,0,0.037226278334856,0,0
2884,2023/2/19 02:51:48,0,0,0,0,-4.699252129,-4.655655861,-4.933388233,0,0,0,0.037226278334856,0,0
2885,2023/2/19 02:51:52,0,0,0,0,-4.699252129,-4.655655861,-4.933388233,0,0,0,0.037226278334856,0,0
2886,2023/2/19 02:51:56,0,0,0,0,-4.699252129,-4.655655861,-4.933388233,0,0,0,0.037226278334856,0,0
2887,2023/2/19 02:52:00,0,0,0,0,-4.699252129,-4.655655861,-4.933388233,0,0,0,0.037226278334856,0,0
2888,2023/2/19 02:52:04,0,0,0,0,-4.699252129,-4.655655861,-4.933388233,0,0,0,0.037226278334856,0,0
2889,2023/2/19 02:52:08,0,0,0,0,-4.699252129,-4.655655861,-4.933388233,0,0,0,0.037226278334856,0,0
2890,2023/2/19 02:52:12,0,0,0,0,-4.699252129,-4.655655861,-4.933388233,0,0,0,0.037226278334856,0,0
2891,2023/2/19 02:52:16,0,0,0,0,-4.699252129,-4.655655861,-4.933388233,0,0,0,0.037226278334856,0,0
2892,2023/2/19 02:52:20,0,0,0,0,-4.699252129,-4.655655861,-4.933388233,0,0,0,0.037226278334856,0,0
2893,2023/2/19 02:52:24,0,0,0,0,-4.699252129,-4.655655861,-4.933388233,0,0,0,0.037226278334856,0,0
2894,2023/2/19 02:52:28,0,0,0,0,-4.699252129,-4.655655861,-4.933388233,0,0,0,0.037226278334856,0,0
2895,2023/2/19 02:52:32,0,0,0,0,-4.699252129,-4.655655861,-4.933388233,0,0,0,0.037226278334856,0,0
2896,2023/2/19 02:52:36,0,0,0,0,-4.699252129,-4.655655861,-4.933388233,0,0,0,0.037226278334856,0,0
2897,2023/2/19 02:52:40,0,0,0,0,-4.699252129,-4.655655861,-4.933388233,0,0,0,0.037226278334856,0,0
2898,2023/2/19 02:52:44,0,0,0,0,-4.699252129,-4.655655861,-4.933388233,0,0,0,0.037226278334856,0,0
2899,2023/2/19 02:52:48,0,0,0,0,-4.699252129,-4.655655861,-4.933388233,0,0,0,0.037226278334856,0,0
2900,2023/2/19 02:52:52,0,0,0,0,-4.699252129,-4.655655861,-4.933388233,0,0,0,0.037226278334856,0,0
2901,2023/2/19 02:52:56,0,0,0,0,-4.699252129,-4.655655861,-4.933388233,0,0,0,0.037226278334856,0,0
2902,2023/2/19 02:53:00,0,0,0,0,-4.699252129,-4.655655861,-4.933388233,0,0,0,0.037226278334856,0,0
2903,2023/2/19 02:53:04,0,0,0,0,-4.699252129,-4.655655861,-4.933388233,0,0,0,0.037226278334856,0,0
2904,2023/2/19 02:53:08,0,0,0,0,-4.699252129,-4.655655861,-4.933388233,0,0,0,0.037226278334856,0,0
2905,2023/2/19 02:53:12,0,0,0,0,-4.699252129,-4.655655861,-4.933388233,0,0,0,0.037226278334856,0,0
2906,2023/2/19 02:53:16,0,0,0,0,-4.699252129,-4.655655861,-4.933388233,0,0,0,0.037226278334856,0,0
2907,2023/2/19 02:53:20,0,0,0,0,-4.699252129,-4.655655861,-4.933388233,0,0,0,0.037226278334856,0,0
2908,2023/2/19 02:53:24,0,0,0,0,-4.699252129,-4.655655861,-4.933388233,0,0,0,0.037226278334856,0,0
2909,2023/2/19 02:53:28,0,0,0,0,-4.699252129,-4.655655861,-4.933388233,0,0,0,0.037226278334856,0,0
2910,2023/2/19 02:53:32,0,0,0,0,-4.699252129,-4.655655861,-4.933388233,0,0,0,0.037226278334856,0,0
2911,2023/2/19 02:53:36,0,0,0,0,-4.699252129,-4.655655861,-4.933388233,0,0,0,0.037226278334856,0,0
2912,2023/2/19 02:53:40,0,0,0,0,-4.699252129,-4.655655861,-4.933388233,0,0,0,0.037226278334856,0,0
2913,2023/2/19 02:53:44,0,0,0,0,-4.699252129,-4.655655861,-4.933388233,0,0,0,0.037226278334856,0,0
2914,2023/2/19 02:53:48,0,0,0,0,-4.699252129,-4.655655861,-4.933388233,0,0,0,0.037226278334856,0,0
2915,2023/2/19 02:53:52,0,0,0,0,-4.699252129,-4.655655861,-4.933388233,0,0,0,0.037226278334856,0,0
2916,2023/2/19 02:53:56,0,0,0,0,-4.699252129,-4.655655861,-4.933388233,0,0,0,0.037226278334856,0,0
2917,2023/2/19 02:54:00,0,0,0,0,-4.699252129,-4.655655861,-4.933388233,0,0,0,0.037226278334856,0,0
2918,2023/2/19 02:54:04,0,0,0,0,-4.699252129,-4.655655861,-4.933388233,0,0,0,0.037226278334856,0,0
2919,2023/2/19 02:54:08,0,0,0,0,-4.699252129,-4.655655861,-4.933388233,0,0,0,0.037226278334856,0,0
2920,2023/2/19 02:54:12,0,0,0,0,-4.699252129,-4.655655861,-4.933388233,0,0,0,0.037226278334856,0,0
2921,2023/2/19 02:54:16,0,0,0,0,-4.699252129,-4.655655861,-4.933388233,0,0,0,0.037226278334856,0,0
2922,2023/2/19 02:54:20,0,0,0,0,-4.699252129,-4.655655861,-4.933388233,0,0,0,0.037226278334856,0,0
2923,2023/2/19 02:54:24,0,0,0,0,-4.699252129,-4.655655861,-4.933388233,0,0,0,0.037226278334856,0,0
2924,2023/2/19 02:54:28,0,0,0,0,-4.699252129,-4.655655861,-4.933388233,0,0,0,0.037226278334856,0,0
2925,2023/2/19 02:54:32,0,0,0,0,-4.699252129,-4.655655861,-4.933388233,0,0,0,0.037226278334856,0,0
2926,2023/2/19 02:54:36,0,0,0,0,-4.699252129,-4.655655861,-4.933388233,0,0,0,0.037226278334856,0,0
2927,2023/2/19 02:54:40,0,0,0,0,-4.699252129,-4.655655861,-4.933388233,0,0,0,0.037226278334856,0,0
2928,2023/2/19 02:54:44,0,0,0,0,-4.699252129,-4.655655861,-4.933388233,0,0,0,0.037226278334856,0,0
2929,2023/2/19 02:54:48,0,0,0,0,-4.699252129,-4.655655861,-4.933388233,0,0,0,0.037226278334856,0,0
2930,2023/2/19 02:54:52,0,0,0,0,-4.699252129,-4.655655861,-4.933388233,0,0,0,0.037226278334856,0,0
2931,2023/2/19 02:54:56,0,0,0,0,-4.699252129,-4.655655861,-4.933388233,0,0,0,0.037226278334856,0,0
2932,2023/2/19 02:55:00,0,0,0,0,-4.699252129,-4.655655861,-4.933388233,0,0,0,0.037226278334856,0,0
2933,2023/2/19 02:55:04,0,0,0,0,-4.699252129,-4.655655861,-4.933388233,0,0,0,0.037226278334856,0,0
2934,2023/2/19 02:55:08,0,0,0,0,-4.699252129,-4.655655861,-4.933388233,0,0,0,0.037226278334856,0,0
2935,2023/2/19 02:55:12,0,0,0,0,-4.699252129,-4.655655861,-4.933388233,0,0,0,0.037226278334856,0,0
2936,2023/2/19 02:55:16,0,0,0,0,-4.699252129,-4.655655861,-4.933388233,0,0,0,0.037226278334856,0,0
2937,2023/2/19 02:55:20,0,0,0,0,-4.699252129,-4.655655861,-4.933388233,0,0,0,0.037226278334856,0,0
2938,2023/2/19 02:55:24,0,0,0,0,-4.699252129,-4.655655861,-4.933388233,0,0,0,0.037226278334856,0,0
2939,2023/2/19 02:55:28,0,0,0,0,-4.699252129,-4.655655861,-4.933388233,0,0,0,0.037226278334856,0,0
2940,2023/2/19 02:55:32,0,0,0,0,-4.699252129,-4.655655861,-4.933388233,0,0,0,0.037226278334856,0,0
2941,2023/2/19 02:55:36,0,0,0,0,-4.699252129,-4.655655861,-4.933388233,0,0,0,0.037226278334856,0,0
2942,2023/2/19 02:55:40,0,0,0,0,-4.699252129,-4.655655861,-4.933388233,0,0,0,0.037226278334856,0,0
2943,2023/2/19 02:55:44,0,0,0,0,-4.699252129,-4.655655861,-4.933388233,0,0,0,0.037226278334856,0,0
2944,2023/2/19 02:55:48,0,0,0,0,-4.699252129,-4.655655861,-4.933388233,0,0,0,0.037226278334856,0,0
2945,2023/2/19 02:55:52,0,0,0,0,-4.699252129,-4.655655861,-4.933388233,0,0,0,0.037226278334856,0,0
2946,2023/2/19 02:55:56,0,0,0,0,-4.699252129,-4.655655861,-4.933388233,0,0,0,0.037226278334856,0,0
2947,2023/2/19 02:56:00,0,0,0,0,-4.699252129,-4.655655861,-4.933388233,0,0,0,0.037226278334856,0,0
2948,2023/2/19 02:56:04,0,0,0,0,-4.699252129,-4.655655861,-4.933388233,0,0,0,0.037226278334856,0,0
2949,2023/2/19 02:56:08,0,0,0,0,-4.699252129,-4.655655861,-4.933388233,0,0,0,0.037226278334856,0,0
2950,2023/2/19 02:56:12,0,0,0,0,-4.699252129,-4.655655861,-4.933388233,0,0,0,0.037226278334856,0,0
2951,2023/2/19 02:56:16,0,0,0,0,-4.699252129,-4.655655861,-4.933388233,0,0,0,0.037226278334856,0,0
2952,2023/2/19 02:56:20,0,0,0,0,-4.699252129,-4.655655861,-4.933388233,0,0,0,0.037226278334856,0,0
2953,2023/2/19 02:56:24,0,0,0,0,-4.699252129,-4.655655861,-4.933388233,0,0,0,0.037226278334856,0,0
2954,2023/2/19 02:56:28,0,0,0,0,-4.699252129,-4.655655861,-4.933388233,0,0,0,0.037226278334856,0,0
2955,2023/2/19 02:56:32,0,0,0,0,-4.699252129,-4.655655861,-4.933388233,0,0,0,0.037226278334856,0,0
2956,2023/2/19 02:56:36,0,0,0,0,-4.699252129,-4.655655861,-4.933388233,0,0,0,0.037226278334856,0,0
2957,2023/2/19 02:56:40,0,0,0,0,-4.699252129,-4.655655861,-4.933388233,0,0,0,0.037226278334856,0,0
2958,2023/2/19 02:56:44,0,0,0,0,-4.699252129,-4.655655861,-4.933388233,0,0,0,0.037226278334856,0,0
2959,2023/2/19 02:56:48,0,0,0,0,-4.699252129,-4.655655861,-4.933388233,0,0,0,0.037226278334856,0,0
2960,2023/2/19 02:56:52,0,0,0,0,-4.699252129,-4.655655861,-4.933388233,0,0,0,0.037226278334856,0,0
2961,2023/2/19 02:56:56,0,0,0,0,-4.699252129,-4.655655861,-4.933388233,0,0,0,0.037226278334856,0,0
2962,2023/2/19 02:57:00,0,0,0,0,-4.699252129,-4.655655861,-4.933388233,0,0,0,0.037226278334856,0,0
2963,2023/2/19 02:57:04,0,0,0,0,-4.699252129,-4.655655861,-4.933388233,0,0,0,0.037226278334856,0,0
2964,2023/2/19 02:57:08,0,0,0,0,-4.699252129,-4.655655861,-4.933388233,0,0,0,0.037226278334856,0,0
2965,2023/2/19 02:57:12,0,0,0,0,-4.699252129,-4.655655861,-4.933388233,0,0,0,0.037226278334856,0,0
2966,2023/2/19 02:57:16,0,0,0,0,-4.699252129,-4.655655861,-4.933388233,0,0,0,0.037226278334856,0,0
2967,2023/2/19 02:57:20,0,0,0,0,-4.699252129,-4.655655861,-4.933388233,0,0,0,0.037226278334856,0,0
2968,2023/2/19 02:57:24,0,0,0,0,-4.699252129,-4.655655861,-4.933388233,0,0,0,0.037226278334856,0,0
2969,2023/2/19 02:57:28,0,0,0,0,-4.699252129,-4.655655861,-4.933388233,0,0,0,0.037226278334856,0,0
2970,2023/2/19 02:57:32,0,0,0,0,-4.699252129,-4.655655861,-4.933388233,0,0,0,0.037226278334856,0,0
2971,2023/2/19 02:57:36,0,0,0,0,-4.699252129,-4.655655861,-4.933388233,0,0,0,0.037226278334856,0,0
2972,2023/2/19 02:57:40,0,0,0,0,-4.699252129,-4.655655861,-4.933388233,0,0,5.91424322128296,0.037226278334856,0,0
2973,2023/2/19 02:57:44,0,0,0,0,-4.699252129,-4.655655861,-4.933388233,0,0,229.078353881836,0.558394193649292,0,0
2974,2023/2/19 02:57:48,0,0,0,0,0,0,0,0,0,226.318374633789,0.558394193649292,0,0
2975,2023/2/19 02:57:52,0,0,0,0,0,0,0,0,0,220.40412902832,0.0558394193649292,0,0
2976,2023/2/19 02:57:56,0,0,0,0,0,0,0,0,0,220.40412902832,0.0558394193649292,0,0
2977,2023/2/19 02:58:00,0,0,0,0,0,0,0,0,0,220.40412902832,0.0558394193649292,0,0
2978,2023/2/19 02:58:04,0,0,0,0,0,0,0,0,0,220.40412902832,0.558394193649292,0,0
2979,2023/2/19 02:58:08,0,0,0,0,0,0,0,0,0,220.40412902832,0.558394193649292,0,0
2980,2023/2/19 02:58:12,0,0,0,0,0,0,0,0,0,220.40412902832,0.558394193649292,0,0
2981,2023/2/19 02:58:16,0,0,0,0,0,0,0,0,0,220.009841918945,0.558394193649292,0,0
2982,2023/2/19 02:58:20,0,0,0,0,0,0,0,0,0,220.40412902832,0.558394193649292,0,0
2983,2023/2/19 02:58:24,0,0,0,0,0,0,0,0,0,220.40412902832,0.558394193649292,0,0
2984,2023/2/19 02:58:28,0,0,0,0,0,0,0,0,0,220.009841918945,0.558394193649292,0,0
2985,2023/2/19 02:58:32,0,0,0,0,0,0,0,0,0,220.009841918945,0.558394193649292,0,0
2986,2023/2/19 02:58:36,0,0,0,0,0,0,0,0,0,220.40412902832,0.558394193649292,0,0
2987,2023/2/19 02:58:40,0,0,0,0,0,0,0,0,0,220.40412902832,0.558394193649292,0,0
2988,2023/2/19 02:58:44,0,0,0,0,0,0,0,0,0,220.40412902832,0.558394193649292,0,0
2989,2023/2/19 02:58:48,0,0,0,0,0,0,0,0,0,220.40412902832,0.558394193649292,0,0
2990,2023/2/19 02:58:52,0,0,0,0,0,0,0,0,0,220.009841918945,0.558394193649292,0,0
2991,2023/2/19 02:58:56,0,0,0,0,0,0,0,0,0,220.40412902832,0.558394193649292,0,0
2992,2023/2/19 02:59:00,0,0,0,0,0,0,0,0,0,220.009841918945,0.558394193649292,0,0
2993,2023/2/19 02:59:04,0,0,0,0,0,0,0,0,0,220.009841918945,0.558394193649292,0,0
2994,2023/2/19 02:59:08,0,0,0,0,0,0,0,0,0,220.40412902832,0.558394193649292,0,0
2995,2023/2/19 02:59:12,0,0,0,0,0,0,0,0,0,220.009841918945,0.558394193649292,0,0
2996,2023/2/19 02:59:16,0,0,0,0,0,0,0,0,0,311.877746582031,0.558394193649292,0,0
2997,2023/2/19 02:59:20,0,0,0,0,0,0,0,-1380,-1386.666626,330.409057617188,6.29124116897583,0,0
2998,2023/2/19 02:59:24,0,0,0,0,0,0,0,-3073.333252,-3079.999756,329.620483398438,7.51970863342285,0,0
2999,2023/2/19 02:59:28,0,-0.200000003,-0.200000003,-0.100000001,-0.538905025,-0.517295122,-0.574144304,-2686.666504,-2686.666504,330.409057617188,8.6923360824585,0,0
3000,2023/2/19 02:59:32,-0.699999988,-0.699999988,-0.699999988,-0.699999988,-1.918501973,-1.896748781,-1.913814425,-2753.333252,-2746.666504,330.409057617188,9.6974458694458,0,0
3001,2023/2/19 02:59:36,-3,-3.200000048,-3.099999905,-3.099999905,-9.980521202,-9.957930565,-9.951834679,-3613.333252,-3599.999756,330.409057617188,10.7211685180664,0,0
3002,2023/2/19 02:59:40,-6,-6.099999905,-6.199999809,-6.199999809,-31.60139275,-31.51189423,-31.51414299,-3593.333252,-3586.666504,330.409057617188,11.8379573822021,0,0
3003,2023/2/19 02:59:44,-7.5,-7.400000095,-7.400000095,-7.699999809,-64.43148804,-64.33857727,-64.32542419,-2340,-2333.333252,330.409057617188,12.0054750442505,0,0
3004,2023/2/19 02:59:48,-7.5,-7.599999905,-7.199999809,-7.800000191,-98.89985657,-98.86802673,-98.85914612,-2240,-2240,330.409057617188,12.0054750442505,0,0
3005,2023/2/19 02:59:52,-7.599999905,-7.599999905,-7.599999905,-7.800000191,-134.0149078,-133.9578857,-133.988266,-2246.666504,-2266.666504,330.803344726563,12.0054750442505,0,0
3006,2023/2/19 02:59:56,-7.699999809,-7.599999905,-7.400000095,-7.900000095,-169.7766418,-169.6512451,-169.6490173,-2206.666504,-2193.333252,330.803344726563,12.0054750442505,0,0
3007,2023/2/19 03:00:00,-7.800000191,-7.800000191,-7.599999905,-8,-205.5814972,-205.4954834,-205.5011292,-2226.666504,-2226.666504,330.014770507813,12.0054750442505,0,0
3008,2023/2/19 03:00:04,-7.800000191,-7.800000191,-7.599999905,-8,-241.515686,-241.3828278,-241.3957825,-2226.666504,-2226.666504,330.014770507813,12.0054750442505,0,0
3009,2023/2/19 03:00:08,-7.699999809,-7.800000191,-7.599999905,-8.100000381,-277.4714355,-277.3779602,-277.4393005,-2240,-2233.333252,330.803344726563,12.0054750442505,0,0
3010,2023/2/19 03:00:12,-7.699999809,-7.400000095,-7.800000191,-8,-313.4918518,-313.3946228,-313.4402771,-2240,-2246.666504,330.803344726563,12.0054750442505,0,0
3011,2023/2/19 03:00:16,-7.800000191,-7.800000191,-7.800000191,-8,-349.5769348,-349.38974,-349.4199829,-2253.333252,-2246.666504,330.409057617188,12.0054750442505,0,0
3012,2023/2/19 03:00:20,-5.800000191,-5.800000191,-5.599999905,-5.900000095,-382.4070129,-382.3241882,-382.3800964,-466.6666565,-459.9999695,330.803344726563,12.0054750442505,0,0
3013,2023/2/19 03:00:24,-1.600000024,-1.700000048,-1.600000024,-1.700000048,-398.1646118,-398.1232605,-398.1371765,-713.333313,-733.333313,330.014770507813,12.0054750442505,0,0
3014,2023/2/19 03:00:28,-1.200000048,-1.299999952,-1.299999952,-1.299999952,-403.920105,-403.8350525,-403.9424133,-2366.666504,-2360,330.409057617188,12.0054750442505,0,0
3015,2023/2/19 03:00:32,0,0,0,0,-408.7055969,-408.7278137,-408.9821167,0,0,221.981262207031,0.24197082221508,0,0
3016,2023/2/19 03:00:36,0,0,0,0,-408.7055969,-408.7278137,-408.9821167,0,0,220.40412902832,0.0558394193649292,0,0
3017,2023/2/19 03:00:40,0,0,0,0,-408.7055969,-408.7278137,-408.9821167,0,0,220.009841918945,0.0558394193649292,0,0
3018,2023/2/19 03:00:44,0,0,0,0,-408.7055969,-408.7278137,-408.9821167,0,0,220.009841918945,0.0558394193649292,0,0
3019,2023/2/19 03:00:48,0,0,0,0,-408.7055969,-408.7278137,-408.9821167,0,0,220.009841918945,0.0558394193649292,0,0
3020,2023/2/19 03:00:52,0,0,0,0,-408.7055969,-408.7278137,-408.9821167,0,0,220.40412902832,0.0558394193649292,0,0
3021,2023/2/19 03:00:56,0,0,0,0,-408.7055969,-408.7278137,-408.9821167,0,0,220.40412902832,0.0558394193649292,0,0
3022,2023/2/19 03:01:00,0,0,0,0,-408.7055969,-408.7278137,-408.9821167,0,0,220.40412902832,0.0558394193649292,0,0
3023,2023/2/19 03:01:04,0,0,0,0,-408.7055969,-408.7278137,-408.9821167,0,0,220.40412902832,0.0558394193649292,0,0
3024,2023/2/19 03:01:08,0,0,0,0,-408.7055969,-408.7278137,-408.9821167,0,0,220.40412902832,0.0558394193649292,0,0
3025,2023/2/19 03:01:12,0,0,0,0,-408.7055969,-408.7278137,-408.9821167,0,0,220.40412902832,0.0558394193649292,0,0
3026,2023/2/19 03:01:16,0,0,0,0,-408.7055969,-408.7278137,-408.9821167,0,0,220.40412902832,0.0558394193649292,0,0
3027,2023/2/19 03:01:20,0,0,0,0,-408.7055969,-408.7278137,-408.9821167,0,0,220.009841918945,0.0558394193649292,0,0
3028,2023/2/19 03:01:24,0,0,0,0,-408.7055969,-408.7278137,-408.9821167,0,0,220.40412902832,0.0558394193649292,0,0
3029,2023/2/19 03:01:28,0,0,0,0,-408.7055969,-408.7278137,-408.9821167,0,0,220.009841918945,0.0558394193649292,0,0
3030,2023/2/19 03:01:32,0,0,0,0,-408.7055969,-408.7278137,-408.9821167,0,0,220.009841918945,0.0558394193649292,0,0
3031,2023/2/19 03:01:36,0,0,0,0,-408.7055969,-408.7278137,-408.9821167,0,0,220.009841918945,0.0558394193649292,0,0
3032,2023/2/19 03:01:40,0,0,0,0,-408.7055969,-408.7278137,-408.9821167,0,0,220.009841918945,0.0558394193649292,0,0
3033,2023/2/19 03:01:44,0,0,0,0,-408.7055969,-408.7278137,-408.9821167,0,0,220.009841918945,0.0558394193649292,0,0
3034,2023/2/19 03:01:48,0,0,0,0,-408.7055969,-408.7278137,-408.9821167,0,0,220.009841918945,0.0558394193649292,0,0
3035,2023/2/19 03:01:52,0,0,0,0,-408.7055969,-408.7278137,-408.9821167,0,0,220.009841918945,0.0558394193649292,0,0
3036,2023/2/19 03:01:56,0,0,0,0,-408.7055969,-408.7278137,-408.9821167,0,0,220.009841918945,0.0558394193649292,0,0
3037,2023/2/19 03:02:00,0,0,0,0,-408.7055969,-408.7278137,-408.9821167,0,0,220.40412902832,0.0558394193649292,0,0
3038,2023/2/19 03:02:04,0,0,0,0,-408.7055969,-408.7278137,-408.9821167,0,0,220.40412902832,0.0558394193649292,0,0
3039,2023/2/19 03:02:08,0,0,0,0,-408.7055969,-408.7278137,-408.9821167,0,0,220.009841918945,0.0558394193649292,0,0
3040,2023/2/19 03:02:12,0,0,0,0,-408.7055969,-408.7278137,-408.9821167,0,0,220.40412902832,0.0558394193649292,0,0
3041,2023/2/19 03:02:16,0,0,0,0,-408.7055969,-408.7278137,-408.9821167,0,0,220.009841918945,0.0558394193649292,0,0
3042,2023/2/19 03:02:20,0,0,0,0,-408.7055969,-408.7278137,-408.9821167,0,0,220.40412902832,0.0558394193649292,0,0
3043,2023/2/19 03:02:24,0,0,0,0,-408.7055969,-408.7278137,-408.9821167,0,0,220.40412902832,0.0558394193649292,0,0
3044,2023/2/19 03:02:28,0,0,0,0,-408.7055969,-408.7278137,-408.9821167,0,0,220.40412902832,0.0558394193649292,0,0
3045,2023/2/19 03:02:32,0,0,0,0,-408.7055969,-408.7278137,-408.9821167,0,0,220.40412902832,0.0558394193649292,0,0
3046,2023/2/19 03:02:36,0,0,0,0,-408.7055969,-408.7278137,-408.9821167,0,0,220.40412902832,0.0558394193649292,0,0
3047,2023/2/19 03:02:40,0,0,0,0,-408.7055969,-408.7278137,-408.9821167,0,0,220.40412902832,0.0558394193649292,0,0
3048,2023/2/19 03:02:44,0,0,0,0,-408.7055969,-408.7278137,-408.9821167,0,0,220.009841918945,0.0558394193649292,0,0
3049,2023/2/19 03:02:48,0,0,0,0,-408.7055969,-408.7278137,-408.9821167,0,0,220.009841918945,0.0558394193649292,0,0
3050,2023/2/19 03:02:52,0,0,0,0,-408.7055969,-408.7278137,-408.9821167,0,0,220.40412902832,0.0558394193649292,0,0
3051,2023/2/19 03:02:56,0,0,0,0,-408.7055969,-408.7278137,-408.9821167,0,0,220.009841918945,0.0558394193649292,0,0
3052,2023/2/19 03:03:00,0,0,0,0,-408.7055969,-408.7278137,-408.9821167,0,0,220.40412902832,0.0558394193649292,0,0
3053,2023/2/19 03:03:04,0,0,0,0,-408.7055969,-408.7278137,-408.9821167,0,0,220.009841918945,0.0558394193649292,0,0
3054,2023/2/19 03:03:08,0,0,0,0,-408.7055969,-408.7278137,-408.9821167,0,0,220.009841918945,0.0558394193649292,0,0
3055,2023/2/19 03:03:12,0,0,0,0,-408.7055969,-408.7278137,-408.9821167,0,0,220.009841918945,0.0558394193649292,0,0
3056,2023/2/19 03:03:16,0,0,0,0,-408.7055969,-408.7278137,-408.9821167,0,0,220.009841918945,0.0558394193649292,0,0
3057,2023/2/19 03:03:20,0,0,0,0,-408.7055969,-408.7278137,-408.9821167,0,0,220.009841918945,0.0558394193649292,0,0
3058,2023/2/19 03:03:24,0,0,0,0,-408.7055969,-408.7278137,-408.9821167,0,0,220.009841918945,0.0558394193649292,0,0
3059,2023/2/19 03:03:28,0,0,0,0,-408.7055969,-408.7278137,-408.9821167,0,0,220.009841918945,0.0558394193649292,0,0
3060,2023/2/19 03:03:32,0,0,0,0,-408.7055969,-408.7278137,-408.9821167,0,0,220.40412902832,0.0558394193649292,0,0
3061,2023/2/19 03:03:36,0,0,0,0,-408.7055969,-408.7278137,-408.9821167,0,0,220.009841918945,0.0558394193649292,0,0
3062,2023/2/19 03:03:40,0,0,0,0,-408.7055969,-408.7278137,-408.9821167,0,0,220.40412902832,0.0558394193649292,0,0
3063,2023/2/19 03:03:44,0,0,0,0,-408.7055969,-408.7278137,-408.9821167,0,0,220.40412902832,0.0558394193649292,0,0
3064,2023/2/19 03:03:48,0,0,0,0,-408.7055969,-408.7278137,-408.9821167,0,0,220.40412902832,0.0558394193649292,0,0
3065,2023/2/19 03:03:52,0,0,0,0,-408.7055969,-408.7278137,-408.9821167,0,0,220.009841918945,0.0558394193649292,0,0
3066,2023/2/19 03:03:56,0,0,0,0,-408.7055969,-408.7278137,-408.9821167,0,0,220.40412902832,0.0558394193649292,0,0
3067,2023/2/19 03:04:00,0,0,0,0,-408.7055969,-408.7278137,-408.9821167,0,0,220.009841918945,0.0558394193649292,0,0
3068,2023/2/19 03:04:04,0,0,0,0,-408.7055969,-408.7278137,-408.9821167,0,0,220.009841918945,0.0558394193649292,0,0
3069,2023/2/19 03:04:08,0,0,0,0,-408.7055969,-408.7278137,-408.9821167,0,0,220.009841918945,0.0558394193649292,0,0
3070,2023/2/19 03:04:12,0,0,0,0,-408.7055969,-408.7278137,-408.9821167,0,0,220.009841918945,0.0558394193649292,0,0
3071,2023/2/19 03:04:16,0,0,0,0,-408.7055969,-408.7278137,-408.9821167,0,0,220.009841918945,0.0558394193649292,0,0
3072,2023/2/19 03:04:20,0,0,0,0,-408.7055969,-408.7278137,-408.9821167,0,0,220.40412902832,0.0558394193649292,0,0
3073,2023/2/19 03:04:24,0,0,0,0,-408.7055969,-408.7278137,-408.9821167,0,0,220.009841918945,0.0558394193649292,0,0
3074,2023/2/19 03:04:28,0,0,0,0,-408.7055969,-408.7278137,-408.9821167,0,0,220.009841918945,0.0558394193649292,0,0
3075,2023/2/19 03:04:32,0,0,0,0,-408.7055969,-408.7278137,-408.9821167,0,0,220.009841918945,0.0558394193649292,0,0
3076,2023/2/19 03:04:36,0,0,0,0,-408.7055969,-408.7278137,-408.9821167,0,0,220.40412902832,0.0558394193649292,0,0
3077,2023/2/19 03:04:40,0,0,0,0,-408.7055969,-408.7278137,-408.9821167,0,0,220.009841918945,0.0558394193649292,0,0
3078,2023/2/19 03:04:44,0,0,0,0,-408.7055969,-408.7278137,-408.9821167,0,0,220.009841918945,0.0558394193649292,0,0
3079,2023/2/19 03:04:48,0,0,0,0,-408.7055969,-408.7278137,-408.9821167,0,0,220.40412902832,0.0558394193649292,0,0
3080,2023/2/19 03:04:52,0,0,0,0,-408.7055969,-408.7278137,-408.9821167,0,0,220.009841918945,0.0558394193649292,0,0
3081,2023/2/19 03:04:56,0,0,0,0,-408.7055969,-408.7278137,-408.9821167,0,0,220.009841918945,0.0558394193649292,0,0
3082,2023/2/19 03:05:00,0,0,0,0,-408.7055969,-408.7278137,-408.9821167,0,0,220.40412902832,0.0558394193649292,0,0
3083,2023/2/19 03:05:04,0,0,0,0,-408.7055969,-408.7278137,-408.9821167,0,0,220.009841918945,0.0558394193649292,0,0
3084,2023/2/19 03:05:08,0,0,0,0,-408.7055969,-408.7278137,-408.9821167,0,0,220.40412902832,0.0558394193649292,0,0
3085,2023/2/19 03:05:12,0,0,0,0,-408.7055969,-408.7278137,-408.9821167,0,0,220.009841918945,0.0558394193649292,0,0
3086,2023/2/19 03:05:16,0,0,0,0,-408.7055969,-408.7278137,-408.9821167,0,0,220.40412902832,0.0558394193649292,0,0
3087,2023/2/19 03:05:20,0,0,0,0,-408.7055969,-408.7278137,-408.9821167,0,0,220.009841918945,0.0558394193649292,0,0
3088,2023/2/19 03:05:24,0,0,0,0,-408.7055969,-408.7278137,-408.9821167,0,0,220.40412902832,0.0558394193649292,0,0
3089,2023/2/19 03:05:28,0,0,0,0,-408.7055969,-408.7278137,-408.9821167,0,0,220.40412902832,0.0558394193649292,0,0
3090,2023/2/19 03:05:32,0,0,0,0,-408.7055969,-408.7278137,-408.9821167,0,0,0,0.037226278334856,0,0
3091,2023/2/19 03:05:36,0,0,0,0,-408.7055969,-408.7278137,-408.9821167,0,0,0,0.037226278334856,0,0
3092,2023/2/19 03:05:40,0,0,0,0,-408.7055969,-408.7278137,-408.9821167,0,0,0,0.037226278334856,0,0
3093,2023/2/19 03:05:44,0,0,0,0,-408.7055969,-408.7278137,-408.9821167,0,0,0,0.037226278334856,0,0
3094,2023/2/19 03:05:48,0,0,0,0,-408.7055969,-408.7278137,-408.9821167,0,0,0,0.037226278334856,0,0
3095,2023/2/19 03:05:52,0,0,0,0,-408.7055969,-408.7278137,-408.9821167,0,0,0,0.037226278334856,0,0
3096,2023/2/19 03:05:56,0,0,0,0,-408.7055969,-408.7278137,-408.9821167,0,0,0,0.037226278334856,0,0
3097,2023/2/19 03:06:00,0,0,0,0,-408.7055969,-408.7278137,-408.9821167,0,0,0,0.037226278334856,0,0
3098,2023/2/19 03:06:04,0,0,0,0,-408.7055969,-408.7278137,-408.9821167,0,0,0,0.037226278334856,0,0
3099,2023/2/19 03:06:08,0,0,0,0,-408.7055969,-408.7278137,-408.9821167,0,0,0,0.037226278334856,0,0
3100,2023/2/19 03:06:12,0,0,0,0,-408.7055969,-408.7278137,-408.9821167,0,0,0,0.037226278334856,0,0
3101,2023/2/19 03:06:16,0,0,0,0,-408.7055969,-408.7278137,-408.9821167,0,0,0,0.037226278334856,0,0
3102,2023/2/19 03:06:20,0,0,0,0,-408.7055969,-408.7278137,-408.9821167,0,0,0,0.037226278334856,0,0
3103,2023/2/19 03:06:24,0,0,0,0,-408.7055969,-408.7278137,-408.9821167,0,0,0,0.037226278334856,0,0
3104,2023/2/19 03:06:28,0,0,0,0,-408.7055969,-408.7278137,-408.9821167,0,0,0,0.037226278334856,0,0
3105,2023/2/19 03:06:32,0,0,0,0,-408.7055969,-408.7278137,-408.9821167,0,0,0,0.037226278334856,0,0
3106,2023/2/19 03:06:36,0,0,0,0,-408.7055969,-408.7278137,-408.9821167,0,0,0,0.037226278334856,0,0
3107,2023/2/19 03:06:40,0,0,0,0,-408.7055969,-408.7278137,-408.9821167,0,0,0,0.037226278334856,0,0
3108,2023/2/19 03:06:44,0,0,0,0,-408.7055969,-408.7278137,-408.9821167,0,0,0,0.037226278334856,0,0
3109,2023/2/19 03:06:48,0,0,0,0,-408.7055969,-408.7278137,-408.9821167,0,0,0,0.037226278334856,0,0
3110,2023/2/19 03:06:52,0,0,0,0,-408.7055969,-408.7278137,-408.9821167,0,0,0,0.037226278334856,0,0
3111,2023/2/19 03:06:56,0,0,0,0,-408.7055969,-408.7278137,-408.9821167,0,0,0,0.037226278334856,0,0
3112,2023/2/19 03:07:00,0,0,0,0,-408.7055969,-408.7278137,-408.9821167,0,0,0,0.037226278334856,0,0
3113,2023/2/19 03:07:04,0,0,0,0,-408.7055969,-408.7278137,-408.9821167,0,0,0,0.037226278334856,0,0
3114,2023/2/19 03:07:08,0,0,0,0,-408.7055969,-408.7278137,-408.9821167,0,0,0,0.037226278334856,0,0
3115,2023/2/19 03:07:12,0,0,0,0,-408.7055969,-408.7278137,-408.9821167,6.66666650772095,0,0,0.037226278334856,0,0
3116,2023/2/19 03:07:16,0,0,0,0,-408.7055969,-408.7278137,-408.9821167,0,0,0,0.037226278334856,0,0
3117,2023/2/19 03:07:20,0,0,0,0,-408.7055969,-408.7278137,-408.9821167,0,0,0,0.037226278334856,0,0
3118,2023/2/19 03:07:24,0,0,0,0,-408.7055969,-408.7278137,-408.9821167,0,0,0,0.037226278334856,0,0
3119,2023/2/19 03:07:28,0,0,0,0,-408.7055969,-408.7278137,-408.9821167,0,0,0,0.037226278334856,0,0
3120,2023/2/19 03:07:32,0,0,0,0,-408.7055969,-408.7278137,-408.9821167,0,0,0,0.037226278334856,0,0
3121,2023/2/19 03:07:36,0,0,0,0,-408.7055969,-408.7278137,-408.9821167,0,0,0,0.037226278334856,0,0
3122,2023/2/19 03:07:40,0,0,0,0,-408.7055969,-408.7278137,-408.9821167,0,0,0,0.037226278334856,0,0
3123,2023/2/19 03:07:44,0,0,0,0,-408.7055969,-408.7278137,-408.9821167,0,0,0,0.037226278334856,0,0
3124,2023/2/19 03:07:48,0,0,0,0,-408.7055969,-408.7278137,-408.9821167,0,0,0,0.037226278334856,0,0
3125,2023/2/19 03:07:52,0,0,0,0,-408.7055969,-408.7278137,-408.9821167,0,0,0,0.037226278334856,0,0
3126,2023/2/19 03:07:56,0,0,0,0,-408.7055969,-408.7278137,-408.9821167,0,0,0,0.037226278334856,0,0
3127,2023/2/19 03:08:00,0,0,0,0,-408.7055969,-408.7278137,-408.9821167,0,0,0,0.037226278334856,0,0
3128,2023/2/19 03:08:04,0,0,0,0,-408.7055969,-408.7278137,-408.9821167,0,0,0,0.037226278334856,0,0
3129,2023/2/19 03:08:08,0,0,0,0,-408.7055969,-408.7278137,-408.9821167,0,0,0,0.037226278334856,0,0
3130,2023/2/19 03:08:12,0,0,0,0,-408.7055969,-408.7278137,-408.9821167,0,0,0,0.037226278334856,0,0
3131,2023/2/19 03:08:16,0,0,0,0,-408.7055969,-408.7278137,-408.9821167,0,0,0,0.037226278334856,0,0
3132,2023/2/19 03:08:20,0,0,0,0,-408.7055969,-408.7278137,-408.9821167,0,0,0,0.037226278334856,0,0
3133,2023/2/19 03:08:24,0,0,0,0,-408.7055969,-408.7278137,-408.9821167,0,0,0,0.037226278334856,0,0
3134,2023/2/19 03:08:28,0,0,0,0,-408.7055969,-408.7278137,-408.9821167,0,0,0,0.037226278334856,0,0
3135,2023/2/19 03:08:32,0,0,0,0,-408.7055969,-408.7278137,-408.9821167,0,0,0,0.037226278334856,0,0
3136,2023/2/19 03:08:36,0,0,0,0,-408.7055969,-408.7278137,-408.9821167,0,0,0,0.037226278334856,0,0
3137,2023/2/19 03:08:40,0,0,0,0,-408.7055969,-408.7278137,-408.9821167,0,0,0,0.037226278334856,0,0
3138,2023/2/19 03:08:44,0,0,0,0,-408.7055969,-408.7278137,-408.9821167,0,0,0,0.037226278334856,0,0
3139,2023/2/19 03:08:48,0,0,0,0,-408.7055969,-408.7278137,-408.9821167,0,0,0,0.037226278334856,0,0
3140,2023/2/19 03:08:52,0,0,0,0,-408.7055969,-408.7278137,-408.9821167,0,0,0,0.037226278334856,0,0
3141,2023/2/19 03:08:56,0,0,0,0,-408.7055969,-408.7278137,-408.9821167,0,0,0,0.037226278334856,0,0
3142,2023/2/19 03:09:00,0,0,0,0,-408.7055969,-408.7278137,-408.9821167,0,0,0,0.037226278334856,0,0
3143,2023/2/19 03:09:04,0,0,0,0,-408.7055969,-408.7278137,-408.9821167,0,0,0,0.037226278334856,0,0
3144,2023/2/19 03:09:08,0,0,0,0,-408.7055969,-408.7278137,-408.9821167,0,0,0,0.037226278334856,0,0
3145,2023/2/19 03:09:12,0,0,0,0,-408.7055969,-408.7278137,-408.9821167,0,0,0,0.037226278334856,0,0
3146,2023/2/19 03:09:16,0,0,0,0,-408.7055969,-408.7278137,-408.9821167,0,0,0,0.037226278334856,0,0
3147,2023/2/19 03:09:20,0,0,0,0,-408.7055969,-408.7278137,-408.9821167,0,0,0,0.037226278334856,0,0
3148,2023/2/19 03:09:24,0,0,0,0,-408.7055969,-408.7278137,-408.9821167,0,0,0,0.037226278334856,0,0
3149,2023/2/19 03:09:28,0,0,0,0,-408.7055969,-408.7278137,-408.9821167,0,0,0,0.037226278334856,0,0
3150,2023/2/19 03:09:32,0,0,0,0,-408.7055969,-408.7278137,-408.9821167,0,0,0,0.037226278334856,0,0
3151,2023/2/19 03:09:36,0,0,0,0,-408.7055969,-408.7278137,-408.9821167,0,0,0,0.037226278334856,0,0
3152,2023/2/19 03:09:40,0,0,0,0,-408.7055969,-408.7278137,-408.9821167,0,0,0,0.037226278334856,0,0
3153,2023/2/19 03:09:44,0,0,0,0,-408.7055969,-408.7278137,-408.9821167,0,0,0,0.037226278334856,0,0
3154,2023/2/19 03:09:48,0,0,0,0,-408.7055969,-408.7278137,-408.9821167,0,0,0,0.037226278334856,0,0
3155,2023/2/19 03:09:52,0,0,0,0,-408.7055969,-408.7278137,-408.9821167,0,0,0,0.037226278334856,0,0
3156,2023/2/19 03:09:56,0,0,0,0,-408.7055969,-408.7278137,-408.9821167,0,0,0,0.037226278334856,0,0
3157,2023/2/19 03:10:00,0,0,0,0,-408.7055969,-408.7278137,-408.9821167,0,0,0,0.037226278334856,0,0
3158,2023/2/19 03:10:04,0,0,0,0,-408.7055969,-408.7278137,-408.9821167,0,0,0,0.037226278334856,0,0
3159,2023/2/19 03:10:08,0,0,0,0,-408.7055969,-408.7278137,-408.9821167,0,0,0,0.037226278334856,0,0
3160,2023/2/19 03:10:12,0,0,0,0,-408.7055969,-408.7278137,-408.9821167,0,0,0,0.037226278334856,0,0
3161,2023/2/19 03:10:16,0,0,0,0,-408.7055969,-408.7278137,-408.9821167,0,0,0,0.037226278334856,0,0
3162,2023/2/19 03:10:20,0,0,0,0,-408.7055969,-408.7278137,-408.9821167,0,0,0,0.037226278334856,0,0
3163,2023/2/19 03:10:24,0,0,0,0,-408.7055969,-408.7278137,-408.9821167,0,0,0,0.037226278334856,0,0
3164,2023/2/19 03:10:28,0,0,0,0,-408.7055969,-408.7278137,-408.9821167,0,0,0,0.037226278334856,0,0
3165,2023/2/19 03:10:32,0,0,0,0,-408.7055969,-408.7278137,-408.9821167,0,0,0,0.037226278334856,0,0
3166,2023/2/19 03:10:36,0,0,0,0,-408.7055969,-408.7278137,-408.9821167,0,0,0,0.037226278334856,0,0
3167,2023/2/19 03:10:40,0,0,0,0,-408.7055969,-408.7278137,-408.9821167,0,0,0,0.037226278334856,0,0
3168,2023/2/19 03:10:44,0,0,0,0,-408.7055969,-408.7278137,-408.9821167,0,0,0,0.037226278334856,0,0
3169,2023/2/19 03:10:48,0,0,0,0,-408.7055969,-408.7278137,-408.9821167,0,0,0,0.037226278334856,0,0
3170,2023/2/19 03:10:52,0,0,0,0,-408.7055969,-408.7278137,-408.9821167,0,0,0,0.037226278334856,0,0
3171,2023/2/19 03:10:56,0,0,0,0,-408.7055969,-408.7278137,-408.9821167,0,0,0,0.037226278334856,0,0
3172,2023/2/19 03:11:00,0,0,0,0,-408.7055969,-408.7278137,-408.9821167,0,0,0,0.037226278334856,0,0
3173,2023/2/19 03:11:04,0,0,0,0,-408.7055969,-408.7278137,-408.9821167,0,0,0,0.037226278334856,0,0
3174,2023/2/19 03:11:08,0,0,0,0,-408.7055969,-408.7278137,-408.9821167,0,0,0,0.037226278334856,0,0
3175,2023/2/19 03:11:12,0,0,0,0,-408.7055969,-408.7278137,-408.9821167,0,0,0,0.037226278334856,0,0
3176,2023/2/19 03:11:16,0,0,0,0,-408.7055969,-408.7278137,-408.9821167,0,0,0,0.037226278334856,0,0
3177,2023/2/19 03:11:20,0,0,0,0,-408.7055969,-408.7278137,-408.9821167,0,0,0,0.037226278334856,0,0
3178,2023/2/19 03:11:24,0,0,0,0,-408.7055969,-408.7278137,-408.9821167,0,0,0,0.037226278334856,0,0
3179,2023/2/19 03:11:28,0,0,0,0,-408.7055969,-408.7278137,-408.9821167,0,0,0,0.037226278334856,0,0
3180,2023/2/19 03:11:32,0,0,0,0,-408.7055969,-408.7278137,-408.9821167,0,0,0,0.037226278334856,0,0
3181,2023/2/19 03:11:36,0,0,0,0,-408.7055969,-408.7278137,-408.9821167,0,0,0,0.037226278334856,0,0
3182,2023/2/19 03:11:40,0,0,0,0,-408.7055969,-408.7278137,-408.9821167,0,0,0,0.037226278334856,0,0
3183,2023/2/19 03:11:44,0,0,0,0,-408.7055969,-408.7278137,-408.9821167,0,0,0,0.037226278334856,0,0
3184,2023/2/19 03:11:48,0,0,0,0,-408.7055969,-408.7278137,-408.9821167,0,0,0,0.0558394193649292,0,0
3185,2023/2/19 03:11:52,0,0,0,0,-408.7055969,-408.7278137,-408.9821167,0,0,0,0.037226278334856,0,0
3186,2023/2/19 03:11:56,0,0,0,0,-408.7055969,-408.7278137,-408.9821167,0,0,0,0.037226278334856,0,0
3187,2023/2/19 03:12:00,0,0,0,0,-408.7055969,-408.7278137,-408.9821167,0,0,0,0.037226278334856,0,0
3188,2023/2/19 03:12:04,0,0,0,0,-408.7055969,-408.7278137,-408.9821167,0,0,0,0.037226278334856,0,0
3189,2023/2/19 03:12:08,0,0,0,0,-408.7055969,-408.7278137,-408.9821167,0,0,0,0.037226278334856,0,0
3190,2023/2/19 03:12:12,0,0,0,0,-408.7055969,-408.7278137,-408.9821167,0,0,0,0.037226278334856,0,0
3191,2023/2/19 03:12:16,0,0,0,0,-408.7055969,-408.7278137,-408.9821167,0,0,0,0.037226278334856,0,0
3192,2023/2/19 03:12:20,0,0,0,0,-408.7055969,-408.7278137,-408.9821167,0,0,0,0.037226278334856,0,0
3193,2023/2/19 03:12:24,0,0,0,0,-408.7055969,-408.7278137,-408.9821167,0,0,0,0.037226278334856,0,0
3194,2023/2/19 03:12:28,0,0,0,0,-408.7055969,-408.7278137,-408.9821167,0,0,0,0.037226278334856,0,0
3195,2023/2/19 03:12:32,0,0,0,0,-408.7055969,-408.7278137,-408.9821167,0,0,0,0.037226278334856,0,0
3196,2023/2/19 03:12:36,0,0,0,0,-408.7055969,-408.7278137,-408.9821167,0,0,0,0.037226278334856,0,0
3197,2023/2/19 03:12:40,0,0,0,0,-408.7055969,-408.7278137,-408.9821167,0,0,0,0.037226278334856,0,0
3198,2023/2/19 03:12:44,0,0,0,0,-408.7055969,-408.7278137,-408.9821167,0,0,0,0.037226278334856,0,0
3199,2023/2/19 03:12:48,0,0,0,0,-408.7055969,-408.7278137,-408.9821167,0,0,0,0.037226278334856,0,0
3200,2023/2/19 03:12:52,0,0,0,0,-408.7055969,-408.7278137,-408.9821167,0,0,0,0.037226278334856,0,0
3201,2023/2/19 03:12:56,0,0,0,0,-408.7055969,-408.7278137,-408.9821167,0,0,0,0.037226278334856,0,0
3202,2023/2/19 03:13:00,0,0,0,0,-408.7055969,-408.7278137,-408.9821167,0,0,0,0.037226278334856,0,0
3203,2023/2/19 03:13:04,0,0,0,0,-408.7055969,-408.7278137,-408.9821167,0,0,0,0.037226278334856,0,0
3204,2023/2/19 03:13:08,0,0,0,0,-408.7055969,-408.7278137,-408.9821167,0,0,0,0.037226278334856,0,0
3205,2023/2/19 03:13:12,0,0,0,0,-408.7055969,-408.7278137,-408.9821167,0,0,0,0.037226278334856,0,0
3206,2023/2/19 03:13:16,0,0,0,0,-408.7055969,-408.7278137,-408.9821167,0,0,0,0.037226278334856,0,0
3207,2023/2/19 03:13:20,0,0,0,0,-408.7055969,-408.7278137,-408.9821167,0,0,0,0.037226278334856,0,0
3208,2023/2/19 03:13:24,0,0,0,0,-408.7055969,-408.7278137,-408.9821167,0,0,0,0.037226278334856,0,0
3209,2023/2/19 03:13:28,0,0,0,0,-408.7055969,-408.7278137,-408.9821167,0,0,0,0.037226278334856,0,0
3210,2023/2/19 03:13:32,0,0,0,0,-408.7055969,-408.7278137,-408.9821167,0,0,0,0.037226278334856,0,0
3211,2023/2/19 03:13:36,0,0,0,0,-408.7055969,-408.7278137,-408.9821167,0,0,0,0.037226278334856,0,0
3212,2023/2/19 03:13:40,0,0,0,0,-408.7055969,-408.7278137,-408.9821167,0,0,0,0.037226278334856,0,0
3213,2023/2/19 03:13:44,0,0,0,0,-408.7055969,-408.7278137,-408.9821167,0,0,0,0.037226278334856,0,0
3214,2023/2/19 03:13:48,0,0,0,0,-408.7055969,-408.7278137,-408.9821167,0,0,0,0.037226278334856,0,0
3215,2023/2/19 03:13:52,0,0,0,0,-408.7055969,-408.7278137,-408.9821167,0,0,0,0.037226278334856,0,0
3216,2023/2/19 03:13:56,0,0,0,0,-408.7055969,-408.7278137,-408.9821167,0,0,0,0.037226278334856,0,0
3217,2023/2/19 03:14:00,0,0,0,0,-408.7055969,-408.7278137,-408.9821167,0,0,0,0.037226278334856,0,0
3218,2023/2/19 03:14:04,0,0,0,0,-408.7055969,-408.7278137,-408.9821167,0,0,0,0.037226278334856,0,0
3219,2023/2/19 03:14:08,0,0,0,0,-408.7055969,-408.7278137,-408.9821167,0,0,0,0.037226278334856,0,0
3220,2023/2/19 03:14:12,0,0,0,0,-408.7055969,-408.7278137,-408.9821167,0,0,0,0.037226278334856,0,0
3221,2023/2/19 03:14:16,0,0,0,0,-408.7055969,-408.7278137,-408.9821167,0,0,0,0.037226278334856,0,0
3222,2023/2/19 03:14:20,0,0,0,0,-408.7055969,-408.7278137,-408.9821167,0,0,0,0.037226278334856,0,0
3223,2023/2/19 03:14:24,0,0,0,0,-408.7055969,-408.7278137,-408.9821167,0,0,0,0.037226278334856,0,0
3224,2023/2/19 03:14:28,0,0,0,0,-408.7055969,-408.7278137,-408.9821167,0,0,0,0.037226278334856,0,0
3225,2023/2/19 03:14:32,0,0,0,0,-408.7055969,-408.7278137,-408.9821167,0,0,0,0.037226278334856,0,0
3226,2023/2/19 03:14:36,0,0,0,0,-408.7055969,-408.7278137,-408.9821167,0,0,0,0.037226278334856,0,0
3227,2023/2/19 03:14:40,0,0,0,0,-408.7055969,-408.7278137,-408.9821167,0,0,0,0.037226278334856,0,0
3228,2023/2/19 03:14:44,0,0,0,0,-408.7055969,-408.7278137,-408.9821167,0,0,0,0.037226278334856,0,0
3229,2023/2/19 03:14:48,0,0,0,0,-408.7055969,-408.7278137,-408.9821167,0,0,0,0.037226278334856,0,0
3230,2023/2/19 03:14:52,0,0,0,0,-408.7055969,-408.7278137,-408.9821167,0,0,0,0.037226278334856,0,0
3231,2023/2/19 03:14:56,0,0,0,0,-408.7055969,-408.7278137,-408.9821167,0,0,0,0.037226278334856,0,0
3232,2023/2/19 03:15:00,0,0,0,0,-408.7055969,-408.7278137,-408.9821167,0,0,0,0.037226278334856,0,0
3233,2023/2/19 03:15:04,0,0,0,0,-408.7055969,-408.7278137,-408.9821167,0,0,0,0.037226278334856,0,0
3234,2023/2/19 03:15:08,0,0,0,0,-408.7055969,-408.7278137,-408.9821167,0,0,0,0.037226278334856,0,0
3235,2023/2/19 03:15:12,0,0,0,0,-408.7055969,-408.7278137,-408.9821167,0,0,153.376037597656,0.353649646043777,0,0
3236,2023/2/19 03:15:16,0,0,0,0,-408.7055969,-408.7278137,-408.9821167,0,0,220.798416137695,0.0558394193649292,0,0
3237,2023/2/19 03:15:20,0,0,0,0,-408.7055969,-408.7278137,-408.9821167,0,0,220.009841918945,0.0558394193649292,0,0
3238,2023/2/19 03:15:24,0,0,0,0,-408.7055969,-408.7278137,-408.9821167,0,0,220.40412902832,0.0558394193649292,0,0
3239,2023/2/19 03:15:28,0,0,0,0,-408.7055969,-408.7278137,-408.9821167,0,0,220.40412902832,0.0558394193649292,0,0
3240,2023/2/19 03:15:32,0,0,0,0,-408.7055969,-408.7278137,-408.9821167,0,0,220.40412902832,0.0558394193649292,0,0
3241,2023/2/19 03:15:36,0,0,0,0,-408.7055969,-408.7278137,-408.9821167,0,0,220.40412902832,0.0558394193649292,0,0
3242,2023/2/19 03:15:40,0,0,0,0,-408.7055969,-408.7278137,-408.9821167,0,0,220.40412902832,0.0558394193649292,0,0
3243,2023/2/19 03:15:44,0,0,0,0,-408.7055969,-408.7278137,-408.9821167,0,0,220.009841918945,0.0558394193649292,0,0
3244,2023/2/19 03:15:48,0,0,0,0,-408.7055969,-408.7278137,-408.9821167,0,0,220.40412902832,0.0558394193649292,0,0
3245,2023/2/19 03:15:52,0,0,0,0,-408.7055969,-408.7278137,-408.9821167,0,0,220.40412902832,0.0558394193649292,0,0
3246,2023/2/19 03:15:56,0,0,0,0,-408.7055969,-408.7278137,-408.9821167,0,0,220.009841918945,0.0558394193649292,0,0
3247,2023/2/19 03:16:00,0,0,0,0,-408.7055969,-408.7278137,-408.9821167,0,0,220.009841918945,0.0558394193649292,0,0
3248,2023/2/19 03:16:04,0,0,0,0,-408.7055969,-408.7278137,-408.9821167,0,0,220.40412902832,0.0558394193649292,0,0
3249,2023/2/19 03:16:08,0,0,0,0,-408.7055969,-408.7278137,-408.9821167,0,0,220.009841918945,0.0558394193649292,0,0
3250,2023/2/19 03:16:12,0,0,0,0,-408.7055969,-408.7278137,-408.9821167,6.66666650772095,0,220.40412902832,0.0558394193649292,0,0
3251,2023/2/19 03:16:16,0,0,0,0,-408.7055969,-408.7278137,-408.9821167,0,0,220.009841918945,0.0558394193649292,0,0
3252,2023/2/19 03:16:20,0,0,0,0,-408.7055969,-408.7278137,-408.9821167,0,0,220.40412902832,0.0558394193649292,0,0
3253,2023/2/19 03:16:24,0,0,0,0,-408.7055969,-408.7278137,-408.9821167,0,0,220.40412902832,0.0558394193649292,0,0
3254,2023/2/19 03:16:28,0,0,0,0,-408.7055969,-408.7278137,-408.9821167,0,0,220.009841918945,0.0558394193649292,0,0
3255,2023/2/19 03:16:32,0,0,0,0,-408.7055969,-408.7278137,-408.9821167,0,0,220.40412902832,0.0558394193649292,0,0
3256,2023/2/19 03:16:36,0,0,0,0,-408.7055969,-408.7278137,-408.9821167,0,0,220.009841918945,0.446715354919434,0,0
3257,2023/2/19 03:16:40,0,0,0,0,-408.7055969,-408.7278137,-408.9821167,0,0,220.40412902832,0.0558394193649292,0,0
3258,2023/2/19 03:16:44,0,0,0,0,-408.7055969,-408.7278137,-408.9821167,0,0,220.009841918945,0.0558394193649292,0,0
3259,2023/2/19 03:16:48,0,0,0,0,-408.7055969,-408.7278137,-408.9821167,0,0,220.40412902832,0.0558394193649292,0,0
3260,2023/2/19 03:16:52,0,0,0,0,-408.7055969,-408.7278137,-408.9821167,0,0,220.40412902832,0.0558394193649292,0,0
3261,2023/2/19 03:16:56,0,0,0,0,-408.7055969,-408.7278137,-408.9821167,0,0,222.769821166992,0.279197096824646,0,0
3262,2023/2/19 03:17:00,0,0,0,0,-408.7055969,-408.7278137,-408.9821167,-1300,-1306.666626,330.014770507813,6.17956256866455,0,0
3263,2023/2/19 03:17:04,0,0,0,0,-408.7055969,-408.7278137,-408.9821167,-3006.666504,-3013.333252,330.409057617188,7.50109529495239,0,0
3264,2023/2/19 03:17:08,0,-0.200000003,0,-0.100000001,-409.1151428,-409.1588745,-409.4499512,-2780,-2773.333252,330.409057617188,8.59927082061768,0,0
3265,2023/2/19 03:17:12,-0.300000012,-0.400000006,-0.400000006,-0.300000012,-409.9558411,-409.9779358,-410.2792664,-2520,-2513.333252,330.409057617188,9.51131439208984,0,0
3266,2023/2/19 03:17:16,-0.400000006,-0.600000024,-0.400000006,-0.400000006,-412.1330261,-412.1764526,-412.4482727,-2153.333252,-2153.333252,330.409057617188,10.7025556564331,0,0
3267,2023/2/19 03:17:20,-0.200000003,-0.400000006,-0.400000006,-0.200000003,-413.7928467,-413.8360901,-414.0856323,-2193.333252,-2206.666504,330.409057617188,11.8379573822021,0,0
3268,2023/2/19 03:17:24,0,0,0,0,-414.0084229,-414.0731812,-414.2982788,-2753.333252,-2740,330.014770507813,8.13394165039063,0,0
3269,2023/2/19 03:17:28,-0.400000006,-0.400000006,-0.400000006,-0.400000006,-414.6335449,-414.6766968,-414.9149475,-2846.666504,-2846.666504,330.803344726563,8.00364971160889,0,0
3270,2023/2/19 03:17:32,0,0,0,0,-415.1724548,-415.1940002,-415.2550354,0,0,221.586975097656,1.15401470661163,0,0
3271,2023/2/19 03:17:36,0,0,0,0,0,0,0,0,0,220.798416137695,0.111678838729858,0,0
3272,2023/2/19 03:17:40,0,0,0,0,0,0,0,0,0,220.798416137695,0.0558394193649292,0,0
3273,2023/2/19 03:17:44,0,0,0,0,0,0,0,0,0,220.40412902832,0.0558394193649292,0,0
3274,2023/2/19 03:17:48,0,0,0,0,0,0,0,0,0,220.40412902832,0.0558394193649292,0,0
3275,2023/2/19 03:17:52,0,0,0,0,0,0,0,0,0,220.40412902832,0.0558394193649292,0,0
3276,2023/2/19 03:17:56,0,0,0,0,0,0,0,0,0,220.798416137695,0.0558394193649292,0,0
3277,2023/2/19 03:18:00,0,0,0,0,0,0,0,0,0,220.798416137695,0.0558394193649292,0,0
3278,2023/2/19 03:18:04,0,0,0,0,0,0,0,0,0,220.40412902832,0.0558394193649292,0,0
3279,2023/2/19 03:18:08,0,0,0,0,0,0,0,0,0,220.40412902832,0.0558394193649292,0,0
3280,2023/2/19 03:18:12,0,0,0,0,0,0,0,0,0,220.009841918945,0.0558394193649292,0,0
3281,2023/2/19 03:18:16,0,0,0,0,0,0,0,0,0,220.40412902832,0.0558394193649292,0,0
3282,2023/2/19 03:18:20,0,0,0,0,0,0,0,0,0,220.40412902832,0.0558394193649292,0,0
3283,2023/2/19 03:18:24,0,0,0,0,0,0,0,0,0,220.009841918945,0.353649646043777,0,0
3284,2023/2/19 03:18:28,0,0,0,0,0,0,0,0,0,220.40412902832,0.558394193649292,0,0
3285,2023/2/19 03:18:32,0,0,0,0,0,0,0,0,0,220.40412902832,0.558394193649292,0,0
3286,2023/2/19 03:18:36,0,0,0,0,0,0,0,0,0,220.798416137695,0.558394193649292,0,0
3287,2023/2/19 03:18:40,0,0,0,0,0,0,0,0,0,220.40412902832,0.558394193649292,0,0
3288,2023/2/19 03:18:44,0,0,0,0,0,0,0,0,0,220.40412902832,0.558394193649292,0,0
3289,2023/2/19 03:18:48,0,0,0,0,0,0,0,0,0,220.40412902832,0.558394193649292,0,0
3290,2023/2/19 03:18:52,0,0,0,0,0,0,0,0,0,220.40412902832,0.558394193649292,0,0
3291,2023/2/19 03:18:56,0,0,0,0,0,0,0,0,0,220.009841918945,0.558394193649292,0,0
3292,2023/2/19 03:19:00,0,0,0,0,0,0,0,0,0,220.40412902832,0.558394193649292,0,0
3293,2023/2/19 03:19:04,0,0,0,0,0,0,0,0,0,220.40412902832,0.558394193649292,0,0
3294,2023/2/19 03:19:08,0,0,0,0,0,0,0,0,0,220.40412902832,0.558394193649292,0,0
3295,2023/2/19 03:19:12,0,0,0,0,0,0,0,0,0,220.009841918945,0.558394193649292,0,0
3296,2023/2/19 03:19:16,0,0,0,0,0,0,0,0,0,220.40412902832,0.558394193649292,0,0
3297,2023/2/19 03:19:20,0,0,0,0,0,0,0,0,0,220.009841918945,0.558394193649292,0,0
3298,2023/2/19 03:19:24,0,0,0,0,0,0,0,0,0,220.40412902832,0.558394193649292,0,0
3299,2023/2/19 03:19:28,0,0,0,0,0,0,0,0,0,220.40412902832,0.558394193649292,0,0
3300,2023/2/19 03:19:32,0,0,0,0,0,0,0,0,0,220.009841918945,0.558394193649292,0,0
3301,2023/2/19 03:19:36,0,0,0,0,0,0,0,0,0,220.40412902832,0.558394193649292,0,0
3302,2023/2/19 03:19:40,0,0,0,0,0,0,0,0,0,220.009841918945,0.558394193649292,0,0
3303,2023/2/19 03:19:44,0,0,0,0,0,0,0,0,0,220.40412902832,0.558394193649292,0,0
3304,2023/2/19 03:19:48,0,0,0,0,0,0,0,0,0,220.009841918945,0.558394193649292,0,0
3305,2023/2/19 03:19:52,0,0,0,0,0,0,0,-6.666666508,0,307.146362304688,0.558394193649292,0,0
3306,2023/2/19 03:19:56,0,0,0,0,0,0,0,-1653.333252,-1659.999878,330.014770507813,6.57043838500977,0,0
3307,2023/2/19 03:20:00,0,0,0,0,-0.323864251,-0.323595285,-0.345744103,0,0,247.609649658203,4.83941650390625,0,0
3308,2023/2/19 03:20:04,0,0,0,0,-0.323864251,-0.323595285,-0.345744103,0,0,220.798416137695,0.0558394193649292,0,0
3309,2023/2/19 03:20:08,0,0,0,0,-0.323864251,-0.323595285,-0.345744103,0,0,220.40412902832,0.0558394193649292,0,0
3310,2023/2/19 03:20:12,0,0,0,0,-0.323864251,-0.323595285,-0.345744103,0,0,220.009841918945,0.0558394193649292,0,0
3311,2023/2/19 03:20:16,0,0,0,0,-0.323864251,-0.323595285,-0.345744103,0,0,220.40412902832,0.0558394193649292,0,0
3312,2023/2/19 03:20:20,0,0,0,0,-0.323864251,-0.323595285,-0.345744103,0,0,220.40412902832,0.0558394193649292,0,0
3313,2023/2/19 03:20:24,0,0,0,0,-0.323864251,-0.323595285,-0.345744103,0,0,220.009841918945,0.0558394193649292,0,0
3314,2023/2/19 03:20:28,0,0,0,0,-0.323864251,-0.323595285,-0.345744103,0,0,220.40412902832,0.0558394193649292,0,0
3315,2023/2/19 03:20:32,0,0,0,0,-0.323864251,-0.323595285,-0.345744103,0,0,220.40412902832,0.0558394193649292,0,0
3316,2023/2/19 03:20:36,0,0,0,0,-0.323864251,-0.323595285,-0.345744103,0,0,220.40412902832,0.0558394193649292,0,0
3317,2023/2/19 03:20:40,0,0,0,0,-0.323864251,-0.323595285,-0.345744103,0,0,220.009841918945,0.0558394193649292,0,0
3318,2023/2/19 03:20:44,0,0,0,0,-0.323864251,-0.323595285,-0.345744103,0,0,220.40412902832,0.0558394193649292,0,0
3319,2023/2/19 03:20:48,0,0,0,0,-0.323864251,-0.323595285,-0.345744103,0,0,220.40412902832,0.0558394193649292,0,0
3320,2023/2/19 03:20:52,0,0,0,0,-0.323864251,-0.323595285,-0.345744103,0,0,220.40412902832,0.0558394193649292,0,0
3321,2023/2/19 03:20:56,0,0,0,0,-0.323864251,-0.323595285,-0.345744103,0,0,220.40412902832,0.0558394193649292,0,0
3322,2023/2/19 03:21:00,0,0,0,0,-0.323864251,-0.323595285,-0.345744103,0,0,220.40412902832,0.0558394193649292,0,0
3323,2023/2/19 03:21:04,0,0,0,0,-0.323864251,-0.323595285,-0.345744103,0,0,220.40412902832,0.0558394193649292,0,0
3324,2023/2/19 03:21:08,0,0,0,0,-0.323864251,-0.323595285,-0.345744103,0,0,220.009841918945,0.0558394193649292,0,0
3325,2023/2/19 03:21:12,0,0,0,0,-0.323864251,-0.323595285,-0.345744103,0,0,220.009841918945,0.0558394193649292,0,0
3326,2023/2/19 03:21:16,0,0,0,0,-0.323864251,-0.323595285,-0.345744103,0,0,220.009841918945,0.0558394193649292,0,0
3327,2023/2/19 03:21:20,0,0,0,0,-0.323864251,-0.323595285,-0.345744103,0,0,220.40412902832,0.0558394193649292,0,0
3328,2023/2/19 03:21:24,0,0,0,0,-0.323864251,-0.323595285,-0.345744103,0,0,220.40412902832,0.0558394193649292,0,0
3329,2023/2/19 03:21:28,0,0,0,0,-0.323864251,-0.323595285,-0.345744103,0,0,220.40412902832,0.0558394193649292,0,0
3330,2023/2/19 03:21:32,0,0,0,0,-0.323864251,-0.323595285,-0.345744103,0,0,220.40412902832,0.0558394193649292,0,0
3331,2023/2/19 03:21:36,0,0,0,0,-0.323864251,-0.323595285,-0.345744103,0,0,220.40412902832,0.0558394193649292,0,0
3332,2023/2/19 03:21:40,0,0,0,0,-0.323864251,-0.323595285,-0.345744103,0,0,220.40412902832,0.0558394193649292,0,0
3333,2023/2/19 03:21:44,0,0,0,0,-0.323864251,-0.323595285,-0.345744103,0,0,220.009841918945,0.0558394193649292,0,0
3334,2023/2/19 03:21:48,0,0,0,0,-0.323864251,-0.323595285,-0.345744103,0,0,220.40412902832,0.0558394193649292,0,0
3335,2023/2/19 03:21:52,0,0,0,0,-0.323864251,-0.323595285,-0.345744103,0,0,220.009841918945,0.0558394193649292,0,0
3336,2023/2/19 03:21:56,0,0,0,0,-0.323864251,-0.323595285,-0.345744103,0,0,220.009841918945,0.0558394193649292,0,0
3337,2023/2/19 03:22:00,0,0,0,0,-0.323864251,-0.323595285,-0.345744103,0,0,220.009841918945,0.0558394193649292,0,0
3338,2023/2/19 03:22:04,0,0,0,0,-0.323864251,-0.323595285,-0.345744103,0,0,220.009841918945,0.0558394193649292,0,0
3339,2023/2/19 03:22:08,0,0,0,0,-0.323864251,-0.323595285,-0.345744103,0,0,220.40412902832,0.0558394193649292,0,0
3340,2023/2/19 03:22:12,0,0,0,0,-0.323864251,-0.323595285,-0.345744103,0,0,220.009841918945,0.0558394193649292,0,0
3341,2023/2/19 03:22:16,0,0,0,0,-0.323864251,-0.323595285,-0.345744103,0,0,220.009841918945,0.0558394193649292,0,0
3342,2023/2/19 03:22:20,0,0,0,0,-0.323864251,-0.323595285,-0.345744103,0,0,220.009841918945,0.0558394193649292,0,0
3343,2023/2/19 03:22:24,0,0,0,0,-0.323864251,-0.323595285,-0.345744103,0,0,220.009841918945,0.0558394193649292,0,0
3344,2023/2/19 03:22:28,0,0,0,0,-0.323864251,-0.323595285,-0.345744103,0,0,220.40412902832,0.0558394193649292,0,0
3345,2023/2/19 03:22:32,0,0,0,0,-0.323864251,-0.323595285,-0.345744103,0,0,220.40412902832,0.0558394193649292,0,0
3346,2023/2/19 03:22:36,0,0,0,0,-0.323864251,-0.323595285,-0.345744103,0,0,220.40412902832,0.0558394193649292,0,0
3347,2023/2/19 03:22:40,0,0,0,0,-0.323864251,-0.323595285,-0.345744103,0,0,220.009841918945,0.0558394193649292,0,0
3348,2023/2/19 03:22:44,0,0,0,0,-0.323864251,-0.323595285,-0.345744103,0,0,220.009841918945,0.0558394193649292,0,0
3349,2023/2/19 03:22:48,0,0,0,0,-0.323864251,-0.323595285,-0.345744103,0,0,220.40412902832,0.0558394193649292,0,0
3350,2023/2/19 03:22:52,0,0,0,0,-0.345455199,-0.323595285,-0.345744103,0,0,220.40412902832,0.0558394193649292,0,0
3351,2023/2/19 03:22:56,0,0,0,0,-0.345455199,-0.323595285,-0.345744103,0,0,220.40412902832,0.446715354919434,0,0
3352,2023/2/19 03:23:00,0,0,0,0,-0.345455199,-0.323595285,-0.345744103,0,0,220.40412902832,0.558394193649292,0,0
3353,2023/2/19 03:23:04,0,0,0,0,-0.345455199,-0.323595285,-0.345744103,0,0,220.009841918945,0.558394193649292,0,0
3354,2023/2/19 03:23:08,0,0,0,0,-0.345455199,-0.323595285,-0.345744103,0,0,220.40412902832,0.558394193649292,0,0
3355,2023/2/19 03:23:12,0,0,0,0,-0.345455199,-0.323595285,-0.345744103,0,0,220.009841918945,0.558394193649292,0,0
3356,2023/2/19 03:23:16,0,0,0,0,-0.345455199,-0.323595285,-0.345744103,0,0,220.40412902832,0.558394193649292,0,0
3357,2023/2/19 03:23:20,0,0,0,0,-0.345455199,-0.323595285,-0.345744103,0,0,220.40412902832,0.558394193649292,0,0
3358,2023/2/19 03:23:24,0,0,0,0,-0.345455199,-0.323595285,-0.345744103,0,0,220.009841918945,0.558394193649292,0,0
3359,2023/2/19 03:23:28,0,0,0,0,-0.345455199,-0.323595285,-0.345744103,0,0,220.009841918945,0.558394193649292,0,0
3360,2023/2/19 03:23:32,0,0,0,0,-0.345455199,-0.323595285,-0.345744103,0,0,220.009841918945,0.260583966970444,0,0
3361,2023/2/19 03:23:36,0,0,0,0,-0.345455199,-0.323595285,-0.345744103,0,0,220.40412902832,0.0558394193649292,0,0
3362,2023/2/19 03:23:40,0,0,0,0,-0.345455199,-0.323595285,-0.345744103,0,0,220.009841918945,0.0558394193649292,0,0
3363,2023/2/19 03:23:44,0,0,0,0,-0.345455199,-0.323595285,-0.345744103,0,0,220.009841918945,0.111678838729858,0,0
3364,2023/2/19 03:23:48,0,0,0,0,-0.345455199,-0.323595285,-0.345744103,0,0,220.009841918945,0.558394193649292,0,0
3365,2023/2/19 03:23:52,0,0,0,0,-0.345455199,-0.323595285,-0.345744103,0,0,220.40412902832,0.558394193649292,0,0
3366,2023/2/19 03:23:56,0,0,0,0,-0.345455199,-0.323595285,-0.345744103,0,0,220.40412902832,0.558394193649292,0,0
3367,2023/2/19 03:24:00,0,0,0,0,-0.345455199,-0.323595285,-0.345744103,0,0,220.40412902832,0.558394193649292,0,0
3368,2023/2/19 03:24:04,0,0,0,0,-0.345455199,-0.323595285,-0.345744103,0,0,220.009841918945,0.353649646043777,0,0
3369,2023/2/19 03:24:08,0,0,0,0,-0.345455199,-0.323595285,-0.345744103,0,0,220.009841918945,0.0558394193649292,0,0
3370,2023/2/19 03:24:12,0,0,0,0,-0.345455199,-0.323595285,-0.345744103,0,0,220.40412902832,0.0558394193649292,0,0
3371,2023/2/19 03:24:16,0,0,0,0,-0.345455199,-0.323595285,-0.345744103,0,0,220.009841918945,0.0558394193649292,0,0
3372,2023/2/19 03:24:20,0,0,0,0,-0.345455199,-0.323595285,-0.345744103,0,0,220.40412902832,0.0558394193649292,0,0
3373,2023/2/19 03:24:24,0,0,0,0,-0.345455199,-0.323595285,-0.345744103,0,0,220.40412902832,0.0558394193649292,0,0
3374,2023/2/19 03:24:28,0,0,0,0,-0.345455199,-0.323595285,-0.345744103,0,0,220.009841918945,0.0558394193649292,0,0
3375,2023/2/19 03:24:32,0,0,0,0,-0.345455199,-0.323595285,-0.345744103,0,0,220.40412902832,0.0558394193649292,0,0
3376,2023/2/19 03:24:36,0,0,0,0,-0.345455199,-0.323595285,-0.345744103,0,0,220.40412902832,0.0558394193649292,0,0
3377,2023/2/19 03:24:40,0,0,0,0,-0.345455199,-0.323595285,-0.345744103,0,0,220.40412902832,0.0558394193649292,0,0
3378,2023/2/19 03:24:44,0,0,0,0,-0.345455199,-0.323595285,-0.345744103,0,0,220.009841918945,0.0558394193649292,0,0
3379,2023/2/19 03:24:48,0,0,0,0,-0.345455199,-0.323595285,-0.345744103,0,0,220.009841918945,0.0558394193649292,0,0
3380,2023/2/19 03:24:52,0,0,0,0,-0.345455199,-0.323595285,-0.345744103,0,0,220.009841918945,0.0558394193649292,0,0
3381,2023/2/19 03:24:56,0,0,0,0,-0.345455199,-0.323595285,-0.345744103,0,0,220.009841918945,0.0558394193649292,0,0
3382,2023/2/19 03:25:00,0,0,0,0,-0.345455199,-0.323595285,-0.345744103,0,0,220.009841918945,0.0558394193649292,0,0
3383,2023/2/19 03:25:04,0,0,0,0,-0.345455199,-0.323595285,-0.345744103,0,0,220.009841918945,0.0558394193649292,0,0
3384,2023/2/19 03:25:08,0,0,0,0,-0.345455199,-0.323595285,-0.345744103,0,0,220.009841918945,0.0558394193649292,0,0
3385,2023/2/19 03:25:12,0,0,0,0,-0.345455199,-0.323595285,-0.345744103,0,0,220.009841918945,0.0558394193649292,0,0
3386,2023/2/19 03:25:16,0,0,0,0,-0.345455199,-0.323595285,-0.345744103,0,0,220.40412902832,0.0558394193649292,0,0
3387,2023/2/19 03:25:20,0,0,0,0,-0.345455199,-0.323595285,-0.345744103,0,0,220.009841918945,0.0558394193649292,0,0
3388,2023/2/19 03:25:24,0,0,0,0,-0.345455199,-0.323595285,-0.345744103,0,0,220.009841918945,0.0558394193649292,0,0
3389,2023/2/19 03:25:28,0,0,0,0,-0.345455199,-0.323595285,-0.345744103,0,0,220.40412902832,0.0558394193649292,0,0
3390,2023/2/19 03:25:32,0,0,0,0,-0.345455199,-0.323595285,-0.345744103,0,0,220.009841918945,0.0558394193649292,0,0
3391,2023/2/19 03:25:36,0,0,0,0,-0.345455199,-0.323595285,-0.345744103,0,0,220.40412902832,0.0558394193649292,0,0
3392,2023/2/19 03:25:40,0,0,0,0,-0.345455199,-0.323595285,-0.345744103,0,0,220.009841918945,0.0558394193649292,0,0
3393,2023/2/19 03:25:44,0,0,0,0,-0.345455199,-0.323595285,-0.345744103,0,0,220.009841918945,0.0558394193649292,0,0
3394,2023/2/19 03:25:48,0,0,0,0,-0.345455199,-0.323595285,-0.345744103,0,0,220.40412902832,0.0558394193649292,0,0
3395,2023/2/19 03:25:52,0,0,0,0,-0.345455199,-0.323595285,-0.345744103,0,0,220.009841918945,0.0558394193649292,0,0
3396,2023/2/19 03:25:56,0,0,0,0,-0.345455199,-0.323595285,-0.345744103,0,0,220.40412902832,0.0558394193649292,0,0
3397,2023/2/19 03:26:00,0,0,0,0,-0.345455199,-0.323595285,-0.345744103,0,0,220.40412902832,0.0558394193649292,0,0
3398,2023/2/19 03:26:04,0,0,0,0,-0.345455199,-0.323595285,-0.345744103,0,0,220.40412902832,0.0558394193649292,0,0
3399,2023/2/19 03:26:08,0,0,0,0,-0.345455199,-0.323595285,-0.345744103,0,0,220.009841918945,0.0558394193649292,0,0
3400,2023/2/19 03:26:12,0,0,0,0,-0.345455199,-0.323595285,-0.345744103,0,0,220.009841918945,0.0558394193649292,0,0
3401,2023/2/19 03:26:16,0,0,0,0,-0.345455199,-0.323595285,-0.345744103,0,0,220.009841918945,0.0558394193649292,0,0
3402,2023/2/19 03:26:20,0,0,0,0,-0.345455199,-0.323595285,-0.345744103,0,0,220.40412902832,0.0558394193649292,0,0
3403,2023/2/19 03:26:24,0,0,0,0,-0.345455199,-0.323595285,-0.345744103,0,0,220.40412902832,0.0558394193649292,0,0
3404,2023/2/19 03:26:28,0,0,0,0,-0.345455199,-0.323595285,-0.345744103,0,0,220.40412902832,0.0558394193649292,0,0
3405,2023/2/19 03:26:32,0,0,0,0,-0.345455199,-0.323595285,-0.345744103,0,0,220.40412902832,0.0558394193649292,0,0
3406,2023/2/19 03:26:36,0,0,0,0,-0.345455199,-0.323595285,-0.345744103,0,0,220.40412902832,0.0558394193649292,0,0
3407,2023/2/19 03:26:40,0,0,0,0,-0.345455199,-0.323595285,-0.345744103,0,0,220.009841918945,0.0558394193649292,0,0
3408,2023/2/19 03:26:44,0,0,0,0,-0.345455199,-0.323595285,-0.345744103,0,0,220.40412902832,0.0558394193649292,0,0
3409,2023/2/19 03:26:48,0,0,0,0,-0.345455199,-0.323595285,-0.345744103,0,0,220.009841918945,0.0558394193649292,0,0
3410,2023/2/19 03:26:52,0,0,0,0,-0.345455199,-0.323595285,-0.345744103,0,0,220.009841918945,0.0558394193649292,0,0
3411,2023/2/19 03:26:56,0,0,0,0,-0.345455199,-0.323595285,-0.345744103,0,0,220.40412902832,0.0558394193649292,0,0
3412,2023/2/19 03:27:00,0,0,0,0,-0.345455199,-0.323595285,-0.345744103,0,0,220.009841918945,0.0558394193649292,0,0
3413,2023/2/19 03:27:04,0,0,0,0,-0.345455199,-0.323595285,-0.345744103,0,0,220.40412902832,0.0558394193649292,0,0
3414,2023/2/19 03:27:08,0,0,0,0,-0.345455199,-0.323595285,-0.345744103,0,0,220.40412902832,0.0558394193649292,0,0
3415,2023/2/19 03:27:12,0,0,0,0,-0.345455199,-0.323595285,-0.345744103,0,0,220.009841918945,0.0558394193649292,0,0
3416,2023/2/19 03:27:16,0,0,0,0,-0.345455199,-0.323595285,-0.345744103,0,0,220.40412902832,0.0558394193649292,0,0
3417,2023/2/19 03:27:20,0,0,0,0,-0.345455199,-0.323595285,-0.345744103,0,0,220.009841918945,0.0558394193649292,0,0
3418,2023/2/19 03:27:24,0,0,0,0,-0.345455199,-0.323595285,-0.345744103,0,0,220.009841918945,0.0558394193649292,0,0
3419,2023/2/19 03:27:28,0,0,0,0,-0.345455199,-0.323595285,-0.345744103,0,0,220.009841918945,0.0558394193649292,0,0
3420,2023/2/19 03:27:32,0,0,0,0,-0.345455199,-0.323595285,-0.345744103,0,0,220.40412902832,0.0558394193649292,0,0
3421,2023/2/19 03:27:36,0,0,0,0,-0.345455199,-0.323595285,-0.345744103,0,0,220.009841918945,0.0558394193649292,0,0
3422,2023/2/19 03:27:40,0,0,0,0,-0.345455199,-0.323595285,-0.345744103,0,0,220.009841918945,0.0558394193649292,0,0
3423,2023/2/19 03:27:44,0,0,0,0,-0.345455199,-0.323595285,-0.345744103,0,0,220.009841918945,0.0558394193649292,0,0
3424,2023/2/19 03:27:48,0,0,0,0,-0.345455199,-0.323595285,-0.345744103,0,0,220.009841918945,0.0558394193649292,0,0
3425,2023/2/19 03:27:52,0,0,0,0,-0.345455199,-0.323595285,-0.345744103,0,0,220.009841918945,0.0558394193649292,0,0
3426,2023/2/19 03:27:56,0,0,0,0,-0.345455199,-0.323595285,-0.345744103,0,0,220.40412902832,0.0558394193649292,0,0
3427,2023/2/19 03:28:00,0,0,0,0,-0.345455199,-0.323595285,-0.345744103,0,0,220.009841918945,0.0558394193649292,0,0
3428,2023/2/19 03:28:04,0,0,0,0,-0.345455199,-0.323595285,-0.345744103,0,0,220.009841918945,0.0558394193649292,0,0
3429,2023/2/19 03:28:08,0,0,0,0,-0.345455199,-0.323595285,-0.345744103,0,0,220.009841918945,0.0558394193649292,0,0
3430,2023/2/19 03:28:12,0,0,0,0,-0.345455199,-0.323595285,-0.345744103,0,0,220.009841918945,0.0558394193649292,0,0
3431,2023/2/19 03:28:16,0,0,0,0,-0.345455199,-0.323595285,-0.345744103,0,0,220.40412902832,0.0558394193649292,0,0
3432,2023/2/19 03:28:20,0,0,0,0,-0.345455199,-0.323595285,-0.345744103,0,0,220.009841918945,0.0558394193649292,0,0
3433,2023/2/19 03:28:24,0,0,0,0,-0.345455199,-0.323595285,-0.345744103,0,0,220.009841918945,0.0558394193649292,0,0
3434,2023/2/19 03:28:28,0,0,0,0,-0.345455199,-0.323595285,-0.345744103,0,0,220.40412902832,0.0558394193649292,0,0
3435,2023/2/19 03:28:32,0,0,0,0,-0.345455199,-0.323595285,-0.345744103,0,0,220.40412902832,0.0558394193649292,0,0
3436,2023/2/19 03:28:36,0,0,0,0,-0.345455199,-0.323595285,-0.345744103,0,0,220.40412902832,0.0558394193649292,0,0
3437,2023/2/19 03:28:40,0,0,0,0,-0.345455199,-0.323595285,-0.345744103,0,0,220.40412902832,0.0558394193649292,0,0
3438,2023/2/19 03:28:44,0,0,0,0,-0.345455199,-0.323595285,-0.345744103,0,0,220.40412902832,0.0558394193649292,0,0
3439,2023/2/19 03:28:48,0,0,0,0,-0.345455199,-0.323595285,-0.345744103,0,0,220.009841918945,0.0558394193649292,0,0
3440,2023/2/19 03:28:52,0,0,0,0,-0.345455199,-0.323595285,-0.345744103,0,0,220.009841918945,0.0558394193649292,0,0
3441,2023/2/19 03:28:56,0,0,0,0,-0.345455199,-0.323595285,-0.345744103,0,0,220.009841918945,0.0558394193649292,0,0
3442,2023/2/19 03:29:00,0,0,0,0,-0.345455199,-0.323595285,-0.345744103,0,0,220.009841918945,0.0558394193649292,0,0
3443,2023/2/19 03:29:04,0,0,0,0,-0.345455199,-0.323595285,-0.345744103,0,0,220.009841918945,0.0558394193649292,0,0
3444,2023/2/19 03:29:08,0,0,0,0,-0.345455199,-0.323595285,-0.345744103,0,0,220.40412902832,0.0558394193649292,0,0
3445,2023/2/19 03:29:12,0,0,0,0,-0.345455199,-0.323595285,-0.345744103,0,0,220.40412902832,0.0558394193649292,0,0
3446,2023/2/19 03:29:16,0,0,0,0,-0.345455199,-0.323595285,-0.345744103,0,0,220.009841918945,0.0558394193649292,0,0
3447,2023/2/19 03:29:20,0,0,0,0,-0.345455199,-0.323595285,-0.345744103,0,0,220.40412902832,0.0558394193649292,0,0
3448,2023/2/19 03:29:24,0,0,0,0,-0.345455199,-0.323595285,-0.345744103,0,0,220.40412902832,0.0558394193649292,0,0
3449,2023/2/19 03:29:28,0,0,0,0,-0.345455199,-0.323595285,-0.345744103,0,0,220.40412902832,0.0558394193649292,0,0
3450,2023/2/19 03:29:32,0,0,0,0,-0.345455199,-0.323595285,-0.345744103,0,0,220.009841918945,0.0558394193649292,0,0
3451,2023/2/19 03:29:36,0,0,0,0,-0.345455199,-0.323595285,-0.345744103,0,0,220.40412902832,0.0558394193649292,0,0
3452,2023/2/19 03:29:40,0,0,0,0,-0.345455199,-0.323595285,-0.345744103,0,0,220.009841918945,0.0558394193649292,0,0
3453,2023/2/19 03:29:44,0,0,0,0,-0.345455199,-0.323595285,-0.345744103,0,0,0,0.037226278334856,0,0
3454,2023/2/19 03:29:48,0,0,0,0,-0.345455199,-0.323595285,-0.345744103,0,0,0,0.037226278334856,0,0
3455,2023/2/19 03:29:52,0,0,0,0,-0.345455199,-0.323595285,-0.345744103,0,0,0,0.037226278334856,0,0
3456,2023/2/19 03:29:56,0,0,0,0,-0.345455199,-0.323595285,-0.345744103,0,0,0,0.037226278334856,0,0
3457,2023/2/19 03:30:00,0,0,0,0,-0.345455199,-0.323595285,-0.345744103,0,0,0,0.037226278334856,0,0
3458,2023/2/19 03:30:04,0,0,0,0,-0.345455199,-0.323595285,-0.345744103,0,0,0,0.037226278334856,0,0
3459,2023/2/19 03:30:08,0,0,0,0,-0.345455199,-0.323595285,-0.345744103,0,0,0,0.037226278334856,0,0
3460,2023/2/19 03:30:12,0,0,0,0,-0.345455199,-0.323595285,-0.345744103,0,0,0,0.037226278334856,0,0
3461,2023/2/19 03:30:16,0,0,0,0,-0.345455199,-0.323595285,-0.345744103,0,0,0,0.037226278334856,0,0
3462,2023/2/19 03:30:20,0,0,0,0,-0.345455199,-0.323595285,-0.345744103,0,0,0,0.037226278334856,0,0
3463,2023/2/19 03:30:24,0,0,0,0,-0.345455199,-0.323595285,-0.345744103,0,0,0,0.037226278334856,0,0
3464,2023/2/19 03:30:28,0,0,0,0,-0.345455199,-0.323595285,-0.345744103,0,0,0,0.037226278334856,0,0
3465,2023/2/19 03:30:32,0,0,0,0,-0.345455199,-0.323595285,-0.345744103,0,0,0,0.037226278334856,0,0
3466,2023/2/19 03:30:36,0,0,0,0,-0.345455199,-0.323595285,-0.345744103,0,0,0,0.037226278334856,0,0
3467,2023/2/19 03:30:40,0,0,0,0,-0.345455199,-0.323595285,-0.345744103,0,0,0,0.037226278334856,0,0
3468,2023/2/19 03:30:44,0,0,0,0,-0.345455199,-0.323595285,-0.345744103,0,0,0,0.037226278334856,0,0
3469,2023/2/19 03:30:48,0,0,0,0,-0.345455199,-0.323595285,-0.345744103,0,0,0,0.037226278334856,0,0
3470,2023/2/19 03:30:52,0,0,0,0,-0.345455199,-0.323595285,-0.345744103,0,0,0,0.037226278334856,0,0
3471,2023/2/19 03:30:56,0,0,0,0,-0.345455199,-0.323595285,-0.345744103,0,0,0,0.037226278334856,0,0
3472,2023/2/19 03:31:00,0,0,0,0,-0.345455199,-0.323595285,-0.345744103,0,0,0,0.037226278334856,0,0
3473,2023/2/19 03:31:04,0,0,0,0,-0.345455199,-0.323595285,-0.345744103,0,0,0,0.037226278334856,0,0
3474,2023/2/19 03:31:08,0,0,0,0,-0.345455199,-0.323595285,-0.345744103,0,0,0,0.037226278334856,0,0
3475,2023/2/19 03:31:12,0,0,0,0,-0.345455199,-0.323595285,-0.345744103,0,0,0,0.037226278334856,0,0
3476,2023/2/19 03:31:16,0,0,0,0,-0.345455199,-0.323595285,-0.345744103,0,0,0,0.037226278334856,0,0
3477,2023/2/19 03:31:20,0,0,0,0,-0.345455199,-0.323595285,-0.345744103,0,0,0,0.037226278334856,0,0
3478,2023/2/19 03:31:24,0,0,0,0,-0.345455199,-0.323595285,-0.345744103,0,0,0,0.037226278334856,0,0
3479,2023/2/19 03:31:28,0,0,0,0,-0.345455199,-0.323595285,-0.345744103,0,0,0,0.037226278334856,0,0
3480,2023/2/19 03:31:32,0,0,0,0,-0.345455199,-0.323595285,-0.345744103,0,0,0,0.037226278334856,0,0
3481,2023/2/19 03:31:36,0,0,0,0,-0.345455199,-0.323595285,-0.345744103,0,0,0,0.037226278334856,0,0
3482,2023/2/19 03:31:40,0,0,0,0,-0.345455199,-0.323595285,-0.345744103,0,0,0,0.037226278334856,0,0
3483,2023/2/19 03:31:44,0,0,0,0,-0.345455199,-0.323595285,-0.345744103,0,0,0,0.037226278334856,0,0
3484,2023/2/19 03:31:48,0,0,0,0,-0.345455199,-0.323595285,-0.345744103,0,0,0,0.037226278334856,0,0
3485,2023/2/19 03:31:52,0,0,0,0,-0.345455199,-0.323595285,-0.345744103,0,0,0,0.037226278334856,0,0
3486,2023/2/19 03:31:56,0,0,0,0,-0.345455199,-0.323595285,-0.345744103,0,0,0,0.037226278334856,0,0
3487,2023/2/19 03:32:00,0,0,0,0,-0.345455199,-0.323595285,-0.345744103,0,0,0,0.037226278334856,0,0
3488,2023/2/19 03:32:04,0,0,0,0,-0.345455199,-0.323595285,-0.345744103,0,0,0,0.037226278334856,0,0
3489,2023/2/19 03:32:08,0,0,0,0,-0.345455199,-0.323595285,-0.345744103,0,0,0,0.037226278334856,0,0
3490,2023/2/19 03:32:12,0,0,0,0,-0.345455199,-0.323595285,-0.345744103,0,0,0,0.037226278334856,0,0
3491,2023/2/19 03:32:16,0,0,0,0,-0.345455199,-0.323595285,-0.345744103,0,0,0,0.037226278334856,0,0
3492,2023/2/19 03:32:20,0,0,0,0,-0.345455199,-0.323595285,-0.345744103,0,0,0,0.037226278334856,0,0
3493,2023/2/19 03:32:24,0,0,0,0,-0.345455199,-0.323595285,-0.345744103,0,0,0,0.037226278334856,0,0
3494,2023/2/19 03:32:28,0,0,0,0,-0.345455199,-0.323595285,-0.345744103,0,0,0,0.037226278334856,0,0
3495,2023/2/19 03:32:32,0,0,0,0,-0.345455199,-0.323595285,-0.345744103,0,0,0,0.037226278334856,0,0
3496,2023/2/19 03:32:36,0,0,0,0,-0.345455199,-0.323595285,-0.345744103,0,0,0,0.037226278334856,0,0
3497,2023/2/19 03:32:40,0,0,0,0,-0.345455199,-0.323595285,-0.345744103,0,0,0,0.037226278334856,0,0
3498,2023/2/19 03:32:44,0,0,0,0,-0.345455199,-0.323595285,-0.345744103,0,0,0,0.037226278334856,0,0
3499,2023/2/19 03:32:48,0,0,0,0,-0.345455199,-0.323595285,-0.345744103,0,0,0,0.037226278334856,0,0
3500,2023/2/19 03:32:52,0,0,0,0,-0.345455199,-0.323595285,-0.345744103,0,0,0,0.037226278334856,0,0
3501,2023/2/19 03:32:56,0,0,0,0,-0.345455199,-0.323595285,-0.345744103,0,0,0,0.037226278334856,0,0
3502,2023/2/19 03:33:00,0,0,0,0,-0.345455199,-0.323595285,-0.345744103,0,0,0,0.037226278334856,0,0
3503,2023/2/19 03:33:04,0,0,0,0,-0.345455199,-0.323595285,-0.345744103,0,0,0,0.037226278334856,0,0
3504,2023/2/19 03:33:08,0,0,0,0,-0.345455199,-0.323595285,-0.345744103,0,0,0,0.037226278334856,0,0
3505,2023/2/19 03:33:12,0,0,0,0,-0.345455199,-0.323595285,-0.345744103,0,0,0,0.037226278334856,0,0
3506,2023/2/19 03:33:16,0,0,0,0,-0.345455199,-0.323595285,-0.345744103,0,0,0,0.037226278334856,0,0
3507,2023/2/19 03:33:20,0,0,0,0,-0.345455199,-0.323595285,-0.345744103,0,0,0,0.037226278334856,0,0
3508,2023/2/19 03:33:24,0,0,0,0,-0.345455199,-0.323595285,-0.345744103,0,0,0,0.037226278334856,0,0
3509,2023/2/19 03:33:28,0,0,0,0,-0.345455199,-0.323595285,-0.345744103,0,0,0,0.037226278334856,0,0
3510,2023/2/19 03:33:32,0,0,0,0,-0.345455199,-0.323595285,-0.345744103,0,0,0,0.037226278334856,0,0
3511,2023/2/19 03:33:36,0,0,0,0,-0.345455199,-0.323595285,-0.345744103,0,0,0,0.037226278334856,0,0
3512,2023/2/19 03:33:40,0,0,0,0,-0.345455199,-0.323595285,-0.345744103,0,0,0,0.037226278334856,0,0
3513,2023/2/19 03:33:44,0,0,0,0,-0.345455199,-0.323595285,-0.345744103,0,0,0,0.037226278334856,0,0
3514,2023/2/19 03:33:48,0,0,0,0,-0.345455199,-0.323595285,-0.345744103,0,0,0,0.037226278334856,0,0
3515,2023/2/19 03:33:52,0,0,0,0,-0.345455199,-0.323595285,-0.345744103,0,0,0,0.037226278334856,0,0
3516,2023/2/19 03:33:56,0,0,0,0,-0.345455199,-0.323595285,-0.345744103,0,0,0,0.037226278334856,0,0
3517,2023/2/19 03:34:00,0,0,0,0,-0.345455199,-0.323595285,-0.345744103,0,0,0,0.037226278334856,0,0
3518,2023/2/19 03:34:04,0,0,0,0,-0.345455199,-0.323595285,-0.345744103,0,0,0,0.037226278334856,0,0
3519,2023/2/19 03:34:08,0,0,0,0,-0.345455199,-0.323595285,-0.345744103,0,0,0,0.037226278334856,0,0
3520,2023/2/19 03:34:12,0,0,0,0,-0.345455199,-0.323595285,-0.345744103,0,0,0,0.037226278334856,0,0
3521,2023/2/19 03:34:16,0,0,0,0,-0.345455199,-0.323595285,-0.345744103,0,0,0,0.037226278334856,0,0
3522,2023/2/19 03:34:20,0,0,0,0,-0.345455199,-0.323595285,-0.345744103,0,0,0,0.037226278334856,0,0
3523,2023/2/19 03:34:24,0,0,0,0,-0.345455199,-0.323595285,-0.345744103,0,0,0,0.037226278334856,0,0
3524,2023/2/19 03:34:28,0,0,0,0,-0.345455199,-0.323595285,-0.345744103,0,0,0,0.037226278334856,0,0
3525,2023/2/19 03:34:32,0,0,0,0,-0.345455199,-0.323595285,-0.345744103,0,0,0,0.037226278334856,0,0
3526,2023/2/19 03:34:36,0,0,0,0,-0.345455199,-0.323595285,-0.345744103,0,0,0,0.037226278334856,0,0
3527,2023/2/19 03:34:40,0,0,0,0,-0.345455199,-0.323595285,-0.345744103,0,0,0,0.037226278334856,0,0
3528,2023/2/19 03:34:44,0,0,0,0,-0.345455199,-0.323595285,-0.345744103,0,0,0,0.037226278334856,0,0
3529,2023/2/19 03:34:48,0,0,0,0,-0.345455199,-0.323595285,-0.345744103,0,0,0,0.037226278334856,0,0
3530,2023/2/19 03:34:52,0,0,0,0,-0.345455199,-0.323595285,-0.345744103,0,0,0,0.037226278334856,0,0
3531,2023/2/19 03:34:56,0,0,0,0,-0.345455199,-0.323595285,-0.345744103,0,0,0,0.037226278334856,0,0
3532,2023/2/19 03:35:00,0,0,0,0,-0.345455199,-0.323595285,-0.345744103,0,0,0,0.037226278334856,0,0
3533,2023/2/19 03:35:04,0,0,0,0,-0.345455199,-0.323595285,-0.345744103,0,0,0,0.037226278334856,0,0
3534,2023/2/19 03:35:08,0,0,0,0,-0.345455199,-0.323595285,-0.345744103,0,0,0,0.037226278334856,0,0
3535,2023/2/19 03:35:12,0,0,0,0,-0.345455199,-0.323595285,-0.345744103,0,0,0,0.037226278334856,0,0
3536,2023/2/19 03:35:16,0,0,0,0,-0.345455199,-0.323595285,-0.345744103,0,0,0,0.037226278334856,0,0
3537,2023/2/19 03:35:20,0,0,0,0,-0.345455199,-0.323595285,-0.345744103,0,0,0,0.037226278334856,0,0
3538,2023/2/19 03:35:24,0,0,0,0,-0.345455199,-0.323595285,-0.345744103,0,0,0,0.037226278334856,0,0
3539,2023/2/19 03:35:28,0,0,0,0,-0.345455199,-0.323595285,-0.345744103,0,0,0,0.037226278334856,0,0
3540,2023/2/19 03:35:32,0,0,0,0,-0.345455199,-0.323595285,-0.345744103,0,0,0,0.037226278334856,0,0
3541,2023/2/19 03:35:36,0,0,0,0,-0.345455199,-0.323595285,-0.345744103,0,0,0,0.037226278334856,0,0
3542,2023/2/19 03:35:40,0,0,0,0,-0.345455199,-0.323595285,-0.345744103,0,0,0,0.037226278334856,0,0
3543,2023/2/19 03:35:44,0,0,0,0,-0.345455199,-0.323595285,-0.345744103,0,0,0,0.037226278334856,0,0
3544,2023/2/19 03:35:48,0,0,0,0,-0.345455199,-0.323595285,-0.345744103,0,0,0,0.037226278334856,0,0
3545,2023/2/19 03:35:52,0,0,0,0,-0.345455199,-0.323595285,-0.345744103,0,0,0,0.037226278334856,0,0
3546,2023/2/19 03:35:56,0,0,0,0,-0.345455199,-0.323595285,-0.345744103,0,0,156.924591064453,0.390875935554504,0,0
3547,2023/2/19 03:36:00,0,0,0,0,-0.345455199,-0.323595285,-0.345744103,0,0,220.798416137695,0.558394193649292,0,0
3548,2023/2/19 03:36:04,0,0,0,0,-0.345455199,-0.323595285,-0.345744103,0,0,220.009841918945,0.558394193649292,0,0
3549,2023/2/19 03:36:08,0,0,0,0,-0.345455199,-0.323595285,-0.345744103,0,0,220.40412902832,0.558394193649292,0,0
3550,2023/2/19 03:36:12,0,0,0,0,-0.345455199,-0.323595285,-0.345744103,0,0,220.009841918945,0.0558394193649292,0,0
3551,2023/2/19 03:36:16,0,0,0,0,-0.345455199,-0.323595285,-0.345744103,0,0,220.009841918945,0.0558394193649292,0,0
3552,2023/2/19 03:36:20,0,0,0,0,-0.345455199,-0.323595285,-0.345744103,0,0,220.40412902832,0.0558394193649292,0,0
3553,2023/2/19 03:36:24,0,0,0,0,-0.345455199,-0.323595285,-0.345744103,0,0,220.40412902832,0.186131402850151,0,0
3554,2023/2/19 03:36:28,0,0,0,0,-0.345455199,-0.323595285,-0.345744103,0,0,220.009841918945,0.558394193649292,0,0
3555,2023/2/19 03:36:32,0,0,0,0,-0.345455199,-0.323595285,-0.345744103,0,0,220.009841918945,0.558394193649292,0,0
3556,2023/2/19 03:36:36,0,0,0,0,-0.345455199,-0.323595285,-0.345744103,0,0,220.40412902832,0.558394193649292,0,0
3557,2023/2/19 03:36:40,0,0,0,0,-0.345455199,-0.323595285,-0.345744103,0,0,220.009841918945,0.558394193649292,0,0
3558,2023/2/19 03:36:44,0,0,0,0,-0.345455199,-0.323595285,-0.345744103,0,0,220.009841918945,0.558394193649292,0,0
3559,2023/2/19 03:36:48,0,0,0,0,-0.345455199,-0.323595285,-0.345744103,0,0,220.009841918945,0.558394193649292,0,0
3560,2023/2/19 03:36:52,0,0,0,0,-0.345455199,-0.323595285,-0.345744103,0,0,220.40412902832,0.558394193649292,0,0
3561,2023/2/19 03:36:56,0,0,0,0,-0.345455199,-0.323595285,-0.345744103,0,0,220.40412902832,0.558394193649292,0,0
3562,2023/2/19 03:37:00,0,0,0,0,-0.345455199,-0.323595285,-0.345744103,0,0,220.009841918945,0.651459872722626,0,0
3563,2023/2/19 03:37:04,0,0,0,0,-0.345455199,-0.323595285,-0.345744103,0,0,220.40412902832,0.558394193649292,0,0
3564,2023/2/19 03:37:08,0,0,0,0,-0.345455199,-0.323595285,-0.345744103,0,0,220.40412902832,0.651459872722626,0,0
3565,2023/2/19 03:37:12,0,0,0,0,-0.345455199,-0.323595285,-0.345744103,0,0,220.009841918945,0.558394193649292,0,0
3566,2023/2/19 03:37:16,0,0,0,0,-0.345455199,-0.323595285,-0.345744103,0,0,220.009841918945,0.67007303237915,0,0
3567,2023/2/19 03:37:20,0,0,0,0,-0.345455199,-0.323595285,-0.345744103,0,0,220.40412902832,0.67007303237915,0,0
3568,2023/2/19 03:37:24,0,0,0,0,-0.345455199,-0.323595285,-0.345744103,0,0,220.009841918945,0.558394193649292,0,0
3569,2023/2/19 03:37:28,0,0,0,0,-0.345455199,-0.323595285,-0.345744103,0,0,220.009841918945,0.111678838729858,0,0
3570,2023/2/19 03:37:32,0,0,0,0,-0.345455199,-0.323595285,-0.345744103,0,0,220.009841918945,0.0558394193649292,0,0
3571,2023/2/19 03:37:36,0,0,0,0,-0.345455199,-0.323595285,-0.345744103,0,0,220.009841918945,0.0558394193649292,0,0
3572,2023/2/19 03:37:40,0,0,0,0,-0.345455199,-0.323595285,-0.345744103,0,0,220.40412902832,0.0558394193649292,0,0
3573,2023/2/19 03:37:44,0,0,0,0,-0.345455199,-0.323595285,-0.345744103,0,0,220.009841918945,0.558394193649292,0,0
3574,2023/2/19 03:37:48,0,0,0,0,-0.345455199,-0.323595285,-0.345744103,0,0,220.009841918945,0.558394193649292,0,0
3575,2023/2/19 03:37:52,0,0,0,0,-0.345455199,-0.323595285,-0.345744103,0,0,220.40412902832,0.558394193649292,0,0
3576,2023/2/19 03:37:56,0,0,0,0,-0.345455199,-0.323595285,-0.345744103,0,0,220.40412902832,0.558394193649292,0,0
3577,2023/2/19 03:38:00,0,0,0,0,-0.345455199,-0.323595285,-0.345744103,0,0,220.009841918945,0.0558394193649292,0,0
3578,2023/2/19 03:38:04,0,0,0,0,-0.345455199,-0.323595285,-0.345744103,0,0,220.40412902832,0.0558394193649292,0,0
3579,2023/2/19 03:38:08,0,0,0,0,-0.345455199,-0.323595285,-0.345744103,0,0,220.009841918945,0.0558394193649292,0,0
3580,2023/2/19 03:38:12,0,0,0,0,-0.345455199,-0.323595285,-0.345744103,0,0,220.009841918945,0.0558394193649292,0,0
3581,2023/2/19 03:38:16,0,0,0,0,-0.345455199,-0.323595285,-0.345744103,0,0,220.009841918945,0.0558394193649292,0,0
3582,2023/2/19 03:38:20,0,0,0,0,-0.345455199,-0.323595285,-0.345744103,0,0,220.40412902832,0.0558394193649292,0,0
3583,2023/2/19 03:38:24,0,0,0,0,-0.345455199,-0.323595285,-0.345744103,0,0,220.009841918945,0.0558394193649292,0,0
3584,2023/2/19 03:38:28,0,0,0,0,-0.345455199,-0.323595285,-0.345744103,0,0,220.40412902832,0.0558394193649292,0,0
3585,2023/2/19 03:38:32,0,0,0,0,-0.345455199,-0.323595285,-0.345744103,0,0,220.40412902832,0.0558394193649292,0,0
3586,2023/2/19 03:38:36,0,0,0,0,-0.345455199,-0.323595285,-0.345744103,0,0,220.009841918945,0.0558394193649292,0,0
3587,2023/2/19 03:38:40,0,0,0,0,-0.345455199,-0.323595285,-0.345744103,0,0,220.40412902832,0.0558394193649292,0,0
3588,2023/2/19 03:38:44,0,0,0,0,-0.345455199,-0.323595285,-0.345744103,0,0,220.009841918945,0.0558394193649292,0,0
3589,2023/2/19 03:38:48,0,0,0,0,-0.345455199,-0.323595285,-0.345744103,0,0,220.40412902832,0.0558394193649292,0,0
3590,2023/2/19 03:38:52,0,0,0,0,-0.345455199,-0.323595285,-0.345744103,0,0,220.009841918945,0.0558394193649292,0,0
3591,2023/2/19 03:38:56,0,0,0,0,-0.345455199,-0.323595285,-0.345744103,0,0,220.009841918945,0.0558394193649292,0,0
3592,2023/2/19 03:39:00,0,0,0,0,-0.345455199,-0.323595285,-0.345744103,0,0,220.009841918945,0.0558394193649292,0,0
3593,2023/2/19 03:39:04,0,0,0,0,-0.345455199,-0.323595285,-0.345744103,0,0,220.009841918945,0.0558394193649292,0,0
3594,2023/2/19 03:39:08,0,0,0,0,-0.345455199,-0.323595285,-0.345744103,0,0,220.009841918945,0.0558394193649292,0,0
3595,2023/2/19 03:39:12,0,0,0,0,-0.345455199,-0.323595285,-0.345744103,0,0,220.009841918945,0.0558394193649292,0,0
3596,2023/2/19 03:39:16,0,0,0,0,-0.345455199,-0.323595285,-0.345744103,0,0,220.40412902832,0.0558394193649292,0,0
3597,2023/2/19 03:39:20,0,0,0,0,-0.345455199,-0.323595285,-0.345744103,0,0,220.40412902832,0.0558394193649292,0,0
3598,2023/2/19 03:39:24,0,0,0,0,-0.345455199,-0.323595285,-0.345744103,0,0,220.009841918945,0.0558394193649292,0,0
3599,2023/2/19 03:39:28,0,0,0,0,-0.345455199,-0.323595285,-0.345744103,0,0,220.40412902832,0.0558394193649292,0,0
3600,2023/2/19 03:39:32,0,0,0,0,-0.345455199,-0.323595285,-0.345744103,0,0,220.009841918945,0.0558394193649292,0,0
3601,2023/2/19 03:39:36,0,0,0,0,-0.345455199,-0.323595285,-0.345744103,0,0,220.40412902832,0.0558394193649292,0,0
3602,2023/2/19 03:39:40,0,0,0,0,-0.345455199,-0.323595285,-0.345744103,0,0,220.009841918945,0.0558394193649292,0,0
3603,2023/2/19 03:39:44,0,0,0,0,-0.345455199,-0.323595285,-0.345744103,0,0,220.40412902832,0.0558394193649292,0,0
