id,time,SuDuMoNiLiang,FPLCSuDu,BianmaQiSuDu,CSJSuDu,LGuanLongShenDu,FPLCShenDu,BianmaQiShenDu,DianshuDianliu1,DianshuDianliu2,LiCi_Current,ZhiDongPressure,Shang_GuoJuan,Xia_GuoJuan
3633,2023/2/19 03:51:20,0,0,0,0,0,-0.323595285,-0.345744103,0,0,0,0.037226278334856,0,0
3634,2023/2/19 03:51:24,0,0,0,0,0,-0.323595285,-0.345744103,0,0,0,0.037226278334856,0,0
3635,2023/2/19 03:51:28,0,0,0,0,0,-0.323595285,-0.345744103,0,0,0,0.037226278334856,0,0
3636,2023/2/19 03:51:32,0,0,0,0,0,-0.323595285,-0.345744103,0,0,0,0.037226278334856,0,0
3637,2023/2/19 03:51:36,0,0,0,0,0,-0.323595285,-0.345744103,0,0,0,0.037226278334856,0,0
3638,2023/2/19 03:51:40,0,0,0,0,0,-0.323595285,-0.345744103,0,0,0,0.037226278334856,0,0
3639,2023/2/19 03:51:44,0,0,0,0,0,-0.323595285,-0.345744103,0,0,0,0.037226278334856,0,0
3640,2023/2/19 03:51:48,0,0,0,0,0,-0.323595285,-0.345744103,0,0,0,0.037226278334856,0,0
3641,2023/2/19 03:51:52,0,0,0,0,0,-0.323595285,-0.345744103,0,0,0,0.037226278334856,0,0
3642,2023/2/19 03:51:56,0,0,0,0,0,-0.323595285,-0.345744103,0,0,0,0.037226278334856,0,0
3643,2023/2/19 03:52:00,0,0,0,0,0,-0.323595285,-0.345744103,0,0,0,0.037226278334856,0,0
3644,2023/2/19 03:52:04,0,0,0,0,0,-0.323595285,-0.345744103,0,0,0,0.037226278334856,0,0
3645,2023/2/19 03:52:08,0,0,0,0,0,-0.323595285,-0.345744103,0,0,0,0.037226278334856,0,0
3646,2023/2/19 03:52:12,0,0,0,0,0,-0.323595285,-0.345744103,0,0,0,0.037226278334856,0,0
3647,2023/2/19 03:52:16,0,0,0,0,0,-0.323595285,-0.345744103,0,0,0,0.037226278334856,0,0
3648,2023/2/19 03:52:20,0,0,0,0,0,-0.323595285,-0.345744103,0,0,0,0.037226278334856,0,0
3649,2023/2/19 03:52:24,0,0,0,0,0,-0.323595285,-0.345744103,0,0,0,0.037226278334856,0,0
3650,2023/2/19 03:52:28,0,0,0,0,0,-0.323595285,-0.345744103,0,0,0,0.037226278334856,0,0
3651,2023/2/19 03:52:32,0,0,0,0,0,-0.323595285,-0.345744103,0,0,0,0.037226278334856,0,0
3652,2023/2/19 03:52:36,0,0,0,0,0,-0.323595285,-0.345744103,0,0,0,0.037226278334856,0,0
3653,2023/2/19 03:52:40,0,0,0,0,0,-0.323595285,-0.345744103,0,0,0,0.037226278334856,0,0
3654,2023/2/19 03:52:44,0,0,0,0,0,-0.323595285,-0.345744103,0,0,0,0.037226278334856,0,0
3655,2023/2/19 03:52:48,0,0,0,0,0,-0.323595285,-0.345744103,0,0,0,0.037226278334856,0,0
3656,2023/2/19 03:52:52,0,0,0,0,0,-0.323595285,-0.345744103,0,0,0,0.037226278334856,0,0
3657,2023/2/19 03:52:56,0,0,0,0,0,-0.323595285,-0.345744103,0,0,0,0.037226278334856,0,0
3658,2023/2/19 03:53:00,0,0,0,0,0,-0.323595285,-0.345744103,0,0,0,0.037226278334856,0,0
3659,2023/2/19 03:53:04,0,0,0,0,0,-0.323595285,-0.345744103,0,0,0,0.037226278334856,0,0
3660,2023/2/19 03:53:08,0,0,0,0,0,-0.323595285,-0.345744103,0,0,0,0.037226278334856,0,0
3661,2023/2/19 03:53:12,0,0,0,0,0,-0.323595285,-0.345744103,0,0,0,0.037226278334856,0,0
3662,2023/2/19 03:53:16,0,0,0,0,0,-0.323595285,-0.345744103,0,0,0,0.037226278334856,0,0
3663,2023/2/19 03:53:20,0,0,0,0,0,-0.323595285,-0.345744103,0,0,0,0.037226278334856,0,0
3664,2023/2/19 03:53:24,0,0,0,0,0,-0.323595285,-0.345744103,0,0,0,0.037226278334856,0,0
3665,2023/2/19 03:53:28,0,0,0,0,0,-0.323595285,-0.345744103,0,0,0,0.037226278334856,0,0
3666,2023/2/19 03:53:32,0,0,0,0,0,-0.323595285,-0.345744103,0,0,0,0.037226278334856,0,0
3667,2023/2/19 03:53:36,0,0,0,0,0,-0.323595285,-0.345744103,0,0,0,0.037226278334856,0,0
3668,2023/2/19 03:53:40,0,0,0,0,0,-0.323595285,-0.345744103,0,0,0,0.037226278334856,0,0
3669,2023/2/19 03:53:44,0,0,0,0,0,-0.323595285,-0.345744103,0,0,0,0.037226278334856,0,0
3670,2023/2/19 03:53:48,0,0,0,0,0,-0.323595285,-0.345744103,0,0,0,0.037226278334856,0,0
3671,2023/2/19 03:53:52,0,0,0,0,0,-0.323595285,-0.345744103,0,0,0,0.037226278334856,0,0
3672,2023/2/19 03:53:56,0,0,0,0,0,-0.323595285,-0.345744103,0,0,0,0.037226278334856,0,0
3673,2023/2/19 03:54:00,0,0,0,0,0,-0.323595285,-0.345744103,0,0,0,0.037226278334856,0,0
3674,2023/2/19 03:54:04,0,0,0,0,0,-0.323595285,-0.345744103,0,0,0,0.037226278334856,0,0
3675,2023/2/19 03:54:08,0,0,0,0,0,-0.323595285,-0.345744103,0,0,0,0.037226278334856,0,0
3676,2023/2/19 03:54:12,0,0,0,0,0,-0.323595285,-0.345744103,0,0,0,0.037226278334856,0,0
3677,2023/2/19 03:54:16,0,0,0,0,0,-0.323595285,-0.345744103,0,0,0,0.037226278334856,0,0
3678,2023/2/19 03:54:20,0,0,0,0,0,-0.323595285,-0.345744103,0,0,0,0.037226278334856,0,0
3679,2023/2/19 03:54:24,0,0,0,0,0,-0.323595285,-0.345744103,0,0,0,0.037226278334856,0,0
3680,2023/2/19 03:54:28,0,0,0,0,0,-0.323595285,-0.345744103,0,0,0,0.037226278334856,0,0
3681,2023/2/19 03:54:32,0,0,0,0,0,-0.323595285,-0.345744103,0,0,0,0.037226278334856,0,0
3682,2023/2/19 03:54:36,0,0,0,0,0,-0.323595285,-0.345744103,0,0,0,0.037226278334856,0,0
3683,2023/2/19 03:54:40,0,0,0,0,0,-0.323595285,-0.345744103,0,0,0,0.037226278334856,0,0
3684,2023/2/19 03:54:44,0,0,0,0,0,-0.323595285,-0.345744103,0,0,0,0.037226278334856,0,0
3685,2023/2/19 03:54:48,0,0,0,0,0,-0.323595285,-0.345744103,0,0,0,0.037226278334856,0,0
3686,2023/2/19 03:54:52,0,0,0,0,0,-0.323595285,-0.345744103,0,0,0,0.037226278334856,0,0
3687,2023/2/19 03:54:56,0,0,0,0,0,-0.323595285,-0.345744103,0,0,0,0.037226278334856,0,0
3688,2023/2/19 03:55:00,0,0,0,0,0,-0.323595285,-0.345744103,0,0,0,0.037226278334856,0,0
3689,2023/2/19 03:55:04,0,0,0,0,0,-0.323595285,-0.345744103,0,0,0,0.037226278334856,0,0
3690,2023/2/19 03:55:08,0,0,0,0,0,-0.323595285,-0.345744103,0,0,0,0.037226278334856,0,0
3691,2023/2/19 03:55:12,0,0,0,0,0,-0.323595285,-0.345744103,6.66666650772095,0,0,0.037226278334856,0,0
3692,2023/2/19 03:55:16,0,0,0,0,0,-0.323595285,-0.345744103,0,0,0,0.037226278334856,0,0
3693,2023/2/19 03:55:20,0,0,0,0,0,-0.323595285,-0.345744103,0,0,0,0.037226278334856,0,0
3694,2023/2/19 03:55:24,0,0,0,0,0,-0.323595285,-0.345744103,0,0,0,0.037226278334856,0,0
3695,2023/2/19 03:55:28,0,0,0,0,0,-0.323595285,-0.345744103,0,0,0,0.037226278334856,0,0
3696,2023/2/19 03:55:32,0,0,0,0,0,-0.323595285,-0.345744103,0,0,0,0.037226278334856,0,0
3697,2023/2/19 03:55:36,0,0,0,0,0,-0.323595285,-0.345744103,0,0,0,0.037226278334856,0,0
3698,2023/2/19 03:55:40,0,0,0,0,0,-0.323595285,-0.345744103,0,0,0,0.037226278334856,0,0
3699,2023/2/19 03:55:44,0,0,0,0,0,-0.323595285,-0.345744103,0,0,0,0.037226278334856,0,0
3700,2023/2/19 03:55:48,0,0,0,0,0,-0.323595285,-0.345744103,0,0,0,0.037226278334856,0,0
3701,2023/2/19 03:55:52,0,0,0,0,0,-0.323595285,-0.345744103,0,0,0,0.037226278334856,0,0
3702,2023/2/19 03:55:56,0,0,0,0,0,-0.323595285,-0.345744103,0,0,0,0.037226278334856,0,0
3703,2023/2/19 03:56:00,0,0,0,0,0,-0.323595285,-0.345744103,0,0,0,0.037226278334856,0,0
3704,2023/2/19 03:56:04,0,0,0,0,0,-0.323595285,-0.345744103,0,0,0,0.037226278334856,0,0
3705,2023/2/19 03:56:08,0,0,0,0,0,-0.323595285,-0.345744103,0,0,0,0.037226278334856,0,0
3706,2023/2/19 03:56:12,0,0,0,0,0,-0.323595285,-0.345744103,0,0,0,0.037226278334856,0,0
3707,2023/2/19 03:56:16,0,0,0,0,0,-0.323595285,-0.345744103,0,0,0,0.037226278334856,0,0
3708,2023/2/19 03:56:20,0,0,0,0,0,-0.323595285,-0.345744103,0,0,0,0.037226278334856,0,0
3709,2023/2/19 03:56:24,0,0,0,0,0,-0.323595285,-0.345744103,0,0,0,0.037226278334856,0,0
3710,2023/2/19 03:56:28,0,0,0,0,0,-0.323595285,-0.345744103,0,0,0,0.037226278334856,0,0
3711,2023/2/19 03:56:32,0,0,0,0,0,-0.323595285,-0.345744103,0,0,0,0.037226278334856,0,0
3712,2023/2/19 03:56:36,0,0,0,0,0,-0.323595285,-0.345744103,0,0,0,0.037226278334856,0,0
3713,2023/2/19 03:56:40,0,0,0,0,0,-0.323595285,-0.345744103,0,0,0,0.037226278334856,0,0
3714,2023/2/19 03:56:44,0,0,0,0,0,-0.323595285,-0.345744103,0,0,0,0.037226278334856,0,0
3715,2023/2/19 03:56:48,0,0,0,0,0,-0.323595285,-0.345744103,0,0,0,0.037226278334856,0,0
3716,2023/2/19 03:56:52,0,0,0,0,0,-0.323595285,-0.345744103,0,0,0,0.037226278334856,0,0
3717,2023/2/19 03:56:56,0,0,0,0,0,-0.323595285,-0.345744103,0,0,0,0.037226278334856,0,0
3718,2023/2/19 03:57:00,0,0,0,0,0,-0.323595285,-0.345744103,0,0,0,0.037226278334856,0,0
3719,2023/2/19 03:57:04,0,0,0,0,0,-0.323595285,-0.345744103,0,0,0,0.037226278334856,0,0
3720,2023/2/19 03:57:08,0,0,0,0,0,-0.323595285,-0.345744103,0,0,0,0.037226278334856,0,0
3721,2023/2/19 03:57:12,0,0,0,0,0,-0.323595285,-0.345744103,0,0,0,0.037226278334856,0,0
3722,2023/2/19 03:57:16,0,0,0,0,0,-0.323595285,-0.345744103,0,0,0,0.037226278334856,0,0
3723,2023/2/19 03:57:20,0,0,0,0,0,-0.323595285,-0.345744103,0,0,0,0.037226278334856,0,0
3724,2023/2/19 03:57:24,0,0,0,0,0,-0.323595285,-0.345744103,0,0,0,0.037226278334856,0,0
3725,2023/2/19 03:57:28,0,0,0,0,0,-0.323595285,-0.345744103,0,0,0,0.037226278334856,0,0
3726,2023/2/19 03:57:32,0,0,0,0,0,-0.323595285,-0.345744103,0,0,0,0.037226278334856,0,0
3727,2023/2/19 03:57:36,0,0,0,0,0,-0.323595285,-0.345744103,0,0,0,0.037226278334856,0,0
3728,2023/2/19 03:57:40,0,0,0,0,0,-0.323595285,-0.345744103,0,0,0,0.037226278334856,0,0
3729,2023/2/19 03:57:44,0,0,0,0,0,-0.323595285,-0.345744103,0,0,0,0.037226278334856,0,0
3730,2023/2/19 03:57:48,0,0,0,0,0,-0.323595285,-0.345744103,0,0,0,0.037226278334856,0,0
3731,2023/2/19 03:57:52,0,0,0,0,0,-0.323595285,-0.345744103,0,0,0,0.037226278334856,0,0
3732,2023/2/19 03:57:56,0,0,0,0,0,-0.323595285,-0.345744103,0,0,0,0.037226278334856,0,0
3733,2023/2/19 03:58:00,0,0,0,0,0,-0.323595285,-0.345744103,0,0,0,0.037226278334856,0,0
3734,2023/2/19 03:58:04,0,0,0,0,0,-0.323595285,-0.345744103,0,0,0,0.037226278334856,0,0
3735,2023/2/19 03:58:08,0,0,0,0,0,-0.323595285,-0.345744103,0,0,0,0.037226278334856,0,0
3736,2023/2/19 03:58:12,0,0,0,0,0,-0.323595285,-0.345744103,0,0,0,0.037226278334856,0,0
3737,2023/2/19 03:58:16,0,0,0,0,0,-0.323595285,-0.345744103,0,0,0,0.037226278334856,0,0
3738,2023/2/19 03:58:20,0,0,0,0,0,-0.323595285,-0.345744103,0,0,0,0.037226278334856,0,0
3739,2023/2/19 03:58:24,0,0,0,0,0,-0.323595285,-0.345744103,0,0,0,0.037226278334856,0,0
3740,2023/2/19 03:58:28,0,0,0,0,0,-0.323595285,-0.345744103,0,0,0,0.037226278334856,0,0
3741,2023/2/19 03:58:32,0,0,0,0,0,-0.323595285,-0.345744103,0,0,0,0.037226278334856,0,0
3742,2023/2/19 03:58:36,0,0,0,0,0,-0.323595285,-0.345744103,0,0,0,0.037226278334856,0,0
3743,2023/2/19 03:58:40,0,0,0,0,0,-0.323595285,-0.345744103,0,0,0,0.037226278334856,0,0
3744,2023/2/19 03:58:44,0,0,0,0,0,-0.323595285,-0.345744103,0,0,0,0.037226278334856,0,0
3745,2023/2/19 03:58:48,0,0,0,0,0,-0.323595285,-0.345744103,0,0,0,0.037226278334856,0,0
3746,2023/2/19 03:58:52,0,0,0,0,0,-0.323595285,-0.345744103,0,0,0,0.037226278334856,0,0
3747,2023/2/19 03:58:56,0,0,0,0,0,-0.323595285,-0.345744103,0,0,0,0.037226278334856,0,0
3748,2023/2/19 03:59:00,0,0,0,0,0,-0.323595285,-0.345744103,0,0,0,0.037226278334856,0,0
3749,2023/2/19 03:59:04,0,0,0,0,0,-0.323595285,-0.345744103,0,0,0,0.037226278334856,0,0
3750,2023/2/19 03:59:08,0,0,0,0,0,-0.323595285,-0.345744103,0,0,0,0.037226278334856,0,0
3751,2023/2/19 03:59:12,0,0,0,0,0,-0.323595285,-0.345744103,0,0,0,0.037226278334856,0,0
3752,2023/2/19 03:59:16,0,0,0,0,0,-0.323595285,-0.345744103,0,0,0,0.037226278334856,0,0
3753,2023/2/19 03:59:20,0,0,0,0,0,-0.323595285,-0.345744103,0,0,0,0.037226278334856,0,0
3754,2023/2/19 03:59:24,0,0,0,0,0,-0.323595285,-0.345744103,0,0,0,0.037226278334856,0,0
3755,2023/2/19 03:59:28,0,0,0,0,0,-0.323595285,-0.345744103,0,0,0,0.037226278334856,0,0
3756,2023/2/19 03:59:32,0,0,0,0,0,-0.323595285,-0.345744103,0,0,0,0.037226278334856,0,0
3757,2023/2/19 03:59:36,0,0,0,0,0,-0.323595285,-0.345744103,0,0,0,0.037226278334856,0,0
3758,2023/2/19 03:59:40,0,0,0,0,0,-0.323595285,-0.345744103,0,0,0,0.037226278334856,0,0
3759,2023/2/19 03:59:44,0,0,0,0,0,-0.323595285,-0.345744103,0,0,0,0.037226278334856,0,0
3760,2023/2/19 03:59:48,0,0,0,0,0,-0.323595285,-0.345744103,0,0,0,0.037226278334856,0,0
3761,2023/2/19 03:59:52,0,0,0,0,0,-0.323595285,-0.345744103,0,0,0,0.037226278334856,0,0
3762,2023/2/19 03:59:56,0,0,0,0,0,-0.323595285,-0.345744103,0,0,0,0.037226278334856,0,0
3763,2023/2/19 04:00:00,0,0,0,0,0,-0.323595285,-0.345744103,0,0,0,0.037226278334856,0,0
3764,2023/2/19 04:00:04,0,0,0,0,0,-0.323595285,-0.345744103,0,0,0,0.037226278334856,0,0
3765,2023/2/19 04:00:08,0,0,0,0,0,-0.323595285,-0.345744103,0,0,0,0.037226278334856,0,0
3766,2023/2/19 04:00:12,0,0,0,0,0,-0.323595285,-0.345744103,0,0,0,0.037226278334856,0,0
3767,2023/2/19 04:00:16,0,0,0,0,0,-0.323595285,-0.345744103,0,0,0,0.037226278334856,0,0
3768,2023/2/19 04:00:20,0,0,0,0,0,-0.323595285,-0.345744103,0,0,0,0.037226278334856,0,0
3769,2023/2/19 04:00:24,0,0,0,0,0,-0.323595285,-0.345744103,0,0,0,0.037226278334856,0,0
3770,2023/2/19 04:00:28,0,0,0,0,0,-0.323595285,-0.345744103,0,0,0,0.037226278334856,0,0
3771,2023/2/19 04:00:32,0,0,0,0,0,-0.323595285,-0.345744103,0,0,0,0.037226278334856,0,0
3772,2023/2/19 04:00:36,0,0,0,0,0,-0.323595285,-0.345744103,0,0,0,0.037226278334856,0,0
3773,2023/2/19 04:00:40,0,0,0,0,0,-0.323595285,-0.345744103,0,0,0,0.037226278334856,0,0
3774,2023/2/19 04:00:44,0,0,0,0,0,-0.323595285,-0.345744103,0,0,0,0.037226278334856,0,0
3775,2023/2/19 04:00:48,0,0,0,0,0,-0.323595285,-0.345744103,0,0,0,0.037226278334856,0,0
3776,2023/2/19 04:00:52,0,0,0,0,0,-0.323595285,-0.345744103,0,0,0,0.037226278334856,0,0
3777,2023/2/19 04:00:56,0,0,0,0,0,-0.323595285,-0.345744103,0,0,0,0.037226278334856,0,0
3778,2023/2/19 04:01:00,0,0,0,0,0,-0.323595285,-0.345744103,0,0,0,0.037226278334856,0,0
3779,2023/2/19 04:01:04,0,0,0,0,0,-0.323595285,-0.345744103,0,0,0,0.037226278334856,0,0
3780,2023/2/19 04:01:08,0,0,0,0,0,-0.323595285,-0.345744103,0,0,0,0.037226278334856,0,0
3781,2023/2/19 04:01:12,0,0,0,0,0,-0.323595285,-0.345744103,0,0,0,0.037226278334856,0,0
3782,2023/2/19 04:01:16,0,0,0,0,0,-0.323595285,-0.345744103,0,0,0,0.037226278334856,0,0
3783,2023/2/19 04:01:20,0,0,0,0,0,-0.323595285,-0.345744103,0,0,0,0.037226278334856,0,0
3784,2023/2/19 04:01:24,0,0,0,0,0,-0.323595285,-0.345744103,0,0,0,0.037226278334856,0,0
3785,2023/2/19 04:01:28,0,0,0,0,0,-0.323595285,-0.345744103,0,0,0,0.037226278334856,0,0
3786,2023/2/19 04:01:32,0,0,0,0,0,-0.323595285,-0.345744103,0,0,0,0.037226278334856,0,0
3787,2023/2/19 04:01:36,0,0,0,0,0,-0.323595285,-0.345744103,0,0,0,0.037226278334856,0,0
3788,2023/2/19 04:01:40,0,0,0,0,0,-0.323595285,-0.345744103,0,0,0,0.037226278334856,0,0
3789,2023/2/19 04:01:44,0,0,0,0,0,-0.323595285,-0.345744103,0,0,0,0.037226278334856,0,0
3790,2023/2/19 04:01:48,0,0,0,0,0,-0.323595285,-0.345744103,0,0,0,0.037226278334856,0,0
3791,2023/2/19 04:01:52,0,0,0,0,0,-0.323595285,-0.345744103,0,0,0,0.037226278334856,0,0
3792,2023/2/19 04:01:56,0,0,0,0,0,-0.323595285,-0.345744103,0,0,0,0.037226278334856,0,0
3793,2023/2/19 04:02:00,0,0,0,0,0,-0.323595285,-0.345744103,0,0,0,0.037226278334856,0,0
3794,2023/2/19 04:02:04,0,0,0,0,0,-0.323595285,-0.345744103,0,0,0,0.037226278334856,0,0
3795,2023/2/19 04:02:08,0,0,0,0,0,-0.323595285,-0.345744103,0,0,0,0.037226278334856,0,0
3796,2023/2/19 04:02:12,0,0,0,0,0,-0.323595285,-0.345744103,0,0,0,0.037226278334856,0,0
3797,2023/2/19 04:02:16,0,0,0,0,0,-0.323595285,-0.345744103,0,0,0,0.037226278334856,0,0
3798,2023/2/19 04:02:20,0,0,0,0,0,-0.323595285,-0.345744103,0,0,0,0.037226278334856,0,0
3799,2023/2/19 04:02:24,0,0,0,0,0,-0.323595285,-0.345744103,0,0,0,0.037226278334856,0,0
3800,2023/2/19 04:02:28,0,0,0,0,0,-0.323595285,-0.345744103,0,0,0,0.037226278334856,0,0
3801,2023/2/19 04:02:32,0,0,0,0,0,-0.323595285,-0.345744103,0,0,0,0.037226278334856,0,0
3802,2023/2/19 04:02:36,0,0,0,0,0,-0.323595285,-0.345744103,0,0,0,0.037226278334856,0,0
3803,2023/2/19 04:02:40,0,0,0,0,0,-0.323595285,-0.345744103,0,0,0,0.037226278334856,0,0
3804,2023/2/19 04:02:44,0,0,0,0,0,-0.323595285,-0.345744103,0,0,0,0.037226278334856,0,0
3805,2023/2/19 04:02:48,0,0,0,0,0,-0.323595285,-0.345744103,0,0,0,0.037226278334856,0,0
3806,2023/2/19 04:02:52,0,0,0,0,0,-0.323595285,-0.345744103,0,0,0,0.037226278334856,0,0
3807,2023/2/19 04:02:56,0,0,0,0,0,-0.323595285,-0.345744103,0,0,0,0.037226278334856,0,0
3808,2023/2/19 04:03:00,0,0,0,0,0,-0.323595285,-0.345744103,0,0,0,0.037226278334856,0,0
3809,2023/2/19 04:03:04,0,0,0,0,0,-0.323595285,-0.345744103,0,0,0,0.037226278334856,0,0
3810,2023/2/19 04:03:08,0,0,0,0,0,-0.323595285,-0.345744103,0,0,0,0.037226278334856,0,0
3811,2023/2/19 04:03:12,0,0,0,0,0,-0.323595285,-0.345744103,0,0,0,0.037226278334856,0,0
3812,2023/2/19 04:03:16,0,0,0,0,0,-0.323595285,-0.345744103,0,0,0,0.037226278334856,0,0
3813,2023/2/19 04:03:20,0,0,0,0,0,-0.323595285,-0.345744103,0,0,0,0.037226278334856,0,0
3814,2023/2/19 04:03:24,0,0,0,0,0,-0.323595285,-0.345744103,0,0,0,0.037226278334856,0,0
3815,2023/2/19 04:03:28,0,0,0,0,0,-0.323595285,-0.345744103,0,0,0,0.037226278334856,0,0
3816,2023/2/19 04:03:32,0,0,0,0,0,-0.323595285,-0.345744103,0,0,0,0.037226278334856,0,0
3817,2023/2/19 04:03:36,0,0,0,0,0,-0.323595285,-0.345744103,0,0,0,0.037226278334856,0,0
3818,2023/2/19 04:03:40,0,0,0,0,0,-0.323595285,-0.345744103,0,0,0,0.037226278334856,0,0
3819,2023/2/19 04:03:44,0,0,0,0,0,-0.323595285,-0.345744103,0,0,0,0.037226278334856,0,0
3820,2023/2/19 04:03:48,0,0,0,0,0,-0.323595285,-0.345744103,0,0,0,0.037226278334856,0,0
3821,2023/2/19 04:03:52,0,0,0,0,0,-0.323595285,-0.345744103,0,0,0,0.037226278334856,0,0
3822,2023/2/19 04:03:56,0,0,0,0,0,-0.323595285,-0.345744103,0,0,0,0.037226278334856,0,0
3823,2023/2/19 04:04:00,0,0,0,0,0,-0.323595285,-0.345744103,0,0,0,0.037226278334856,0,0
3824,2023/2/19 04:04:04,0,0,0,0,0,-0.323595285,-0.345744103,0,0,0,0.037226278334856,0,0
3825,2023/2/19 04:04:08,0,0,0,0,0,-0.323595285,-0.345744103,0,0,0,0.037226278334856,0,0
3826,2023/2/19 04:04:12,0,0,0,0,0,-0.323595285,-0.345744103,0,0,0,0.037226278334856,0,0
3827,2023/2/19 04:04:16,0,0,0,0,0,-0.323595285,-0.345744103,0,0,0,0.037226278334856,0,0
3828,2023/2/19 04:04:20,0,0,0,0,0,-0.323595285,-0.345744103,0,0,0,0.037226278334856,0,0
3829,2023/2/19 04:04:24,0,0,0,0,0,-0.323595285,-0.345744103,0,0,0,0.037226278334856,0,0
3830,2023/2/19 04:04:28,0,0,0,0,0,-0.323595285,-0.345744103,0,0,0,0.037226278334856,0,0
3831,2023/2/19 04:04:32,0,0,0,0,0,-0.323595285,-0.345744103,6.66666650772095,0,0,0.037226278334856,0,0
3832,2023/2/19 04:04:36,0,0,0,0,0,-0.323595285,-0.345744103,0,0,0,0.037226278334856,0,0
3833,2023/2/19 04:04:40,0,0,0,0,0,-0.323595285,-0.345744103,0,0,0,0.037226278334856,0,0
3834,2023/2/19 04:04:44,0,0,0,0,0,-0.323595285,-0.345744103,0,0,0,0.037226278334856,0,0
3835,2023/2/19 04:04:48,0,0,0,0,0,-0.323595285,-0.345744103,0,0,0,0.037226278334856,0,0
3836,2023/2/19 04:04:52,0,0,0,0,0,-0.323595285,-0.345744103,0,0,0,0.037226278334856,0,0
3837,2023/2/19 04:04:56,0,0,0,0,0,-0.323595285,-0.345744103,6.66666650772095,0,0,0.037226278334856,0,0
3838,2023/2/19 04:05:00,0,0,0,0,0,-0.323595285,-0.345744103,0,0,0,0.037226278334856,0,0
3839,2023/2/19 04:05:04,0,0,0,0,0,-0.323595285,-0.345744103,0,0,0,0.037226278334856,0,0
3840,2023/2/19 04:05:08,0,0,0,0,0,-0.323595285,-0.345744103,0,0,0,0.037226278334856,0,0
3841,2023/2/19 04:05:12,0,0,0,0,0,-0.323595285,-0.345744103,0,0,0,0.037226278334856,0,0
3842,2023/2/19 04:05:16,0,0,0,0,0,-0.323595285,-0.345744103,0,0,0,0.037226278334856,0,0
3843,2023/2/19 04:05:20,0,0,0,0,0,-0.323595285,-0.345744103,0,0,0,0.037226278334856,0,0
3844,2023/2/19 04:05:24,0,0,0,0,0,-0.323595285,-0.345744103,0,0,0,0.037226278334856,0,0
3845,2023/2/19 04:05:28,0,0,0,0,0,-0.323595285,-0.345744103,0,0,0,0.037226278334856,0,0
3846,2023/2/19 04:05:32,0,0,0,0,0,-0.323595285,-0.345744103,0,0,0,0.037226278334856,0,0
3847,2023/2/19 04:05:36,0,0,0,0,0,-0.323595285,-0.345744103,0,0,0,0.037226278334856,0,0
3848,2023/2/19 04:05:40,0,0,0,0,0,-0.323595285,-0.345744103,0,0,0,0.037226278334856,0,0
3849,2023/2/19 04:05:44,0,0,0,0,0,-0.323595285,-0.345744103,0,0,0,0.037226278334856,0,0
3850,2023/2/19 04:05:48,0,0,0,0,0,-0.323595285,-0.345744103,0,0,0,0.037226278334856,0,0
3851,2023/2/19 04:05:52,0,0,0,0,0,-0.323595285,-0.345744103,0,0,0,0.037226278334856,0,0
3852,2023/2/19 04:05:56,0,0,0,0,0,-0.323595285,-0.345744103,0,0,0,0.037226278334856,0,0
3853,2023/2/19 04:06:00,0,0,0,0,0,-0.323595285,-0.345744103,0,0,0,0.037226278334856,0,0
3854,2023/2/19 04:06:04,0,0,0,0,0,-0.323595285,-0.345744103,0,0,0,0.037226278334856,0,0
3855,2023/2/19 04:06:08,0,0,0,0,0,-0.323595285,-0.345744103,0,0,0,0.037226278334856,0,0
3856,2023/2/19 04:06:12,0,0,0,0,0,-0.323595285,-0.345744103,0,0,0,0.037226278334856,0,0
3857,2023/2/19 04:06:16,0,0,0,0,0,-0.323595285,-0.345744103,0,0,0,0.037226278334856,0,0
3858,2023/2/19 04:06:20,0,0,0,0,0,-0.323595285,-0.345744103,0,0,0,0.037226278334856,0,0
3859,2023/2/19 04:06:24,0,0,0,0,0,-0.323595285,-0.345744103,0,0,0,0.037226278334856,0,0
3860,2023/2/19 04:06:28,0,0,0,0,0,-0.323595285,-0.345744103,0,0,0,0.037226278334856,0,0
3861,2023/2/19 04:06:32,0,0,0,0,0,-0.323595285,-0.345744103,0,0,0,0.037226278334856,0,0
3862,2023/2/19 04:06:36,0,0,0,0,0,-0.323595285,-0.345744103,0,0,0,0.037226278334856,0,0
3863,2023/2/19 04:06:40,0,0,0,0,0,-0.323595285,-0.345744103,0,0,0,0.037226278334856,0,0
3864,2023/2/19 04:06:44,0,0,0,0,0,-0.323595285,-0.345744103,0,0,0,0.037226278334856,0,0
3865,2023/2/19 04:06:48,0,0,0,0,0,-0.323595285,-0.345744103,0,0,0,0.037226278334856,0,0
3866,2023/2/19 04:06:52,0,0,0,0,0,-0.323595285,-0.345744103,0,0,0,0.037226278334856,0,0
3867,2023/2/19 04:06:56,0,0,0,0,0,-0.323595285,-0.345744103,0,0,0,0.037226278334856,0,0
3868,2023/2/19 04:07:00,0,0,0,0,0,-0.323595285,-0.345744103,0,0,0,0.037226278334856,0,0
3869,2023/2/19 04:07:04,0,0,0,0,0,-0.323595285,-0.345744103,0,0,0,0.037226278334856,0,0
3870,2023/2/19 04:07:08,0,0,0,0,0,-0.323595285,-0.345744103,0,0,0,0.037226278334856,0,0
3871,2023/2/19 04:07:12,0,0,0,0,0,-0.323595285,-0.345744103,0,0,0,0.037226278334856,0,0
3872,2023/2/19 04:07:16,0,0,0,0,0,-0.323595285,-0.345744103,0,0,0,0.037226278334856,0,0
3873,2023/2/19 04:07:20,0,0,0,0,0,-0.323595285,-0.345744103,0,0,0,0.037226278334856,0,0
3874,2023/2/19 04:07:24,0,0,0,0,0,-0.323595285,-0.345744103,0,0,0,0.037226278334856,0,0
3875,2023/2/19 04:07:28,0,0,0,0,0,-0.323595285,-0.345744103,0,0,0,0.037226278334856,0,0
3876,2023/2/19 04:07:32,0,0,0,0,0,-0.323595285,-0.345744103,0,0,0,0.037226278334856,0,0
3877,2023/2/19 04:07:36,0,0,0,0,0,-0.323595285,-0.345744103,0,0,0,0.037226278334856,0,0
3878,2023/2/19 04:07:40,0,0,0,0,0,-0.323595285,-0.345744103,0,0,0,0.037226278334856,0,0
3879,2023/2/19 04:07:44,0,0,0,0,0,-0.323595285,-0.345744103,0,0,0,0.037226278334856,0,0
3880,2023/2/19 04:07:48,0,0,0,0,0,-0.323595285,-0.345744103,0,0,0,0.037226278334856,0,0
3881,2023/2/19 04:07:52,0,0,0,0,0,-0.323595285,-0.345744103,0,0,0,0.037226278334856,0,0
3882,2023/2/19 04:07:56,0,0,0,0,0,-0.323595285,-0.345744103,0,0,0,0.037226278334856,0,0
3883,2023/2/19 04:08:00,0,0,0,0,0,-0.323595285,-0.345744103,0,0,0,0.037226278334856,0,0
3884,2023/2/19 04:08:04,0,0,0,0,0,-0.323595285,-0.345744103,0,0,0,0.037226278334856,0,0
3885,2023/2/19 04:08:08,0,0,0,0,0,-0.323595285,-0.345744103,0,0,0,0.037226278334856,0,0
3886,2023/2/19 04:08:12,0,0,0,0,0,-0.323595285,-0.345744103,0,0,0,0.037226278334856,0,0
3887,2023/2/19 04:08:16,0,0,0,0,0,-0.323595285,-0.345744103,0,0,0,0.037226278334856,0,0
3888,2023/2/19 04:08:20,0,0,0,0,0,-0.323595285,-0.345744103,0,0,0,0.037226278334856,0,0
3889,2023/2/19 04:08:24,0,0,0,0,0,-0.323595285,-0.345744103,0,0,0,0.037226278334856,0,0
3890,2023/2/19 04:08:28,0,0,0,0,0,-0.323595285,-0.345744103,0,0,0,0.037226278334856,0,0
3891,2023/2/19 04:08:32,0,0,0,0,0,-0.323595285,-0.345744103,0,0,0,0.037226278334856,0,0
3892,2023/2/19 04:08:36,0,0,0,0,0,-0.323595285,-0.345744103,0,0,0,0.037226278334856,0,0
3893,2023/2/19 04:08:40,0,0,0,0,0,-0.323595285,-0.345744103,0,0,0,0.037226278334856,0,0
3894,2023/2/19 04:08:44,0,0,0,0,0,-0.323595285,-0.345744103,0,0,0,0.037226278334856,0,0
3895,2023/2/19 04:08:48,0,0,0,0,0,-0.323595285,-0.345744103,0,0,0,0.037226278334856,0,0
3896,2023/2/19 04:08:52,0,0,0,0,0,-0.323595285,-0.345744103,0,0,0,0.037226278334856,0,0
3897,2023/2/19 04:08:56,0,0,0,0,0,-0.323595285,-0.345744103,0,0,0,0.037226278334856,0,0
3898,2023/2/19 04:09:00,0,0,0,0,0,-0.323595285,-0.345744103,0,0,0,0.037226278334856,0,0
3899,2023/2/19 04:09:04,0,0,0,0,0,-0.323595285,-0.345744103,0,0,0,0.037226278334856,0,0
3900,2023/2/19 04:09:08,0,0,0,0,0,-0.323595285,-0.345744103,0,0,0,0.037226278334856,0,0
3901,2023/2/19 04:09:12,0,0,0,0,0,-0.323595285,-0.345744103,0,0,0,0.037226278334856,0,0
3902,2023/2/19 04:09:16,0,0,0,0,0,-0.323595285,-0.345744103,0,0,0,0.037226278334856,0,0
3903,2023/2/19 04:09:20,0,0,0,0,0,-0.323595285,-0.345744103,0,0,0,0.037226278334856,0,0
3904,2023/2/19 04:09:24,0,0,0,0,0,-0.323595285,-0.345744103,0,0,0,0.037226278334856,0,0
3905,2023/2/19 04:09:28,0,0,0,0,0,-0.323595285,-0.345744103,0,0,0,0.037226278334856,0,0
3906,2023/2/19 04:09:32,0,0,0,0,0,-0.323595285,-0.345744103,0,0,0,0.037226278334856,0,0
3907,2023/2/19 04:09:36,0,0,0,0,0,-0.323595285,-0.345744103,0,0,0,0.037226278334856,0,0
3908,2023/2/19 04:09:40,0,0,0,0,0,-0.323595285,-0.345744103,0,0,0,0.037226278334856,0,0
3909,2023/2/19 04:09:44,0,0,0,0,0,-0.323595285,-0.345744103,0,0,0,0.037226278334856,0,0
3910,2023/2/19 04:09:48,0,0,0,0,0,-0.323595285,-0.345744103,0,0,0,0.037226278334856,0,0
3911,2023/2/19 04:09:52,0,0,0,0,0,-0.323595285,-0.345744103,0,0,0,0.037226278334856,0,0
3912,2023/2/19 04:09:56,0,0,0,0,0,-0.323595285,-0.345744103,0,0,0,0.037226278334856,0,0
3913,2023/2/19 04:10:00,0,0,0,0,0,-0.323595285,-0.345744103,0,0,0,0.037226278334856,0,0
3914,2023/2/19 04:10:04,0,0,0,0,0,-0.323595285,-0.345744103,0,0,0,0.037226278334856,0,0
3915,2023/2/19 04:10:08,0,0,0,0,0,-0.323595285,-0.345744103,0,0,0,0.037226278334856,0,0
3916,2023/2/19 04:10:12,0,0,0,0,0,-0.323595285,-0.345744103,0,0,0,0.037226278334856,0,0
3917,2023/2/19 04:10:16,0,0,0,0,0,-0.323595285,-0.345744103,0,0,0,0.037226278334856,0,0
3918,2023/2/19 04:10:20,0,0,0,0,0,-0.323595285,-0.345744103,0,0,0,0.037226278334856,0,0
3919,2023/2/19 04:10:24,0,0,0,0,0,-0.323595285,-0.345744103,0,0,0,0.037226278334856,0,0
3920,2023/2/19 04:10:28,0,0,0,0,0,-0.323595285,-0.345744103,0,0,0,0.037226278334856,0,0
3921,2023/2/19 04:10:32,0,0,0,0,0,-0.323595285,-0.345744103,0,0,0,0.037226278334856,0,0
3922,2023/2/19 04:10:36,0,0,0,0,0,-0.323595285,-0.345744103,0,0,0,0.037226278334856,0,0
3923,2023/2/19 04:10:40,0,0,0,0,0,-0.323595285,-0.345744103,0,0,0,0.037226278334856,0,0
3924,2023/2/19 04:10:44,0,0,0,0,0,-0.323595285,-0.345744103,0,0,0,0.037226278334856,0,0
3925,2023/2/19 04:10:48,0,0,0,0,0,-0.323595285,-0.345744103,0,0,0,0.037226278334856,0,0
3926,2023/2/19 04:10:52,0,0,0,0,0,-0.323595285,-0.345744103,0,0,0,0.037226278334856,0,0
3927,2023/2/19 04:10:56,0,0,0,0,0,-0.323595285,-0.345744103,0,0,0,0.037226278334856,0,0
3928,2023/2/19 04:11:00,0,0,0,0,0,-0.323595285,-0.345744103,0,0,0,0.037226278334856,0,0
3929,2023/2/19 04:11:04,0,0,0,0,0,-0.323595285,-0.345744103,0,0,0,0.037226278334856,0,0
3930,2023/2/19 04:11:08,0,0,0,0,0,-0.323595285,-0.345744103,0,0,0,0.037226278334856,0,0
3931,2023/2/19 04:11:12,0,0,0,0,0,-0.323595285,-0.345744103,0,0,0,0.037226278334856,0,0
3932,2023/2/19 04:11:16,0,0,0,0,0,-0.323595285,-0.345744103,0,0,0,0.037226278334856,0,0
3933,2023/2/19 04:11:20,0,0,0,0,0,-0.323595285,-0.345744103,0,0,0,0.037226278334856,0,0
3934,2023/2/19 04:11:24,0,0,0,0,0,-0.323595285,-0.345744103,0,0,0,0.037226278334856,0,0
3935,2023/2/19 04:11:28,0,0,0,0,0,-0.323595285,-0.345744103,0,0,0,0.037226278334856,0,0
3936,2023/2/19 04:11:32,0,0,0,0,0,-0.323595285,-0.345744103,0,0,0,0.037226278334856,0,0
3937,2023/2/19 04:11:36,0,0,0,0,0,-0.323595285,-0.345744103,0,0,0,0.037226278334856,0,0
3938,2023/2/19 04:11:40,0,0,0,0,0,-0.323595285,-0.345744103,0,0,0,0.037226278334856,0,0
3939,2023/2/19 04:11:44,0,0,0,0,0,-0.323595285,-0.345744103,0,0,0,0.037226278334856,0,0
3940,2023/2/19 04:11:48,0,0,0,0,0,-0.323595285,-0.345744103,0,0,0,0.037226278334856,0,0
3941,2023/2/19 04:11:52,0,0,0,0,0,-0.323595285,-0.345744103,0,0,0,0.037226278334856,0,0
3942,2023/2/19 04:11:56,0,0,0,0,0,-0.323595285,-0.345744103,0,0,0,0.037226278334856,0,0
3943,2023/2/19 04:12:00,0,0,0,0,0,-0.323595285,-0.345744103,0,0,0,0.037226278334856,0,0
3944,2023/2/19 04:12:04,0,0,0,0,0,-0.323595285,-0.345744103,0,0,0,0.037226278334856,0,0
3945,2023/2/19 04:12:08,0,0,0,0,0,-0.323595285,-0.345744103,0,0,0,0.037226278334856,0,0
3946,2023/2/19 04:12:12,0,0,0,0,0,-0.323595285,-0.345744103,0,0,0,0.037226278334856,0,0
3947,2023/2/19 04:12:16,0,0,0,0,0,-0.323595285,-0.345744103,0,0,0,0.037226278334856,0,0
3948,2023/2/19 04:12:20,0,0,0,0,0,-0.323595285,-0.345744103,0,0,0,0.037226278334856,0,0
3949,2023/2/19 04:12:24,0,0,0,0,0,-0.323595285,-0.345744103,0,0,0,0.037226278334856,0,0
3950,2023/2/19 04:12:28,0,0,0,0,0,-0.323595285,-0.345744103,0,0,0,0.037226278334856,0,0
3951,2023/2/19 04:12:32,0,0,0,0,0,-0.323595285,-0.345744103,0,0,0,0.037226278334856,0,0
3952,2023/2/19 04:12:36,0,0,0,0,0,-0.323595285,-0.345744103,0,0,0,0.037226278334856,0,0
3953,2023/2/19 04:12:40,0,0,0,0,0,-0.323595285,-0.345744103,0,0,0,0.037226278334856,0,0
3954,2023/2/19 04:12:44,0,0,0,0,0,-0.323595285,-0.345744103,0,0,0,0.037226278334856,0,0
3955,2023/2/19 04:12:48,0,0,0,0,0,-0.323595285,-0.345744103,0,0,0,0.037226278334856,0,0
3956,2023/2/19 04:12:52,0,0,0,0,0,-0.323595285,-0.345744103,0,0,0,0.037226278334856,0,0
3957,2023/2/19 04:12:56,0,0,0,0,0,-0.323595285,-0.345744103,0,0,0,0.037226278334856,0,0
3958,2023/2/19 04:13:00,0,0,0,0,0,-0.323595285,-0.345744103,0,0,0,0.037226278334856,0,0
3959,2023/2/19 04:13:04,0,0,0,0,0,-0.323595285,-0.345744103,0,0,0,0.037226278334856,0,0
3960,2023/2/19 04:13:08,0,0,0,0,0,-0.323595285,-0.345744103,0,0,0,0.037226278334856,0,0
3961,2023/2/19 04:13:12,0,0,0,0,0,-0.323595285,-0.345744103,0,0,0,0.037226278334856,0,0
3962,2023/2/19 04:13:16,0,0,0,0,0,-0.323595285,-0.345744103,0,0,0,0.037226278334856,0,0
3963,2023/2/19 04:13:20,0,0,0,0,0,-0.323595285,-0.345744103,0,0,0,0.037226278334856,0,0
3964,2023/2/19 04:13:24,0,0,0,0,0,-0.323595285,-0.345744103,0,0,0,0.037226278334856,0,0
3965,2023/2/19 04:13:28,0,0,0,0,0,-0.323595285,-0.345744103,0,0,0,0.037226278334856,0,0
3966,2023/2/19 04:13:32,0,0,0,0,0,-0.323595285,-0.345744103,0,0,0,0.037226278334856,0,0
3967,2023/2/19 04:13:36,0,0,0,0,0,-0.323595285,-0.345744103,0,0,0,0.037226278334856,0,0
3968,2023/2/19 04:13:40,0,0,0,0,0,-0.323595285,-0.345744103,0,0,0,0.037226278334856,0,0
3969,2023/2/19 04:13:44,0,0,0,0,0,-0.323595285,-0.345744103,0,0,0,0.037226278334856,0,0
3970,2023/2/19 04:13:48,0,0,0,0,0,-0.323595285,-0.345744103,0,0,0,0.037226278334856,0,0
3971,2023/2/19 04:13:52,0,0,0,0,0,-0.323595285,-0.345744103,0,0,0,0.037226278334856,0,0
3972,2023/2/19 04:13:56,0,0,0,0,0,-0.323595285,-0.345744103,0,0,0,0.037226278334856,0,0
3973,2023/2/19 04:14:00,0,0,0,0,0,-0.323595285,-0.345744103,0,0,0,0.037226278334856,0,0
3974,2023/2/19 04:14:04,0,0,0,0,0,-0.323595285,-0.345744103,0,0,0,0.037226278334856,0,0
3975,2023/2/19 04:14:08,0,0,0,0,0,-0.323595285,-0.345744103,0,0,0,0.037226278334856,0,0
3976,2023/2/19 04:14:12,0,0,0,0,0,-0.323595285,-0.345744103,0,0,0,0.037226278334856,0,0
3977,2023/2/19 04:14:16,0,0,0,0,0,-0.323595285,-0.345744103,0,0,0,0.037226278334856,0,0
3978,2023/2/19 04:14:20,0,0,0,0,0,-0.323595285,-0.345744103,0,0,0,0.037226278334856,0,0
3979,2023/2/19 04:14:24,0,0,0,0,0,-0.323595285,-0.345744103,0,0,0,0.037226278334856,0,0
3980,2023/2/19 04:14:28,0,0,0,0,0,-0.323595285,-0.345744103,0,0,0,0.037226278334856,0,0
3981,2023/2/19 04:14:32,0,0,0,0,0,-0.323595285,-0.345744103,0,0,0,0.037226278334856,0,0
3982,2023/2/19 04:14:36,0,0,0,0,0,-0.323595285,-0.345744103,0,0,0,0.037226278334856,0,0
3983,2023/2/19 04:14:40,0,0,0,0,0,-0.323595285,-0.345744103,0,0,0,0.037226278334856,0,0
3984,2023/2/19 04:14:44,0,0,0,0,0,-0.323595285,-0.345744103,0,0,0,0.037226278334856,0,0
3985,2023/2/19 04:14:48,0,0,0,0,0,-0.323595285,-0.345744103,0,0,0,0.037226278334856,0,0
3986,2023/2/19 04:14:52,0,0,0,0,0,-0.323595285,-0.345744103,0,0,0,0.037226278334856,0,0
3987,2023/2/19 04:14:56,0,0,0,0,0,-0.323595285,-0.345744103,0,0,0,0.037226278334856,0,0
3988,2023/2/19 04:15:00,0,0,0,0,0,-0.323595285,-0.345744103,0,0,0,0.037226278334856,0,0
3989,2023/2/19 04:15:04,0,0,0,0,0,-0.323595285,-0.345744103,0,0,0,0.037226278334856,0,0
3990,2023/2/19 04:15:08,0,0,0,0,0,-0.323595285,-0.345744103,0,0,0,0.037226278334856,0,0
3991,2023/2/19 04:15:12,0,0,0,0,0,-0.323595285,-0.345744103,0,0,0,0.037226278334856,0,0
3992,2023/2/19 04:15:16,0,0,0,0,0,-0.323595285,-0.345744103,0,0,0,0.037226278334856,0,0
3993,2023/2/19 04:15:20,0,0,0,0,0,-0.323595285,-0.345744103,0,0,0,0.037226278334856,0,0
3994,2023/2/19 04:15:24,0,0,0,0,0,-0.323595285,-0.345744103,0,0,0,0.037226278334856,0,0
3995,2023/2/19 04:15:28,0,0,0,0,0,-0.323595285,-0.345744103,0,0,0,0.037226278334856,0,0
3996,2023/2/19 04:15:32,0,0,0,0,0,-0.323595285,-0.345744103,0,0,0,0.037226278334856,0,0
3997,2023/2/19 04:15:36,0,0,0,0,0,-0.323595285,-0.345744103,0,0,0,0.037226278334856,0,0
3998,2023/2/19 04:15:40,0,0,0,0,0,-0.323595285,-0.345744103,0,0,0,0.037226278334856,0,0
3999,2023/2/19 04:15:44,0,0,0,0,0,-0.323595285,-0.345744103,0,0,0,0.037226278334856,0,0
4000,2023/2/19 04:15:48,0,0,0,0,0,-0.323595285,-0.345744103,0,0,0,0.037226278334856,0,0
4001,2023/2/19 04:15:52,0,0,0,0,0,-0.323595285,-0.345744103,0,0,0,0.037226278334856,0,0
4002,2023/2/19 04:15:56,0,0,0,0,0,-0.323595285,-0.345744103,0,0,0,0.037226278334856,0,0
4003,2023/2/19 04:16:00,0,0,0,0,0,-0.323595285,-0.345744103,0,0,0,0.037226278334856,0,0
4004,2023/2/19 04:16:04,0,0,0,0,0,-0.323595285,-0.345744103,0,0,0,0.037226278334856,0,0
4005,2023/2/19 04:16:08,0,0,0,0,0,-0.323595285,-0.345744103,0,0,0,0.037226278334856,0,0
4006,2023/2/19 04:16:12,0,0,0,0,0,-0.323595285,-0.345744103,0,0,0,0.037226278334856,0,0
4007,2023/2/19 04:16:16,0,0,0,0,0,-0.323595285,-0.345744103,0,0,0,0.037226278334856,0,0
4008,2023/2/19 04:16:20,0,0,0,0,0,-0.323595285,-0.345744103,0,0,0,0.037226278334856,0,0
4009,2023/2/19 04:16:24,0,0,0,0,0,-0.323595285,-0.345744103,0,0,0,0.037226278334856,0,0
4010,2023/2/19 04:16:28,0,0,0,0,0,-0.323595285,-0.345744103,0,0,0,0.037226278334856,0,0
4011,2023/2/19 04:16:32,0,0,0,0,0,-0.323595285,-0.345744103,0,0,0,0.037226278334856,0,0
4012,2023/2/19 04:16:36,0,0,0,0,0,-0.323595285,-0.345744103,0,0,0,0.037226278334856,0,0
4013,2023/2/19 04:16:40,0,0,0,0,0,-0.323595285,-0.345744103,0,0,0,0.037226278334856,0,0
4014,2023/2/19 04:16:44,0,0,0,0,0,-0.323595285,-0.345744103,0,0,0,0.037226278334856,0,0
4015,2023/2/19 04:16:48,0,0,0,0,0,-0.323595285,-0.345744103,0,0,0,0.037226278334856,0,0
4016,2023/2/19 04:16:52,0,0,0,0,0,-0.323595285,-0.345744103,0,0,0,0.037226278334856,0,0
4017,2023/2/19 04:16:56,0,0,0,0,0,-0.323595285,-0.345744103,0,0,0,0.037226278334856,0,0
4018,2023/2/19 04:17:00,0,0,0,0,0,-0.323595285,-0.345744103,0,0,0,0.037226278334856,0,0
4019,2023/2/19 04:17:04,0,0,0,0,0,-0.323595285,-0.345744103,0,0,0,0.037226278334856,0,0
4020,2023/2/19 04:17:08,0,0,0,0,0,-0.323595285,-0.345744103,0,0,0,0.037226278334856,0,0
4021,2023/2/19 04:17:12,0,0,0,0,0,-0.323595285,-0.345744103,0,0,0,0.037226278334856,0,0
4022,2023/2/19 04:17:16,0,0,0,0,0,-0.323595285,-0.345744103,0,0,0,0.037226278334856,0,0
4023,2023/2/19 04:17:20,0,0,0,0,0,-0.323595285,-0.345744103,0,0,0,0.037226278334856,0,0
4024,2023/2/19 04:17:24,0,0,0,0,0,-0.323595285,-0.345744103,0,0,0,0.037226278334856,0,0
4025,2023/2/19 04:17:28,0,0,0,0,0,-0.323595285,-0.345744103,0,0,0,0.037226278334856,0,0
4026,2023/2/19 04:17:32,0,0,0,0,0,-0.323595285,-0.345744103,0,0,0,0.037226278334856,0,0
4027,2023/2/19 04:17:36,0,0,0,0,0,-0.323595285,-0.345744103,0,0,0,0.037226278334856,0,0
4028,2023/2/19 04:17:40,0,0,0,0,0,-0.323595285,-0.345744103,0,0,0,0.037226278334856,0,0
4029,2023/2/19 04:17:44,0,0,0,0,0,-0.323595285,-0.345744103,0,0,0,0.037226278334856,0,0
4030,2023/2/19 04:17:48,0,0,0,0,0,-0.323595285,-0.345744103,0,0,0,0.037226278334856,0,0
4031,2023/2/19 04:17:52,0,0,0,0,0,-0.323595285,-0.345744103,0,0,0,0.037226278334856,0,0
4032,2023/2/19 04:17:56,0,0,0,0,0,-0.323595285,-0.345744103,0,0,0,0.037226278334856,0,0
4033,2023/2/19 04:18:00,0,0,0,0,0,-0.323595285,-0.345744103,0,0,0,0.037226278334856,0,0
4034,2023/2/19 04:18:04,0,0,0,0,0,-0.323595285,-0.345744103,0,0,0,0.037226278334856,0,0
4035,2023/2/19 04:18:08,0,0,0,0,0,-0.323595285,-0.345744103,0,0,0,0.0558394193649292,0,0
4036,2023/2/19 04:18:12,0,0,0,0,0,-0.323595285,-0.345744103,0,0,0,0.037226278334856,0,0
4037,2023/2/19 04:18:16,0,0,0,0,0,-0.323595285,-0.345744103,0,0,0,0.037226278334856,0,0
4038,2023/2/19 04:18:20,0,0,0,0,0,-0.323595285,-0.345744103,0,0,0,0.037226278334856,0,0
4039,2023/2/19 04:18:24,0,0,0,0,0,-0.323595285,-0.345744103,0,0,0,0.037226278334856,0,0
4040,2023/2/19 04:18:28,0,0,0,0,0,-0.323595285,-0.345744103,0,0,0,0.037226278334856,0,0
4041,2023/2/19 04:18:32,0,0,0,0,0,-0.323595285,-0.345744103,0,0,0,0.037226278334856,0,0
4042,2023/2/19 04:18:36,0,0,0,0,0,-0.323595285,-0.345744103,0,0,0,0.037226278334856,0,0
4043,2023/2/19 04:18:40,0,0,0,0,0,-0.323595285,-0.345744103,0,0,0,0.037226278334856,0,0
4044,2023/2/19 04:18:44,0,0,0,0,0,-0.323595285,-0.345744103,0,0,0,0.037226278334856,0,0
4045,2023/2/19 04:18:48,0,0,0,0,0,-0.323595285,-0.345744103,0,0,0,0.037226278334856,0,0
4046,2023/2/19 04:18:52,0,0,0,0,0,-0.323595285,-0.345744103,0,0,0,0.037226278334856,0,0
4047,2023/2/19 04:18:56,0,0,0,0,0,-0.323595285,-0.345744103,0,0,0,0.037226278334856,0,0
4048,2023/2/19 04:19:00,0,0,0,0,0,-0.323595285,-0.345744103,0,0,0,0.037226278334856,0,0
4049,2023/2/19 04:19:04,0,0,0,0,0,-0.323595285,-0.345744103,0,0,0,0.037226278334856,0,0
4050,2023/2/19 04:19:08,0,0,0,0,0,-0.323595285,-0.345744103,0,0,0,0.037226278334856,0,0
4051,2023/2/19 04:19:12,0,0,0,0,0,-0.323595285,-0.345744103,0,0,0,0.037226278334856,0,0
4052,2023/2/19 04:19:16,0,0,0,0,0,-0.323595285,-0.345744103,0,0,0,0.037226278334856,0,0
4053,2023/2/19 04:19:20,0,0,0,0,0,-0.323595285,-0.345744103,0,0,0,0.037226278334856,0,0
4054,2023/2/19 04:19:24,0,0,0,0,0,-0.323595285,-0.345744103,0,0,0,0.037226278334856,0,0
4055,2023/2/19 04:19:28,0,0,0,0,0,-0.323595285,-0.345744103,0,0,0,0.037226278334856,0,0
4056,2023/2/19 04:19:32,0,0,0,0,0,-0.323595285,-0.345744103,0,0,0,0.037226278334856,0,0
4057,2023/2/19 04:19:36,0,0,0,0,0,-0.323595285,-0.345744103,0,0,0,0.037226278334856,0,0
4058,2023/2/19 04:19:40,0,0,0,0,0,-0.323595285,-0.345744103,0,0,0,0.037226278334856,0,0
4059,2023/2/19 04:19:44,0,0,0,0,0,-0.323595285,-0.345744103,0,0,0,0.037226278334856,0,0
4060,2023/2/19 04:19:48,0,0,0,0,0,-0.323595285,-0.345744103,0,0,0,0.037226278334856,0,0
4061,2023/2/19 04:19:52,0,0,0,0,0,-0.323595285,-0.345744103,0,0,0,0.037226278334856,0,0
4062,2023/2/19 04:19:56,0,0,0,0,0,-0.323595285,-0.345744103,0,0,0,0.037226278334856,0,0
4063,2023/2/19 04:20:00,0,0,0,0,0,-0.323595285,-0.345744103,0,0,0,0.037226278334856,0,0
4064,2023/2/19 04:20:04,0,0,0,0,0,-0.323595285,-0.345744103,0,0,0,0.037226278334856,0,0
4065,2023/2/19 04:20:08,0,0,0,0,0,-0.323595285,-0.345744103,0,0,0,0.037226278334856,0,0
4066,2023/2/19 04:20:12,0,0,0,0,0,-0.323595285,-0.345744103,0,0,0,0.037226278334856,0,0
4067,2023/2/19 04:20:16,0,0,0,0,0,-0.323595285,-0.345744103,0,0,0,0.037226278334856,0,0
4068,2023/2/19 04:20:20,0,0,0,0,0,-0.323595285,-0.345744103,0,0,0,0.037226278334856,0,0
4069,2023/2/19 04:20:24,0,0,0,0,0,-0.323595285,-0.345744103,0,0,0,0.037226278334856,0,0
4070,2023/2/19 04:20:28,0,0,0,0,0,-0.323595285,-0.345744103,0,0,0,0.037226278334856,0,0
4071,2023/2/19 04:20:32,0,0,0,0,0,-0.323595285,-0.345744103,0,0,0,0.037226278334856,0,0
4072,2023/2/19 04:20:36,0,0,0,0,0,-0.323595285,-0.345744103,0,0,0,0.037226278334856,0,0
4073,2023/2/19 04:20:40,0,0,0,0,0,-0.323595285,-0.345744103,0,0,0,0.037226278334856,0,0
4074,2023/2/19 04:20:44,0,0,0,0,0,-0.323595285,-0.345744103,0,0,0,0.037226278334856,0,0
4075,2023/2/19 04:20:48,0,0,0,0,0,-0.323595285,-0.345744103,0,0,0,0.037226278334856,0,0
4076,2023/2/19 04:20:52,0,0,0,0,0,-0.323595285,-0.345744103,0,0,0,0.037226278334856,0,0
4077,2023/2/19 04:20:56,0,0,0,0,0,-0.323595285,-0.345744103,0,0,0,0.037226278334856,0,0
4078,2023/2/19 04:21:00,0,0,0,0,0,-0.323595285,-0.345744103,0,0,0,0.037226278334856,0,0
4079,2023/2/19 04:21:04,0,0,0,0,0,-0.323595285,-0.345744103,0,0,0,0.037226278334856,0,0
4080,2023/2/19 04:21:08,0,0,0,0,0,-0.323595285,-0.345744103,0,0,0,0.037226278334856,0,0
4081,2023/2/19 04:21:12,0,0,0,0,0,-0.323595285,-0.345744103,0,0,0,0.037226278334856,0,0
4082,2023/2/19 04:21:16,0,0,0,0,0,-0.323595285,-0.345744103,0,0,0,0.037226278334856,0,0
4083,2023/2/19 04:21:20,0,0,0,0,0,-0.323595285,-0.345744103,0,0,0,0.037226278334856,0,0
4084,2023/2/19 04:21:24,0,0,0,0,0,-0.323595285,-0.345744103,0,0,0,0.037226278334856,0,0
4085,2023/2/19 04:21:28,0,0,0,0,0,-0.323595285,-0.345744103,0,0,0,0.037226278334856,0,0
4086,2023/2/19 04:21:32,0,0,0,0,0,-0.323595285,-0.345744103,0,0,0,0.037226278334856,0,0
4087,2023/2/19 04:21:36,0,0,0,0,0,-0.323595285,-0.345744103,0,0,0,0.037226278334856,0,0
4088,2023/2/19 04:21:40,0,0,0,0,0,-0.323595285,-0.345744103,0,0,0,0.037226278334856,0,0
4089,2023/2/19 04:21:44,0,0,0,0,0,-0.323595285,-0.345744103,0,0,0,0.037226278334856,0,0
4090,2023/2/19 04:21:48,0,0,0,0,0,-0.323595285,-0.345744103,0,0,0,0.037226278334856,0,0
4091,2023/2/19 04:21:52,0,0,0,0,0,-0.323595285,-0.345744103,0,0,0,0.037226278334856,0,0
4092,2023/2/19 04:21:56,0,0,0,0,0,-0.323595285,-0.345744103,0,0,0,0.037226278334856,0,0
4093,2023/2/19 04:22:00,0,0,0,0,0,-0.323595285,-0.345744103,0,0,0,0.037226278334856,0,0
4094,2023/2/19 04:22:04,0,0,0,0,0,-0.323595285,-0.345744103,0,0,0,0.037226278334856,0,0
4095,2023/2/19 04:22:08,0,0,0,0,0,-0.323595285,-0.345744103,0,0,0,0.037226278334856,0,0
4096,2023/2/19 04:22:12,0,0,0,0,0,-0.323595285,-0.345744103,0,0,0,0.037226278334856,0,0
4097,2023/2/19 04:22:16,0,0,0,0,0,-0.323595285,-0.345744103,0,0,0,0.037226278334856,0,0
4098,2023/2/19 04:22:20,0,0,0,0,0,-0.323595285,-0.345744103,0,0,0,0.037226278334856,0,0
4099,2023/2/19 04:22:24,0,0,0,0,0,-0.323595285,-0.345744103,0,0,0,0.037226278334856,0,0
4100,2023/2/19 04:22:28,0,0,0,0,0,-0.323595285,-0.345744103,0,0,0,0.037226278334856,0,0
4101,2023/2/19 04:22:32,0,0,0,0,0,-0.323595285,-0.345744103,0,0,0,0.037226278334856,0,0
4102,2023/2/19 04:22:36,0,0,0,0,0,-0.323595285,-0.345744103,0,0,0,0.037226278334856,0,0
4103,2023/2/19 04:22:40,0,0,0,0,0,-0.323595285,-0.345744103,0,0,0,0.037226278334856,0,0
4104,2023/2/19 04:22:44,0,0,0,0,0,-0.323595285,-0.345744103,0,0,0,0.037226278334856,0,0
4105,2023/2/19 04:22:48,0,0,0,0,0,-0.323595285,-0.345744103,0,0,0,0.037226278334856,0,0
4106,2023/2/19 04:22:52,0,0,0,0,0,-0.323595285,-0.345744103,0,0,0,0.037226278334856,0,0
4107,2023/2/19 04:22:56,0,0,0,0,0,-0.323595285,-0.345744103,0,0,0,0.037226278334856,0,0
4108,2023/2/19 04:23:00,0,0,0,0,0,-0.323595285,-0.345744103,0,0,0,0.037226278334856,0,0
4109,2023/2/19 04:23:04,0,0,0,0,0,-0.323595285,-0.345744103,0,0,0,0.037226278334856,0,0
4110,2023/2/19 04:23:08,0,0,0,0,0,-0.323595285,-0.345744103,0,0,0,0.037226278334856,0,0
4111,2023/2/19 04:23:12,0,0,0,0,0,-0.323595285,-0.345744103,0,0,0,0.037226278334856,0,0
4112,2023/2/19 04:23:16,0,0,0,0,0,-0.323595285,-0.345744103,0,0,0,0.037226278334856,0,0
4113,2023/2/19 04:23:20,0,0,0,0,0,-0.323595285,-0.345744103,0,0,0,0.037226278334856,0,0
4114,2023/2/19 04:23:24,0,0,0,0,0,-0.323595285,-0.345744103,0,0,0,0.037226278334856,0,0
4115,2023/2/19 04:23:28,0,0,0,0,0,-0.323595285,-0.345744103,0,0,0,0.037226278334856,0,0
4116,2023/2/19 04:23:32,0,0,0,0,0,-0.323595285,-0.345744103,0,0,0,0.037226278334856,0,0
4117,2023/2/19 04:23:36,0,0,0,0,0,-0.323595285,-0.345744103,0,0,0,0.037226278334856,0,0
4118,2023/2/19 04:23:40,0,0,0,0,0,-0.323595285,-0.345744103,0,0,0,0.037226278334856,0,0
4119,2023/2/19 04:23:44,0,0,0,0,0,-0.323595285,-0.345744103,0,0,0,0.037226278334856,0,0
4120,2023/2/19 04:23:48,0,0,0,0,0,-0.323595285,-0.345744103,0,0,0,0.037226278334856,0,0
4121,2023/2/19 04:23:52,0,0,0,0,0,-0.323595285,-0.345744103,0,0,0,0.037226278334856,0,0
4122,2023/2/19 04:23:56,0,0,0,0,0,-0.323595285,-0.345744103,0,0,0,0.037226278334856,0,0
4123,2023/2/19 04:24:00,0,0,0,0,0,-0.323595285,-0.345744103,0,0,0,0.037226278334856,0,0
4124,2023/2/19 04:24:04,0,0,0,0,0,-0.323595285,-0.345744103,0,0,0,0.037226278334856,0,0
4125,2023/2/19 04:24:08,0,0,0,0,0,-0.323595285,-0.345744103,0,0,0,0.037226278334856,0,0
4126,2023/2/19 04:24:12,0,0,0,0,0,-0.323595285,-0.345744103,0,0,0,0.037226278334856,0,0
4127,2023/2/19 04:24:16,0,0,0,0,0,-0.323595285,-0.345744103,0,0,0,0.037226278334856,0,0
4128,2023/2/19 04:24:20,0,0,0,0,0,-0.323595285,-0.345744103,0,0,0,0.037226278334856,0,0
4129,2023/2/19 04:24:24,0,0,0,0,0,-0.323595285,-0.345744103,0,0,0,0.037226278334856,0,0
4130,2023/2/19 04:24:28,0,0,0,0,0,-0.323595285,-0.345744103,0,0,0,0.037226278334856,0,0
4131,2023/2/19 04:24:32,0,0,0,0,0,-0.323595285,-0.345744103,0,0,0,0.037226278334856,0,0
4132,2023/2/19 04:24:36,0,0,0,0,0,-0.323595285,-0.345744103,0,0,0,0.037226278334856,0,0
4133,2023/2/19 04:24:40,0,0,0,0,0,-0.323595285,-0.345744103,0,0,0,0.037226278334856,0,0
4134,2023/2/19 04:24:44,0,0,0,0,0,-0.323595285,-0.345744103,0,0,0,0.037226278334856,0,0
4135,2023/2/19 04:24:48,0,0,0,0,0,-0.323595285,-0.345744103,0,0,0,0.037226278334856,0,0
4136,2023/2/19 04:24:52,0,0,0,0,0,-0.323595285,-0.345744103,0,0,0,0.037226278334856,0,0
4137,2023/2/19 04:24:56,0,0,0,0,0,-0.323595285,-0.345744103,0,0,0,0.037226278334856,0,0
4138,2023/2/19 04:25:00,0,0,0,0,0,-0.323595285,-0.345744103,0,0,0,0.037226278334856,0,0
4139,2023/2/19 04:25:04,0,0,0,0,0,-0.323595285,-0.345744103,0,0,0,0.037226278334856,0,0
4140,2023/2/19 04:25:08,0,0,0,0,0,-0.323595285,-0.345744103,0,0,0,0.037226278334856,0,0
4141,2023/2/19 04:25:12,0,0,0,0,0,-0.323595285,-0.345744103,0,0,0,0.037226278334856,0,0
4142,2023/2/19 04:25:16,0,0,0,0,0,-0.323595285,-0.345744103,0,0,0,0.037226278334856,0,0
4143,2023/2/19 04:25:20,0,0,0,0,0,-0.323595285,-0.345744103,0,0,0,0.037226278334856,0,0
4144,2023/2/19 04:25:24,0,0,0,0,0,-0.323595285,-0.345744103,0,0,0,0.037226278334856,0,0
4145,2023/2/19 04:25:28,0,0,0,0,0,-0.323595285,-0.345744103,0,0,0,0.037226278334856,0,0
4146,2023/2/19 04:25:32,0,0,0,0,0,-0.323595285,-0.345744103,0,0,0,0.037226278334856,0,0
4147,2023/2/19 04:25:36,0,0,0,0,0,-0.323595285,-0.345744103,0,0,0,0.037226278334856,0,0
4148,2023/2/19 04:25:40,0,0,0,0,0,-0.323595285,-0.345744103,0,0,0,0.037226278334856,0,0
4149,2023/2/19 04:25:44,0,0,0,0,0,-0.323595285,-0.345744103,0,0,0,0.037226278334856,0,0
4150,2023/2/19 04:25:48,0,0,0,0,0,-0.323595285,-0.345744103,0,0,0,0.037226278334856,0,0
4151,2023/2/19 04:25:52,0,0,0,0,0,-0.323595285,-0.345744103,0,0,0,0.037226278334856,0,0
4152,2023/2/19 04:25:56,0,0,0,0,0,-0.323595285,-0.345744103,0,0,0,0.037226278334856,0,0
4153,2023/2/19 04:26:00,0,0,0,0,0,-0.323595285,-0.345744103,0,0,0,0.037226278334856,0,0
4154,2023/2/19 04:26:04,0,0,0,0,0,-0.323595285,-0.345744103,0,0,0,0.037226278334856,0,0
4155,2023/2/19 04:26:08,0,0,0,0,0,-0.323595285,-0.345744103,0,0,0,0.037226278334856,0,0
4156,2023/2/19 04:26:12,0,0,0,0,0,-0.323595285,-0.345744103,0,0,0,0.037226278334856,0,0
4157,2023/2/19 04:26:16,0,0,0,0,0,-0.323595285,-0.345744103,0,0,0,0.037226278334856,0,0
4158,2023/2/19 04:26:20,0,0,0,0,0,-0.323595285,-0.345744103,0,0,0,0.037226278334856,0,0
4159,2023/2/19 04:26:24,0,0,0,0,0,-0.323595285,-0.345744103,0,0,0,0.037226278334856,0,0
4160,2023/2/19 04:26:28,0,0,0,0,0,-0.323595285,-0.345744103,0,0,0,0.037226278334856,0,0
4161,2023/2/19 04:26:32,0,0,0,0,0,-0.323595285,-0.345744103,0,0,0,0.037226278334856,0,0
4162,2023/2/19 04:26:36,0,0,0,0,0,-0.323595285,-0.345744103,0,0,0,0.037226278334856,0,0
4163,2023/2/19 04:26:40,0,0,0,0,0,-0.323595285,-0.345744103,0,0,0,0.037226278334856,0,0
4164,2023/2/19 04:26:44,0,0,0,0,0,-0.323595285,-0.345744103,0,0,0,0.037226278334856,0,0
4165,2023/2/19 04:26:48,0,0,0,0,0,-0.323595285,-0.345744103,0,0,0,0.037226278334856,0,0
4166,2023/2/19 04:26:52,0,0,0,0,0,-0.323595285,-0.345744103,0,0,0,0.037226278334856,0,0
4167,2023/2/19 04:26:56,0,0,0,0,0,-0.323595285,-0.345744103,0,0,0,0.037226278334856,0,0
4168,2023/2/19 04:27:00,0,0,0,0,0,-0.323595285,-0.345744103,0,0,0,0.037226278334856,0,0
4169,2023/2/19 04:27:04,0,0,0,0,0,-0.323595285,-0.345744103,0,0,0,0.037226278334856,0,0
4170,2023/2/19 04:27:08,0,0,0,0,0,-0.323595285,-0.345744103,0,0,0,0.037226278334856,0,0
4171,2023/2/19 04:27:12,0,0,0,0,0,-0.323595285,-0.345744103,0,0,0,0.037226278334856,0,0
4172,2023/2/19 04:27:16,0,0,0,0,0,-0.323595285,-0.345744103,0,0,0,0.037226278334856,0,0
4173,2023/2/19 04:27:20,0,0,0,0,0,-0.323595285,-0.345744103,0,0,0,0.037226278334856,0,0
4174,2023/2/19 04:27:24,0,0,0,0,0,-0.323595285,-0.345744103,0,0,0,0.037226278334856,0,0
4175,2023/2/19 04:27:28,0,0,0,0,0,-0.323595285,-0.345744103,0,0,0,0.037226278334856,0,0
4176,2023/2/19 04:27:32,0,0,0,0,0,-0.323595285,-0.345744103,0,0,0,0.037226278334856,0,0
4177,2023/2/19 04:27:36,0,0,0,0,0,-0.323595285,-0.345744103,0,0,0,0.037226278334856,0,0
4178,2023/2/19 04:27:40,0,0,0,0,0,-0.323595285,-0.345744103,0,0,0,0.037226278334856,0,0
4179,2023/2/19 04:27:44,0,0,0,0,0,-0.323595285,-0.345744103,0,0,0,0.037226278334856,0,0
4180,2023/2/19 04:27:48,0,0,0,0,0,-0.323595285,-0.345744103,0,0,0,0.037226278334856,0,0
4181,2023/2/19 04:27:52,0,0,0,0,0,-0.323595285,-0.345744103,0,0,0,0.037226278334856,0,0
4182,2023/2/19 04:27:56,0,0,0,0,0,-0.323595285,-0.345744103,0,0,0,0.037226278334856,0,0
4183,2023/2/19 04:28:00,0,0,0,0,0,-0.323595285,-0.345744103,0,0,0,0.037226278334856,0,0
4184,2023/2/19 04:28:04,0,0,0,0,0,-0.323595285,-0.345744103,0,0,0,0.037226278334856,0,0
4185,2023/2/19 04:28:08,0,0,0,0,0,-0.323595285,-0.345744103,0,0,0,0.037226278334856,0,0
4186,2023/2/19 04:28:12,0,0,0,0,0,-0.323595285,-0.345744103,0,0,0,0.037226278334856,0,0
4187,2023/2/19 04:28:16,0,0,0,0,0,-0.323595285,-0.345744103,0,0,0,0.037226278334856,0,0
4188,2023/2/19 04:28:20,0,0,0,0,0,-0.323595285,-0.345744103,0,0,0,0.037226278334856,0,0
4189,2023/2/19 04:28:24,0,0,0,0,0,-0.323595285,-0.345744103,0,0,0,0.037226278334856,0,0
4190,2023/2/19 04:28:28,0,0,0,0,0,-0.323595285,-0.345744103,0,0,0,0.037226278334856,0,0
4191,2023/2/19 04:28:32,0,0,0,0,0,-0.323595285,-0.345744103,0,0,0,0.037226278334856,0,0
4192,2023/2/19 04:28:36,0,0,0,0,0,-0.323595285,-0.345744103,0,0,0,0.037226278334856,0,0
4193,2023/2/19 04:28:40,0,0,0,0,0,-0.323595285,-0.345744103,0,0,0,0.037226278334856,0,0
4194,2023/2/19 04:28:44,0,0,0,0,0,-0.323595285,-0.345744103,0,0,0,0.037226278334856,0,0
4195,2023/2/19 04:28:48,0,0,0,0,0,-0.323595285,-0.345744103,0,0,0,0.037226278334856,0,0
4196,2023/2/19 04:28:52,0,0,0,0,0,-0.323595285,-0.345744103,0,0,0,0.037226278334856,0,0
4197,2023/2/19 04:28:56,0,0,0,0,0,-0.323595285,-0.345744103,0,0,0,0.037226278334856,0,0
4198,2023/2/19 04:29:00,0,0,0,0,0,-0.323595285,-0.345744103,0,0,0,0.037226278334856,0,0
4199,2023/2/19 04:29:04,0,0,0,0,0,-0.323595285,-0.345744103,0,0,0,0.037226278334856,0,0
4200,2023/2/19 04:29:08,0,0,0,0,0,-0.323595285,-0.345744103,0,0,0,0.037226278334856,0,0
4201,2023/2/19 04:29:12,0,0,0,0,0,-0.323595285,-0.345744103,0,0,0,0.037226278334856,0,0
4202,2023/2/19 04:29:16,0,0,0,0,0,-0.323595285,-0.345744103,0,0,0,0.037226278334856,0,0
4203,2023/2/19 04:29:20,0,0,0,0,0,-0.323595285,-0.345744103,0,0,0,0.037226278334856,0,0
4204,2023/2/19 04:29:24,0,0,0,0,0,-0.323595285,-0.345744103,0,0,0,0.037226278334856,0,0
4205,2023/2/19 04:29:28,0,0,0,0,0,-0.323595285,-0.345744103,0,0,0,0.037226278334856,0,0
4206,2023/2/19 04:29:32,0,0,0,0,0,-0.323595285,-0.345744103,0,0,0,0.037226278334856,0,0
4207,2023/2/19 04:29:36,0,0,0,0,0,-0.323595285,-0.345744103,0,0,0,0.037226278334856,0,0
4208,2023/2/19 04:29:40,0,0,0,0,0,-0.323595285,-0.345744103,0,0,0,0.037226278334856,0,0
4209,2023/2/19 04:29:44,0,0,0,0,0,-0.323595285,-0.345744103,0,0,42.9768333435059,0.037226278334856,0,0
4210,2023/2/19 04:29:48,0,0,0,0,0,-0.323595285,-0.345744103,0,0,224.741241455078,0.558394193649292,0,0
4211,2023/2/19 04:29:52,0,0,0,0,0,-0.323595285,-0.345744103,0,0,220.009841918945,0.0558394193649292,0,0
4212,2023/2/19 04:29:56,0,0,0,0,0,-0.323595285,-0.345744103,0,0,220.009841918945,0.0558394193649292,0,0
4213,2023/2/19 04:30:00,0,0,0,0,0,-0.323595285,-0.345744103,0,0,220.40412902832,0.0558394193649292,0,0
4214,2023/2/19 04:30:04,0,0,0,0,0,-0.323595285,-0.345744103,0,0,220.009841918945,0.0558394193649292,0,0
4215,2023/2/19 04:30:08,0,0,0,0,0,-0.323595285,-0.345744103,0,0,220.40412902832,0.0558394193649292,0,0
4216,2023/2/19 04:30:12,0,0,0,0,0,-0.323595285,-0.345744103,0,0,220.009841918945,0.558394193649292,0,0
4217,2023/2/19 04:30:16,0,0,0,0,0,-0.323595285,-0.345744103,0,0,220.40412902832,0.0558394193649292,0,0
4218,2023/2/19 04:30:20,0,0,0,0,0,-0.323595285,-0.345744103,0,0,220.009841918945,0.0558394193649292,0,0
4219,2023/2/19 04:30:24,0,0,0,0,0,-0.323595285,-0.345744103,0,0,220.009841918945,0.0558394193649292,0,0
4220,2023/2/19 04:30:28,0,0,0,0,0,-0.323595285,-0.345744103,0,0,220.009841918945,0.0558394193649292,0,0
4221,2023/2/19 04:30:32,0,0,0,0,0,-0.323595285,-0.345744103,0,0,220.009841918945,0.0558394193649292,0,0
4222,2023/2/19 04:30:36,0,0,0,0,0,-0.323595285,-0.345744103,0,0,220.40412902832,0.0558394193649292,0,0
4223,2023/2/19 04:30:40,0,0,0,0,0,-0.323595285,-0.345744103,0,0,220.009841918945,0.0558394193649292,0,0
4224,2023/2/19 04:30:44,0,0,0,0,0,-0.323595285,-0.345744103,0,0,220.009841918945,0.0558394193649292,0,0
4225,2023/2/19 04:30:48,0,0,0,0,0,-0.323595285,-0.345744103,0,0,220.40412902832,0.0558394193649292,0,0
4226,2023/2/19 04:30:52,0,0,0,0,0,-0.323595285,-0.345744103,0,0,220.009841918945,0.0558394193649292,0,0
4227,2023/2/19 04:30:56,0,0,0,0,0,-0.323595285,-0.345744103,0,0,220.40412902832,0.0558394193649292,0,0
4228,2023/2/19 04:31:00,0,0,0,0,0,-0.323595285,-0.345744103,0,0,220.40412902832,0.0558394193649292,0,0
4229,2023/2/19 04:31:04,0,0,0,0,0,-0.323595285,-0.345744103,0,0,220.009841918945,0.0558394193649292,0,0
4230,2023/2/19 04:31:08,0,0,0,0,0,-0.323595285,-0.345744103,0,0,220.009841918945,0.0558394193649292,0,0
4231,2023/2/19 04:31:12,0,0,0,0,0,-0.323595285,-0.345744103,0,0,220.40412902832,0.0558394193649292,0,0
4232,2023/2/19 04:31:16,0,0,0,0,0,-0.323595285,-0.345744103,0,0,220.40412902832,0.0558394193649292,0,0
4233,2023/2/19 04:31:20,0,0,0,0,0,-0.323595285,-0.345744103,0,0,220.009841918945,0.0558394193649292,0,0
4234,2023/2/19 04:31:24,0,0,0,0,0,-0.323595285,-0.345744103,0,0,220.009841918945,0.0558394193649292,0,0
4235,2023/2/19 04:31:28,0,0,0,0,0,-0.323595285,-0.345744103,0,0,220.009841918945,0.0558394193649292,0,0
4236,2023/2/19 04:31:32,0,0,0,0,0,-0.323595285,-0.345744103,0,0,220.009841918945,0.0558394193649292,0,0
4237,2023/2/19 04:31:36,0,0,0,0,0,-0.323595285,-0.345744103,0,0,220.009841918945,0.0558394193649292,0,0
4238,2023/2/19 04:31:40,0,0,0,0,0,-0.323595285,-0.345744103,0,0,220.40412902832,0.0558394193649292,0,0
4239,2023/2/19 04:31:44,0,0,0,0,0,-0.323595285,-0.345744103,0,0,220.009841918945,0.0558394193649292,0,0
4240,2023/2/19 04:31:48,0,0,0,0,0,-0.323595285,-0.345744103,0,0,220.40412902832,0.0558394193649292,0,0
4241,2023/2/19 04:31:52,0,0,0,0,0,-0.323595285,-0.345744103,0,0,220.009841918945,0.0558394193649292,0,0
4242,2023/2/19 04:31:56,0,0,0,0,0,-0.323595285,-0.345744103,0,0,220.009841918945,0.0558394193649292,0,0
4243,2023/2/19 04:32:00,0,0,0,0,0,-0.323595285,-0.345744103,0,0,220.009841918945,0.0558394193649292,0,0
4244,2023/2/19 04:32:04,0,0,0,0,0,-0.323595285,-0.345744103,0,0,220.009841918945,0.0558394193649292,0,0
4245,2023/2/19 04:32:08,0,0,0,0,0,-0.323595285,-0.345744103,0,0,220.009841918945,0.0558394193649292,0,0
4246,2023/2/19 04:32:12,0,0,0,0,0,-0.323595285,-0.345744103,0,0,220.40412902832,0.558394193649292,0,0
4247,2023/2/19 04:32:16,0,0,0,0,0,-0.323595285,-0.345744103,0,0,220.40412902832,0.558394193649292,0,0
4248,2023/2/19 04:32:20,0,0,0,0,0,-0.323595285,-0.345744103,0,0,220.009841918945,0.558394193649292,0,0
4249,2023/2/19 04:32:24,0,0,0,0,0,-0.323595285,-0.345744103,0,0,220.009841918945,0.558394193649292,0,0
4250,2023/2/19 04:32:28,0,0,0,0,0,-0.323595285,-0.345744103,0,0,220.40412902832,0.558394193649292,0,0
4251,2023/2/19 04:32:32,0,0,0,0,0,-0.323595285,-0.345744103,0,0,220.009841918945,0.558394193649292,0,0
4252,2023/2/19 04:32:36,0,0,0,0,0,-0.323595285,-0.345744103,0,0,220.40412902832,0.558394193649292,0,0
4253,2023/2/19 04:32:40,0,0,0,0,0,-0.323595285,-0.345744103,0,0,220.009841918945,0.558394193649292,0,0
4254,2023/2/19 04:32:44,0,0,0,0,0,-0.323595285,-0.345744103,0,0,220.009841918945,0.558394193649292,0,0
4255,2023/2/19 04:32:48,0,0,0,0,0,-0.323595285,-0.345744103,0,0,220.009841918945,0.651459872722626,0,0
4256,2023/2/19 04:32:52,0,0,0,0,0,-0.323595285,-0.345744103,0,0,220.009841918945,0.558394193649292,0,0
4257,2023/2/19 04:32:56,0,0,0,0,0,-0.323595285,-0.345744103,0,0,220.009841918945,0.577007353305817,0,0
4258,2023/2/19 04:33:00,0,0,0,0,0,-0.323595285,-0.345744103,0,0,220.009841918945,0.558394193649292,0,0
4259,2023/2/19 04:33:04,0,0,0,0,0,-0.323595285,-0.345744103,0,0,220.009841918945,0.67007303237915,0,0
4260,2023/2/19 04:33:08,0,0,0,0,0,-0.323595285,-0.345744103,0,0,220.009841918945,0.558394193649292,0,0
4261,2023/2/19 04:33:12,0,0,0,0,0,-0.323595285,-0.345744103,0,0,220.009841918945,0.558394193649292,0,0
4262,2023/2/19 04:33:16,0,0,0,0,0,-0.323595285,-0.345744103,0,0,220.009841918945,0.558394193649292,0,0
4263,2023/2/19 04:33:20,0,0,0,0,0,-0.323595285,-0.345744103,0,0,220.009841918945,0.558394193649292,0,0
4264,2023/2/19 04:33:24,0,0,0,0,0,-0.323595285,-0.345744103,0,0,220.40412902832,0.558394193649292,0,0
4265,2023/2/19 04:33:28,0,0,0,0,0,-0.323595285,-0.345744103,0,0,220.009841918945,0.558394193649292,0,0
4266,2023/2/19 04:33:32,0,0,0,0,0,-0.323595285,-0.345744103,0,0,220.40412902832,0.67007303237915,0,0
4267,2023/2/19 04:33:36,0,0,0,0,0,-0.323595285,-0.345744103,0,0,220.009841918945,0.558394193649292,0,0
4268,2023/2/19 04:33:40,0,0,0,0,0,-0.323595285,-0.345744103,0,0,220.009841918945,0.558394193649292,0,0
4269,2023/2/19 04:33:44,0,0,0,0,0,-0.323595285,-0.345744103,0,0,220.009841918945,0.558394193649292,0,0
4270,2023/2/19 04:33:48,0,0,0,0,0,-0.323595285,-0.345744103,0,0,220.009841918945,0.558394193649292,0,0
4271,2023/2/19 04:33:52,0,0,0,0,0,-0.323595285,-0.345744103,0,0,220.009841918945,0.558394193649292,0,0
4272,2023/2/19 04:33:56,0,0,0,0,0,-0.323595285,-0.345744103,0,0,220.009841918945,0.558394193649292,0,0
4273,2023/2/19 04:34:00,0,0,0,0,0,-0.323595285,-0.345744103,0,0,220.009841918945,0.558394193649292,0,0
4274,2023/2/19 04:34:04,0,0,0,0,0,-0.323595285,-0.345744103,0,0,220.40412902832,0.558394193649292,0,0
4275,2023/2/19 04:34:08,0,0,0,0,0,-0.323595285,-0.345744103,0,0,220.40412902832,0.558394193649292,0,0
4276,2023/2/19 04:34:12,0,0,0,0,0,-0.323595285,-0.345744103,0,0,220.009841918945,0.558394193649292,0,0
4277,2023/2/19 04:34:16,0,0,0,0,0,-0.323595285,-0.345744103,0,0,220.40412902832,0.558394193649292,0,0
4278,2023/2/19 04:34:20,0,0,0,0,0,-0.323595285,-0.345744103,0,0,220.009841918945,0.558394193649292,0,0
4279,2023/2/19 04:34:24,0,0,0,0,0,-0.323595285,-0.345744103,0,0,220.40412902832,0.558394193649292,0,0
4280,2023/2/19 04:34:28,0,0,0,0,0,-0.323595285,-0.345744103,0,0,220.40412902832,0.558394193649292,0,0
4281,2023/2/19 04:34:32,0,0,0,0,0,-0.323595285,-0.345744103,0,0,220.40412902832,0.558394193649292,0,0
4282,2023/2/19 04:34:36,0,0,0,0,0,-0.323595285,-0.345744103,0,0,220.009841918945,0.558394193649292,0,0
4283,2023/2/19 04:34:40,0,0,0,0,0,-0.323595285,-0.345744103,0,0,220.40412902832,0.558394193649292,0,0
4284,2023/2/19 04:34:44,0,0,0,0,0,-0.323595285,-0.345744103,0,0,220.009841918945,0.558394193649292,0,0
4285,2023/2/19 04:34:48,0,0,0,0,0,-0.323595285,-0.345744103,0,0,220.40412902832,0.558394193649292,0,0
4286,2023/2/19 04:34:52,0,0,0,0,0,-0.323595285,-0.345744103,0,0,220.009841918945,0.558394193649292,0,0
4287,2023/2/19 04:34:56,0,0,0,0,0,-0.323595285,-0.345744103,0,0,220.009841918945,0.558394193649292,0,0
4288,2023/2/19 04:35:00,0,0,0,0,0,-0.323595285,-0.345744103,0,0,220.40412902832,0.558394193649292,0,0
4289,2023/2/19 04:35:04,0,0,0,0,0,-0.323595285,-0.345744103,0,0,220.40412902832,0.558394193649292,0,0
4290,2023/2/19 04:35:08,0,0,0,0,0,-0.323595285,-0.345744103,0,0,220.009841918945,0.558394193649292,0,0
4291,2023/2/19 04:35:12,0,0,0,0,0,-0.323595285,-0.345744103,0,0,220.40412902832,0.558394193649292,0,0
4292,2023/2/19 04:35:16,0,0,0,0,0,-0.323595285,-0.345744103,0,0,220.40412902832,0.558394193649292,0,0
4293,2023/2/19 04:35:20,0,0,0,0,0,-0.323595285,-0.345744103,0,0,220.40412902832,0.558394193649292,0,0
4294,2023/2/19 04:35:24,0,0,0,0,0,-0.323595285,-0.345744103,0,0,220.40412902832,0.558394193649292,0,0
4295,2023/2/19 04:35:28,0,0,0,0,0,-0.323595285,-0.345744103,0,0,220.009841918945,0.558394193649292,0,0
4296,2023/2/19 04:35:32,0,0,0,0,0,-0.323595285,-0.345744103,0,0,220.009841918945,0.558394193649292,0,0
4297,2023/2/19 04:35:36,0,0,0,0,0,-0.323595285,-0.345744103,0,0,220.40412902832,0.558394193649292,0,0
4298,2023/2/19 04:35:40,0,0,0,0,0,-0.323595285,-0.345744103,0,0,220.009841918945,0.651459872722626,0,0
4299,2023/2/19 04:35:44,0,0,0,0,0,-0.323595285,-0.345744103,0,0,220.009841918945,0.558394193649292,0,0
4300,2023/2/19 04:35:48,0,0,0,0,0,-0.323595285,-0.345744103,0,0,220.009841918945,0.558394193649292,0,0
4301,2023/2/19 04:35:52,0,0,0,0,0,-0.323595285,-0.345744103,0,0,220.009841918945,0.558394193649292,0,0
4302,2023/2/19 04:35:56,0,0,0,0,0,-0.323595285,-0.345744103,0,0,220.009841918945,0.558394193649292,0,0
4303,2023/2/19 04:36:00,0,0,0,0,0,-0.323595285,-0.345744103,0,0,220.009841918945,0.558394193649292,0,0
4304,2023/2/19 04:36:04,0,0,0,0,0,-0.323595285,-0.345744103,0,0,220.009841918945,0.558394193649292,0,0
4305,2023/2/19 04:36:08,0,0,0,0,0,-0.323595285,-0.345744103,0,0,220.009841918945,0.558394193649292,0,0
4306,2023/2/19 04:36:12,0,0,0,0,0,-0.323595285,-0.345744103,0,0,220.009841918945,0.111678838729858,0,0
4307,2023/2/19 04:36:16,0,0,0,0,0,-0.323595285,-0.345744103,0,0,220.009841918945,0.0558394193649292,0,0
4308,2023/2/19 04:36:20,0,0,0,0,0,-0.323595285,-0.345744103,0,0,220.009841918945,0.0558394193649292,0,0
4309,2023/2/19 04:36:24,0,0,0,0,0,-0.323595285,-0.345744103,0,0,220.009841918945,0.0558394193649292,0,0
4310,2023/2/19 04:36:28,0,0,0,0,0,-0.323595285,-0.345744103,0,0,220.009841918945,0.0558394193649292,0,0
4311,2023/2/19 04:36:32,0,0,0,0,0,-0.323595285,-0.345744103,0,0,220.009841918945,0.0558394193649292,0,0
4312,2023/2/19 04:36:36,0,0,0,0,0,-0.323595285,-0.345744103,0,0,220.009841918945,0.0558394193649292,0,0
4313,2023/2/19 04:36:40,0,0,0,0,0,-0.323595285,-0.345744103,0,0,220.009841918945,0.0558394193649292,0,0
4314,2023/2/19 04:36:44,0,0,0,0,0,-0.323595285,-0.345744103,0,0,220.009841918945,0.0558394193649292,0,0
4315,2023/2/19 04:36:48,0,0,0,0,0,-0.323595285,-0.345744103,0,0,220.009841918945,0.0558394193649292,0,0
4316,2023/2/19 04:36:52,0,0,0,0,0,-0.323595285,-0.345744103,0,0,220.40412902832,0.0558394193649292,0,0
4317,2023/2/19 04:36:56,0,0,0,0,0,-0.323595285,-0.345744103,0,0,220.009841918945,0.0558394193649292,0,0
4318,2023/2/19 04:37:00,0,0,0,0,0,-0.323595285,-0.345744103,0,0,220.009841918945,0.0558394193649292,0,0
4319,2023/2/19 04:37:04,0,0,0,0,0,-0.323595285,-0.345744103,0,0,220.009841918945,0.0558394193649292,0,0
4320,2023/2/19 04:37:08,0,0,0,0,0,-0.323595285,-0.345744103,0,0,220.009841918945,0.0558394193649292,0,0
4321,2023/2/19 04:37:12,0,0,0,0,0,-0.323595285,-0.345744103,0,0,220.009841918945,0.0558394193649292,0,0
4322,2023/2/19 04:37:16,0,0,0,0,0,-0.323595285,-0.345744103,0,0,220.009841918945,0.0558394193649292,0,0
4323,2023/2/19 04:37:20,0,0,0,0,0,-0.323595285,-0.345744103,0,0,220.009841918945,0.0558394193649292,0,0
4324,2023/2/19 04:37:24,0,0,0,0,0,-0.323595285,-0.345744103,0,0,220.009841918945,0.0558394193649292,0,0
4325,2023/2/19 04:37:28,0,0,0,0,0,-0.323595285,-0.345744103,0,0,220.009841918945,0.0558394193649292,0,0
4326,2023/2/19 04:37:32,0,0,0,0,0,-0.323595285,-0.345744103,0,0,220.009841918945,0.0558394193649292,0,0
4327,2023/2/19 04:37:36,0,0,0,0,0,-0.323595285,-0.345744103,0,0,220.009841918945,0.0558394193649292,0,0
4328,2023/2/19 04:37:40,0,0,0,0,0,-0.323595285,-0.345744103,0,0,220.009841918945,0.0558394193649292,0,0
4329,2023/2/19 04:37:44,0,0,0,0,0,-0.323595285,-0.345744103,0,0,220.009841918945,0.0558394193649292,0,0
4330,2023/2/19 04:37:48,0,0,0,0,0,-0.323595285,-0.345744103,0,0,220.009841918945,0.0558394193649292,0,0
4331,2023/2/19 04:37:52,0,0,0,0,0,-0.323595285,-0.345744103,0,0,220.009841918945,0.0558394193649292,0,0
4332,2023/2/19 04:37:56,0,0,0,0,0,-0.323595285,-0.345744103,0,0,220.009841918945,0.0558394193649292,0,0
4333,2023/2/19 04:38:00,0,0,0,0,0,-0.323595285,-0.345744103,0,0,220.009841918945,0.0558394193649292,0,0
4334,2023/2/19 04:38:04,0,0,0,0,0,-0.323595285,-0.345744103,0,0,220.009841918945,0.0558394193649292,0,0
4335,2023/2/19 04:38:08,0,0,0,0,0,-0.323595285,-0.345744103,0,0,45.3425331115723,0.037226278334856,0,0
4336,2023/2/19 04:38:12,0,0,0,0,0,-0.323595285,-0.345744103,0,0,0,0.037226278334856,0,0
4337,2023/2/19 04:38:16,0,0,0,0,0,-0.323595285,-0.345744103,0,0,0,0.037226278334856,0,0
4338,2023/2/19 04:38:20,0,0,0,0,0,-0.323595285,-0.345744103,0,0,0,0.037226278334856,0,0
4339,2023/2/19 04:38:24,0,0,0,0,0,-0.323595285,-0.345744103,0,0,0,0.037226278334856,0,0
4340,2023/2/19 04:38:28,0,0,0,0,0,-0.323595285,-0.345744103,0,0,0,0.037226278334856,0,0
4341,2023/2/19 04:38:32,0,0,0,0,0,-0.323595285,-0.345744103,0,0,0,0.037226278334856,0,0
4342,2023/2/19 04:38:36,0,0,0,0,0,-0.323595285,-0.345744103,0,0,0,0.037226278334856,0,0
4343,2023/2/19 04:38:40,0,0,0,0,0,-0.323595285,-0.345744103,0,0,0,0.037226278334856,0,0
4344,2023/2/19 04:38:44,0,0,0,0,0,-0.323595285,-0.345744103,0,0,0,0.037226278334856,0,0
4345,2023/2/19 04:38:48,0,0,0,0,0,-0.323595285,-0.345744103,0,0,0,0.037226278334856,0,0
4346,2023/2/19 04:38:52,0,0,0,0,0,-0.323595285,-0.345744103,0,0,0,0.037226278334856,0,0
4347,2023/2/19 04:38:56,0,0,0,0,0,-0.323595285,-0.345744103,0,0,0,0.037226278334856,0,0
4348,2023/2/19 04:39:00,0,0,0,0,0,-0.323595285,-0.345744103,0,0,0,0.037226278334856,0,0
4349,2023/2/19 04:39:04,0,0,0,0,0,-0.323595285,-0.345744103,0,0,203.055679321289,0.558394193649292,0,0
4350,2023/2/19 04:39:08,0,0,0,0,0,-0.323595285,-0.345744103,0,0,220.009841918945,0.0558394193649292,0,0
4351,2023/2/19 04:39:12,0,0,0,0,0,-0.323595285,-0.345744103,0,0,220.40412902832,0.0558394193649292,0,0
4352,2023/2/19 04:39:16,0,0,0,0,0,-0.323595285,-0.345744103,0,0,220.40412902832,0.0558394193649292,0,0
4353,2023/2/19 04:39:20,0,0,0,0,0,-0.323595285,-0.345744103,0,0,220.009841918945,0.0558394193649292,0,0
4354,2023/2/19 04:39:24,0,0,0,0,0,-0.323595285,-0.345744103,0,0,220.40412902832,0.0558394193649292,0,0
4355,2023/2/19 04:39:28,0,0,0,0,0,-0.323595285,-0.345744103,0,0,220.009841918945,0.0558394193649292,0,0
4356,2023/2/19 04:39:32,0,0,0,0,0,-0.323595285,-0.345744103,0,0,220.40412902832,0.0558394193649292,0,0
4357,2023/2/19 04:39:36,0,0,0,0,0,-0.323595285,-0.345744103,0,0,220.009841918945,0.428102225065231,0,0
4358,2023/2/19 04:39:40,0,0,0,0,0,-0.323595285,-0.345744103,0,0,220.40412902832,0.0558394193649292,0,0
4359,2023/2/19 04:39:44,0,0,0,0,0,-0.323595285,-0.345744103,0,0,220.40412902832,0.0558394193649292,0,0
4360,2023/2/19 04:39:48,0,0,0,0,0,-0.323595285,-0.345744103,0,0,220.009841918945,0.0558394193649292,0,0
4361,2023/2/19 04:39:52,0,0,0,0,0,-0.323595285,-0.345744103,0,0,220.009841918945,0.0558394193649292,0,0
4362,2023/2/19 04:39:56,0,0,0,0,0,-0.323595285,-0.345744103,0,0,220.009841918945,0.0558394193649292,0,0
4363,2023/2/19 04:40:00,0,0,0,0,0,-0.323595285,-0.345744103,0,0,220.40412902832,0.0558394193649292,0,0
4364,2023/2/19 04:40:04,0,0,0,0,0,-0.323595285,-0.345744103,0,0,220.009841918945,0.0558394193649292,0,0
4365,2023/2/19 04:40:08,0,0,0,0,0,-0.323595285,-0.345744103,0,0,220.009841918945,0.0558394193649292,0,0
4366,2023/2/19 04:40:12,0,0,0,0,0,-0.323595285,-0.345744103,0,0,220.009841918945,0.0558394193649292,0,0
4367,2023/2/19 04:40:16,0,0,0,0,0,-0.323595285,-0.345744103,0,0,220.009841918945,0.0558394193649292,0,0
4368,2023/2/19 04:40:20,0,0,0,0,0,-0.323595285,-0.345744103,0,0,220.009841918945,0.0558394193649292,0,0
4369,2023/2/19 04:40:24,0,0,0,0,0,-0.323595285,-0.345744103,0,0,220.009841918945,0.0558394193649292,0,0
4370,2023/2/19 04:40:28,0,0,0,0,0,-0.323595285,-0.345744103,0,0,220.009841918945,0.0558394193649292,0,0
4371,2023/2/19 04:40:32,0,0,0,0,0,-0.323595285,-0.345744103,0,0,220.009841918945,0.0558394193649292,0,0
4372,2023/2/19 04:40:36,0,0,0,0,0,-0.323595285,-0.345744103,0,0,220.009841918945,0.0558394193649292,0,0
4373,2023/2/19 04:40:40,0,0,0,0,0,-0.323595285,-0.345744103,0,0,220.009841918945,0.0558394193649292,0,0
4374,2023/2/19 04:40:44,0,0,0,0,0,-0.323595285,-0.345744103,0,0,220.009841918945,0.0558394193649292,0,0
4375,2023/2/19 04:40:48,0,0,0,0,0,-0.323595285,-0.345744103,0,0,220.40412902832,0.0558394193649292,0,0
4376,2023/2/19 04:40:52,0,0,0,0,0,-0.323595285,-0.345744103,0,0,220.40412902832,0.0558394193649292,0,0
4377,2023/2/19 04:40:56,0,0,0,0,0,-0.323595285,-0.345744103,0,0,220.40412902832,0.0558394193649292,0,0
4378,2023/2/19 04:41:00,0,0,0,0,0,-0.323595285,-0.345744103,0,0,220.40412902832,0.0558394193649292,0,0
4379,2023/2/19 04:41:04,0,0,0,0,0,-0.323595285,-0.345744103,0,0,220.009841918945,0.0558394193649292,0,0
4380,2023/2/19 04:41:08,0,0,0,0,0,-0.323595285,-0.345744103,0,0,220.40412902832,0.0558394193649292,0,0
4381,2023/2/19 04:41:12,0,0,0,0,0,-0.323595285,-0.345744103,0,0,220.40412902832,0.0558394193649292,0,0
4382,2023/2/19 04:41:16,0,0,0,0,0,-0.323595285,-0.345744103,0,0,220.40412902832,0.0558394193649292,0,0
4383,2023/2/19 04:41:20,0,0,0,0,0,-0.323595285,-0.345744103,0,0,220.009841918945,0.558394193649292,0,0
4384,2023/2/19 04:41:24,0,0,0,0,0,-0.323595285,-0.345744103,233.33332824707,233.33332824707,329.226196289063,2.21496367454529,0,0
4385,2023/2/19 04:41:28,0,0,0,0,0,-0.323595285,-0.345744103,1599.99987792969,1586.66662597656,330.014770507813,7.29635095596313,0,0
4386,2023/2/19 04:41:32,0,0.200000002980232,0,0.100000001490116,0.367046147584915,0.0215730182826519,0.0864360257983208,1446.66662597656,1446.66662597656,330.803344726563,7.81751871109009,0,0
4387,2023/2/19 04:41:36,0.300000011920929,0.400000005960464,0.400000005960464,0.300000011920929,1.07954752445221,0.711909651756287,0.777924239635468,1579.99987792969,1573.33325195313,330.409057617188,7.81751871109009,1,0
4388,2023/2/19 04:41:40,0.5,0.600000023841858,0.5,0.5,3.41137027740479,3.06336879730225,3.11169695854187,1080,1006.66662597656,330.409057617188,7.81751871109009,1,0
4389,2023/2/19 04:41:44,0.300000011920929,0.200000002980232,0.400000005960464,0.300000011920929,5.48410129547119,5.13437843322754,5.16455268859863,1133.33325195313,1133.33325195313,330.014770507813,7.81751871109009,1,0
4390,2023/2/19 04:41:48,0.300000011920929,0.400000005960464,0.400000005960464,0.300000011920929,7.14660453796387,6.57977056503296,6.61235618591309,0,0,330.409057617188,7.81751871109009,1,0
4391,2023/2/19 04:41:52,0,0,0,0,7.14660453796387,6.83864688873291,6.80683708190918,0,0,220.40412902832,1.37737238407135,1,0
4392,2023/2/19 04:41:56,0,0,0,0,7.14660453796387,6.83864688873291,6.80683708190918,0,0,220.009841918945,0.874817550182343,1,0
4393,2023/2/19 04:42:00,0,0,0,0,7.14660453796387,6.83864688873291,6.80683708190918,0,0,220.009841918945,0.67007303237915,1,0
4394,2023/2/19 04:42:04,0,0,0,0,7.14660453796387,6.83864688873291,6.80683708190918,0,0,220.009841918945,0.558394193649292,1,0
4395,2023/2/19 04:42:08,0,0,0,0,7.14660453796387,6.83864688873291,6.80683708190918,0,0,220.009841918945,0.558394193649292,1,0
4396,2023/2/19 04:42:12,0,0,0,0,7.14660453796387,6.83864688873291,6.80683708190918,0,0,220.009841918945,0.67007303237915,1,0
4397,2023/2/19 04:42:16,0,0,0,0,7.14660453796387,6.83864688873291,6.80683708190918,0,0,220.009841918945,0.558394193649292,1,0
4398,2023/2/19 04:42:20,0,0,0,0,7.14660453796387,6.83864688873291,6.80683708190918,0,0,220.009841918945,0.558394193649292,1,0
4399,2023/2/19 04:42:24,0,0,0,0,7.14660453796387,6.83864688873291,6.80683708190918,0,0,220.009841918945,0.558394193649292,1,0
4400,2023/2/19 04:42:28,0,0,0,0,7.14660453796387,6.83864688873291,6.80683708190918,0,0,220.009841918945,0.558394193649292,1,0
4401,2023/2/19 04:42:32,0,0,0,0,7.14660453796387,6.83864688873291,6.80683708190918,0,0,220.009841918945,0.558394193649292,1,0
4402,2023/2/19 04:42:36,0,0,0,0,7.14660453796387,6.83864688873291,6.80683708190918,0,0,220.009841918945,0.558394193649292,1,0
4403,2023/2/19 04:42:40,0,0,0,0,7.14660453796387,6.83864688873291,6.80683708190918,0,0,220.009841918945,0.558394193649292,1,0
4404,2023/2/19 04:42:44,0,0,0,0,7.14660453796387,6.83864688873291,6.80683708190918,0,0,220.009841918945,0.558394193649292,1,0
4405,2023/2/19 04:42:48,0,0,0,0,7.14660453796387,6.83864688873291,6.80683708190918,0,0,220.009841918945,0.558394193649292,1,0
4406,2023/2/19 04:42:52,0,0,0,0,7.14660453796387,6.83864688873291,6.80683708190918,0,0,220.009841918945,0.558394193649292,1,0
4407,2023/2/19 04:42:56,0,0,0,0,7.14660453796387,6.83864688873291,6.80683708190918,0,0,220.40412902832,0.558394193649292,1,0
4408,2023/2/19 04:43:00,0,0,0,0,7.14660453796387,6.83864688873291,6.80683708190918,0,0,220.009841918945,0.558394193649292,1,0
4409,2023/2/19 04:43:04,0,0,0,0,7.14660453796387,6.83864688873291,6.80683708190918,0,0,220.009841918945,0.577007353305817,1,0
4410,2023/2/19 04:43:08,0,0,0,0,7.14660453796387,6.83864688873291,6.80683708190918,0,0,220.009841918945,0.558394193649292,1,0
4411,2023/2/19 04:43:12,0,0,0,0,7.14660453796387,6.83864688873291,6.80683708190918,0,0,220.009841918945,0.558394193649292,1,0
4412,2023/2/19 04:43:16,0,0,0,0,7.14660453796387,6.83864688873291,6.80683708190918,0,0,220.009841918945,0.558394193649292,1,0
4413,2023/2/19 04:43:20,0,0,0,0,7.14660453796387,6.83864688873291,6.80683708190918,0,0,220.009841918945,0.651459872722626,1,0
4414,2023/2/19 04:43:24,0,0,0,0,7.14660453796387,6.83864688873291,6.80683708190918,0,0,220.40412902832,0.558394193649292,1,0
4415,2023/2/19 04:43:28,0,0,0,0,7.14660453796387,6.83864688873291,6.80683708190918,0,0,220.40412902832,0.558394193649292,1,0
4416,2023/2/19 04:43:32,0,0,0,0,7.14660453796387,6.83864688873291,6.80683708190918,0,0,220.009841918945,0.558394193649292,1,0
4417,2023/2/19 04:43:36,0,0,0,0,7.14660453796387,6.83864688873291,6.80683708190918,0,0,220.009841918945,0.111678838729858,1,0
4418,2023/2/19 04:43:40,0,0,0,0,7.14660453796387,6.83864688873291,6.80683708190918,0,0,220.40412902832,0.0558394193649292,1,0
4419,2023/2/19 04:43:44,0,0,0,0,7.14660453796387,6.83864688873291,6.80683708190918,0,0,220.009841918945,0.0558394193649292,1,0
4420,2023/2/19 04:43:48,0,0,0,0,7.14660453796387,6.83864688873291,6.82844591140747,0,0,220.40412902832,0.0558394193649292,1,0
4421,2023/2/19 04:43:52,0,0,0,0,7.14660453796387,6.83864688873291,6.82844591140747,0,0,220.009841918945,0.0558394193649292,1,0
4422,2023/2/19 04:43:56,0,0,0,0,7.14660453796387,6.83864688873291,6.82844591140747,0,0,220.009841918945,0.0558394193649292,1,0
4423,2023/2/19 04:44:00,0,0,0,0,7.14660453796387,6.83864688873291,6.82844591140747,0,0,220.009841918945,0.0558394193649292,1,0
4424,2023/2/19 04:44:04,0,0,0,0,7.14660453796387,6.83864688873291,6.82844591140747,0,0,220.009841918945,0.0558394193649292,1,0
4425,2023/2/19 04:44:08,0,0,0,0,7.14660453796387,6.83864688873291,6.82844591140747,0,0,220.009841918945,0.0558394193649292,1,0
4426,2023/2/19 04:44:12,0,0,0,0,7.14660453796387,6.83864688873291,6.82844591140747,0,0,220.009841918945,0.0558394193649292,1,0
4427,2023/2/19 04:44:16,0,0,0,0,7.14660453796387,6.83864688873291,6.82844591140747,0,0,220.009841918945,0.0558394193649292,1,0
4428,2023/2/19 04:44:20,0,0,0,0,7.14660453796387,6.83864688873291,6.82844591140747,0,0,220.40412902832,0.0558394193649292,1,0
4429,2023/2/19 04:44:24,0,0,0,0,7.14660453796387,6.83864688873291,6.82844591140747,0,0,220.40412902832,0.0558394193649292,1,0
4430,2023/2/19 04:44:28,0,0,0,0,7.14660453796387,6.83864688873291,6.82844591140747,0,0,220.009841918945,0.0558394193649292,1,0
4431,2023/2/19 04:44:32,0,0,0,0,7.14660453796387,6.83864688873291,6.82844591140747,0,0,220.009841918945,0.0558394193649292,1,0
4432,2023/2/19 04:44:36,0,0,0,0,7.14660453796387,6.83864688873291,6.82844591140747,0,0,220.40412902832,0.0558394193649292,1,0
4433,2023/2/19 04:44:40,0,0,0,0,7.14660453796387,6.83864688873291,6.82844591140747,0,0,220.009841918945,0.0558394193649292,1,0
4434,2023/2/19 04:44:44,0,0,0,0,7.14660453796387,6.83864688873291,6.82844591140747,0,0,220.009841918945,0.0558394193649292,1,0
4435,2023/2/19 04:44:48,0,0,0,0,7.14660453796387,6.83864688873291,6.82844591140747,0,0,220.009841918945,0.0558394193649292,1,0
4436,2023/2/19 04:44:52,0,0,0,0,7.14660453796387,6.83864688873291,6.82844591140747,0,0,220.009841918945,0.0558394193649292,1,0
4437,2023/2/19 04:44:56,0,0,0,0,7.14660453796387,6.83864688873291,6.82844591140747,0,0,220.009841918945,0.0558394193649292,1,0
4438,2023/2/19 04:45:00,0,0,0,0,7.14660453796387,6.83864688873291,6.82844591140747,0,0,220.009841918945,0.0558394193649292,1,0
4439,2023/2/19 04:45:04,0,0,0,0,7.14660453796387,6.83864688873291,6.82844591140747,0,0,220.40412902832,0.0558394193649292,1,0
4440,2023/2/19 04:45:08,0,0,0,0,7.14660453796387,6.83864688873291,6.82844591140747,0,0,220.009841918945,0.0558394193649292,1,0
4441,2023/2/19 04:45:12,0,0,0,0,7.14660453796387,6.83864688873291,6.82844591140747,0,0,220.009841918945,0.0558394193649292,1,0
4442,2023/2/19 04:45:16,0,0,0,0,7.14660453796387,6.83864688873291,6.82844591140747,0,0,220.40412902832,0.0558394193649292,1,0
4443,2023/2/19 04:45:20,0,0,0,0,7.14660453796387,6.83864688873291,6.82844591140747,0,0,220.40412902832,0.0558394193649292,1,0
4444,2023/2/19 04:45:24,0,0,0,0,7.14660453796387,6.83864688873291,6.82844591140747,0,0,220.009841918945,0.0558394193649292,1,0
4445,2023/2/19 04:45:28,0,0,0,0,7.14660453796387,6.83864688873291,6.82844591140747,0,0,220.40412902832,0.0558394193649292,1,0
4446,2023/2/19 04:45:32,0,0,0,0,7.14660453796387,6.83864688873291,6.82844591140747,0,0,220.009841918945,0.0558394193649292,1,0
4447,2023/2/19 04:45:36,0,0,0,0,7.14660453796387,6.83864688873291,6.82844591140747,0,0,220.009841918945,0.0558394193649292,1,0
4448,2023/2/19 04:45:40,0,0,0,0,7.14660453796387,6.83864688873291,6.82844591140747,0,0,220.40412902832,0.0558394193649292,1,0
4449,2023/2/19 04:45:44,0,0,0,0,7.14660453796387,6.83864688873291,6.82844591140747,0,0,220.009841918945,0.0558394193649292,1,0
4450,2023/2/19 04:45:48,0,0,0,0,7.14660453796387,6.83864688873291,6.82844591140747,0,0,220.009841918945,0.0558394193649292,1,0
4451,2023/2/19 04:45:52,0,0,0,0,7.14660453796387,6.83864688873291,6.82844591140747,0,0,220.40412902832,0.0558394193649292,1,0
4452,2023/2/19 04:45:56,0,0,0,0,7.14660453796387,6.83864688873291,6.82844591140747,0,0,220.009841918945,0.0558394193649292,1,0
4453,2023/2/19 04:46:00,0,0,0,0,7.14660453796387,6.83864688873291,6.82844591140747,0,0,220.009841918945,0.0558394193649292,1,0
4454,2023/2/19 04:46:04,0,0,0,0,7.14660453796387,6.83864688873291,6.82844591140747,0,0,220.40412902832,0.0558394193649292,1,0
4455,2023/2/19 04:46:08,0,0,0,0,7.14660453796387,6.83864688873291,6.82844591140747,0,0,220.009841918945,0.0558394193649292,1,0
4456,2023/2/19 04:46:12,0,0,0,0,7.14660453796387,6.83864688873291,6.82844591140747,0,0,220.40412902832,0.0558394193649292,1,0
4457,2023/2/19 04:46:16,0,0,0,0,7.14660453796387,6.83864688873291,6.82844591140747,0,0,220.009841918945,0.0558394193649292,1,0
4458,2023/2/19 04:46:20,0,0,0,0,7.14660453796387,6.83864688873291,6.82844591140747,0,0,220.40412902832,0.0558394193649292,1,0
4459,2023/2/19 04:46:24,0,0,0,0,7.14660453796387,6.83864688873291,6.82844591140747,0,0,220.009841918945,0.0558394193649292,1,0
4460,2023/2/19 04:46:28,0,0,0,0,7.14660453796387,6.83864688873291,6.82844591140747,0,0,220.009841918945,0.0558394193649292,1,0
4461,2023/2/19 04:46:32,0,0,0,0,7.14660453796387,6.83864688873291,6.82844591140747,0,0,220.009841918945,0.0558394193649292,1,0
4462,2023/2/19 04:46:36,0,0,0,0,7.14660453796387,6.83864688873291,6.82844591140747,0,0,220.009841918945,0.0558394193649292,1,0
4463,2023/2/19 04:46:40,0,0,0,0,7.14660453796387,6.83864688873291,6.82844591140747,0,0,220.009841918945,0.0558394193649292,1,0
4464,2023/2/19 04:46:44,0,0,0,0,7.14660453796387,6.83864688873291,6.82844591140747,0,0,220.009841918945,0.0558394193649292,1,0
4465,2023/2/19 04:46:48,0,0,0,0,7.14660453796387,6.83864688873291,6.82844591140747,0,0,220.40412902832,0.0558394193649292,1,0
4466,2023/2/19 04:46:52,0,0,0,0,7.14660453796387,6.83864688873291,6.82844591140747,0,0,0,0.037226278334856,1,0
4467,2023/2/19 04:46:56,0,0,0,0,7.14660453796387,6.83864688873291,6.82844591140747,0,0,0,0.037226278334856,1,0
4468,2023/2/19 04:47:00,0,0,0,0,7.14660453796387,6.83864688873291,6.82844591140747,0,0,0,0.037226278334856,1,0
4469,2023/2/19 04:47:04,0,0,0,0,7.14660453796387,6.83864688873291,6.82844591140747,0,0,0,0.037226278334856,1,0
4470,2023/2/19 04:47:08,0,0,0,0,7.14660453796387,6.83864688873291,6.82844591140747,0,0,0,0.037226278334856,1,0
4471,2023/2/19 04:47:12,0,0,0,0,7.14660453796387,6.83864688873291,6.82844591140747,0,0,0,0.037226278334856,1,0
4472,2023/2/19 04:47:16,0,0,0,0,7.14660453796387,6.83864688873291,6.82844591140747,0,0,0,0.037226278334856,1,0
4473,2023/2/19 04:47:20,0,0,0,0,7.14660453796387,6.83864688873291,6.82844591140747,0,0,0,0.037226278334856,1,0
4474,2023/2/19 04:47:24,0,0,0,0,7.14660453796387,6.83864688873291,6.82844591140747,0,0,0,0.037226278334856,1,0
4475,2023/2/19 04:47:28,0,0,0,0,7.14660453796387,6.83864688873291,6.82844591140747,0,0,0,0.037226278334856,1,0
4476,2023/2/19 04:47:32,0,0,0,0,7.14660453796387,6.83864688873291,6.82844591140747,0,0,0,0.037226278334856,1,0
4477,2023/2/19 04:47:36,0,0,0,0,7.14660453796387,6.83864688873291,6.82844591140747,0,0,0,0.037226278334856,1,0
4478,2023/2/19 04:47:40,0,0,0,0,7.14660453796387,6.83864688873291,6.82844591140747,0,0,0,0.037226278334856,1,0
4479,2023/2/19 04:47:44,0,0,0,0,7.14660453796387,6.83864688873291,6.82844591140747,0,0,0,0.037226278334856,1,0
4480,2023/2/19 04:47:48,0,0,0,0,7.14660453796387,6.83864688873291,6.82844591140747,0,0,0,0.037226278334856,1,0
4481,2023/2/19 04:47:52,0,0,0,0,7.14660453796387,6.83864688873291,6.82844591140747,0,0,0,0.037226278334856,1,0
4482,2023/2/19 04:47:56,0,0,0,0,7.14660453796387,6.83864688873291,6.82844591140747,0,0,0,0.037226278334856,1,0
4483,2023/2/19 04:48:00,0,0,0,0,7.14660453796387,6.83864688873291,6.82844591140747,0,0,0,0.037226278334856,1,0
4484,2023/2/19 04:48:04,0,0,0,0,7.14660453796387,6.83864688873291,6.82844591140747,0,0,0,0.037226278334856,1,0
4485,2023/2/19 04:48:08,0,0,0,0,7.14660453796387,6.83864688873291,6.82844591140747,0,0,0,0.037226278334856,1,0
4486,2023/2/19 04:48:12,0,0,0,0,7.14660453796387,6.83864688873291,6.82844591140747,0,0,0,0.037226278334856,1,0
4487,2023/2/19 04:48:16,0,0,0,0,7.14660453796387,6.83864688873291,6.82844591140747,0,0,0,0.037226278334856,1,0
4488,2023/2/19 04:48:20,0,0,0,0,7.14660453796387,6.83864688873291,6.82844591140747,0,0,0,0.037226278334856,1,0
4489,2023/2/19 04:48:24,0,0,0,0,7.14660453796387,6.83864688873291,6.82844591140747,0,0,0,0.037226278334856,1,0
4490,2023/2/19 04:48:28,0,0,0,0,7.14660453796387,6.83864688873291,6.82844591140747,0,0,0,0.037226278334856,1,0
4491,2023/2/19 04:48:32,0,0,0,0,7.14660453796387,6.83864688873291,6.82844591140747,0,0,0,0.037226278334856,1,0
4492,2023/2/19 04:48:36,0,0,0,0,7.14660453796387,6.83864688873291,6.82844591140747,0,0,0,0.037226278334856,1,0
4493,2023/2/19 04:48:40,0,0,0,0,7.14660453796387,6.83864688873291,6.82844591140747,0,0,0,0.037226278334856,1,0
4494,2023/2/19 04:48:44,0,0,0,0,7.14660453796387,6.83864688873291,6.82844591140747,0,0,0,0.037226278334856,1,0
4495,2023/2/19 04:48:48,0,0,0,0,7.14660453796387,6.83864688873291,6.82844591140747,0,0,0,0.037226278334856,1,0
4496,2023/2/19 04:48:52,0,0,0,0,7.14660453796387,6.83864688873291,6.82844591140747,0,0,0,0.037226278334856,1,0
4497,2023/2/19 04:48:56,0,0,0,0,7.14660453796387,6.83864688873291,6.82844591140747,0,0,0,0.037226278334856,1,0
4498,2023/2/19 04:49:00,0,0,0,0,7.14660453796387,6.83864688873291,6.82844591140747,0,0,0,0.037226278334856,1,0
4499,2023/2/19 04:49:04,0,0,0,0,7.14660453796387,6.83864688873291,6.82844591140747,0,0,0,0.037226278334856,1,0
4500,2023/2/19 04:49:08,0,0,0,0,7.14660453796387,6.83864688873291,6.82844591140747,0,0,0,0.037226278334856,1,0
4501,2023/2/19 04:49:12,0,0,0,0,7.14660453796387,6.83864688873291,6.82844591140747,0,0,0,0.037226278334856,1,0
4502,2023/2/19 04:49:16,0,0,0,0,7.14660453796387,6.83864688873291,6.82844591140747,0,0,0,0.037226278334856,1,0
4503,2023/2/19 04:49:20,0,0,0,0,7.14660453796387,6.83864688873291,6.82844591140747,0,0,0,0.037226278334856,1,0
4504,2023/2/19 04:49:24,0,0,0,0,7.14660453796387,6.83864688873291,6.82844591140747,0,0,0,0.037226278334856,1,0
4505,2023/2/19 04:49:28,0,0,0,0,7.14660453796387,6.83864688873291,6.82844591140747,0,0,0,0.037226278334856,1,0
4506,2023/2/19 04:49:32,0,0,0,0,7.14660453796387,6.83864688873291,6.82844591140747,0,0,0,0.037226278334856,1,0
4507,2023/2/19 04:49:36,0,0,0,0,7.14660453796387,6.83864688873291,6.82844591140747,0,0,0,0.037226278334856,1,0
4508,2023/2/19 04:49:40,0,0,0,0,7.14660453796387,6.83864688873291,6.82844591140747,0,0,0,0.037226278334856,1,0
4509,2023/2/19 04:49:44,0,0,0,0,7.14660453796387,6.83864688873291,6.82844591140747,0,0,0,0.037226278334856,1,0
4510,2023/2/19 04:49:48,0,0,0,0,7.14660453796387,6.83864688873291,6.82844591140747,0,0,0,0.037226278334856,1,0
4511,2023/2/19 04:49:52,0,0,0,0,7.14660453796387,6.83864688873291,6.82844591140747,0,0,0,0.037226278334856,1,0
4512,2023/2/19 04:49:56,0,0,0,0,7.14660453796387,6.83864688873291,6.82844591140747,0,0,0,0.037226278334856,1,0
4513,2023/2/19 04:50:00,0,0,0,0,7.14660453796387,6.83864688873291,6.82844591140747,0,0,0,0.037226278334856,1,0
4514,2023/2/19 04:50:04,0,0,0,0,7.14660453796387,6.83864688873291,6.82844591140747,0,0,0,0.037226278334856,1,0
4515,2023/2/19 04:50:08,0,0,0,0,7.14660453796387,6.83864688873291,6.82844591140747,0,0,0,0.037226278334856,1,0
4516,2023/2/19 04:50:12,0,0,0,0,7.14660453796387,6.83864688873291,6.82844591140747,0,0,0,0.037226278334856,1,0
4517,2023/2/19 04:50:16,0,0,0,0,7.14660453796387,6.83864688873291,6.82844591140747,0,0,0,0.037226278334856,1,0
4518,2023/2/19 04:50:20,0,0,0,0,7.14660453796387,6.83864688873291,6.82844591140747,0,0,0,0.037226278334856,1,0
4519,2023/2/19 04:50:24,0,0,0,0,7.14660453796387,6.83864688873291,6.82844591140747,0,0,0,0.037226278334856,1,0
4520,2023/2/19 04:50:28,0,0,0,0,7.14660453796387,6.83864688873291,6.82844591140747,0,0,0,0.037226278334856,1,0
4521,2023/2/19 04:50:32,0,0,0,0,7.14660453796387,6.83864688873291,6.82844591140747,0,0,0,0.037226278334856,1,0
4522,2023/2/19 04:50:36,0,0,0,0,7.14660453796387,6.83864688873291,6.82844591140747,0,0,0,0.037226278334856,1,0
4523,2023/2/19 04:50:40,0,0,0,0,7.14660453796387,6.83864688873291,6.82844591140747,0,0,0,0.037226278334856,1,0
4524,2023/2/19 04:50:44,0,0,0,0,7.14660453796387,6.83864688873291,6.82844591140747,0,0,0,0.037226278334856,1,0
4525,2023/2/19 04:50:48,0,0,0,0,7.14660453796387,6.83864688873291,6.82844591140747,0,0,0,0.037226278334856,1,0
4526,2023/2/19 04:50:52,0,0,0,0,7.14660453796387,6.83864688873291,6.82844591140747,0,0,0,0.037226278334856,1,0
4527,2023/2/19 04:50:56,0,0,0,0,7.14660453796387,6.83864688873291,6.82844591140747,0,0,0,0.037226278334856,1,0
4528,2023/2/19 04:51:00,0,0,0,0,7.14660453796387,6.83864688873291,6.82844591140747,0,0,0,0.037226278334856,1,0
4529,2023/2/19 04:51:04,0,0,0,0,7.14660453796387,6.83864688873291,6.82844591140747,0,0,0,0.037226278334856,1,0
4530,2023/2/19 04:51:08,0,0,0,0,7.14660453796387,6.83864688873291,6.82844591140747,0,0,0,0.037226278334856,1,0
4531,2023/2/19 04:51:12,0,0,0,0,7.14660453796387,6.83864688873291,6.82844591140747,0,0,0,0.037226278334856,1,0
4532,2023/2/19 04:51:16,0,0,0,0,7.14660453796387,6.83864688873291,6.82844591140747,0,0,0,0.037226278334856,1,0
4533,2023/2/19 04:51:20,0,0,0,0,7.14660453796387,6.83864688873291,6.82844591140747,0,0,0,0.037226278334856,1,0
4534,2023/2/19 04:51:24,0,0,0,0,7.14660453796387,6.83864688873291,6.82844591140747,0,0,0,0.037226278334856,1,0
4535,2023/2/19 04:51:28,0,0,0,0,7.14660453796387,6.83864688873291,6.82844591140747,0,0,0,0.037226278334856,1,0
4536,2023/2/19 04:51:32,0,0,0,0,7.14660453796387,6.83864688873291,6.82844591140747,0,0,0,0.037226278334856,1,0
4537,2023/2/19 04:51:36,0,0,0,0,7.14660453796387,6.83864688873291,6.82844591140747,0,0,0,0.037226278334856,1,0
4538,2023/2/19 04:51:40,0,0,0,0,7.14660453796387,6.83864688873291,6.82844591140747,0,0,0,0.037226278334856,1,0
4539,2023/2/19 04:51:44,0,0,0,0,7.14660453796387,6.83864688873291,6.82844591140747,0,0,0,0.037226278334856,1,0
4540,2023/2/19 04:51:48,0,0,0,0,7.14660453796387,6.83864688873291,6.82844591140747,0,0,0,0.037226278334856,1,0
4541,2023/2/19 04:51:52,0,0,0,0,7.14660453796387,6.83864688873291,6.82844591140747,0,0,0,0.037226278334856,1,0
4542,2023/2/19 04:51:56,0,0,0,0,7.14660453796387,6.83864688873291,6.82844591140747,0,0,0,0.037226278334856,1,0
4543,2023/2/19 04:52:00,0,0,0,0,7.14660453796387,6.83864688873291,6.82844591140747,0,0,0,0.037226278334856,1,0
4544,2023/2/19 04:52:04,0,0,0,0,7.14660453796387,6.83864688873291,6.82844591140747,0,0,0,0.037226278334856,1,0
4545,2023/2/19 04:52:08,0,0,0,0,7.14660453796387,6.83864688873291,6.82844591140747,0,0,0,0.037226278334856,1,0
4546,2023/2/19 04:52:12,0,0,0,0,7.14660453796387,6.83864688873291,6.82844591140747,0,0,0,0.037226278334856,1,0
4547,2023/2/19 04:52:16,0,0,0,0,7.14660453796387,6.83864688873291,6.82844591140747,0,0,0,0.037226278334856,1,0
4548,2023/2/19 04:52:20,0,0,0,0,7.14660453796387,6.83864688873291,6.82844591140747,0,0,0,0.037226278334856,1,0
4549,2023/2/19 04:52:24,0,0,0,0,7.14660453796387,6.83864688873291,6.82844591140747,0,0,0,0.037226278334856,1,0
4550,2023/2/19 04:52:28,0,0,0,0,7.14660453796387,6.83864688873291,6.82844591140747,0,0,0,0.037226278334856,1,0
4551,2023/2/19 04:52:32,0,0,0,0,7.14660453796387,6.83864688873291,6.82844591140747,0,0,0,0.037226278334856,1,0
4552,2023/2/19 04:52:36,0,0,0,0,7.14660453796387,6.83864688873291,6.82844591140747,0,0,0,0.037226278334856,1,0
4553,2023/2/19 04:52:40,0,0,0,0,7.14660453796387,6.83864688873291,6.82844591140747,0,0,0,0.037226278334856,1,0
4554,2023/2/19 04:52:44,0,0,0,0,7.14660453796387,6.83864688873291,6.82844591140747,0,0,0,0.037226278334856,1,0
4555,2023/2/19 04:52:48,0,0,0,0,7.14660453796387,6.83864688873291,6.82844591140747,0,0,0,0.037226278334856,1,0
4556,2023/2/19 04:52:52,0,0,0,0,7.14660453796387,6.83864688873291,6.82844591140747,0,0,0,0.037226278334856,1,0
4557,2023/2/19 04:52:56,0,0,0,0,7.14660453796387,6.83864688873291,6.82844591140747,0,0,0,0.037226278334856,1,0
4558,2023/2/19 04:53:00,0,0,0,0,7.14660453796387,6.83864688873291,6.82844591140747,0,0,0,0.037226278334856,1,0
4559,2023/2/19 04:53:04,0,0,0,0,7.14660453796387,6.83864688873291,6.82844591140747,0,0,0,0.037226278334856,1,0
4560,2023/2/19 04:53:08,0,0,0,0,7.14660453796387,6.83864688873291,6.82844591140747,0,0,0,0.037226278334856,1,0
4561,2023/2/19 04:53:12,0,0,0,0,7.14660453796387,6.83864688873291,6.82844591140747,0,0,0,0.037226278334856,1,0
4562,2023/2/19 04:53:16,0,0,0,0,7.14660453796387,6.83864688873291,6.82844591140747,0,0,0,0.037226278334856,1,0
4563,2023/2/19 04:53:20,0,0,0,0,7.14660453796387,6.83864688873291,6.82844591140747,0,0,0,0.037226278334856,1,0
4564,2023/2/19 04:53:24,0,0,0,0,7.14660453796387,6.83864688873291,6.82844591140747,0,0,0,0.037226278334856,1,0
4565,2023/2/19 04:53:28,0,0,0,0,7.14660453796387,6.83864688873291,6.82844591140747,0,0,0,0.037226278334856,1,0
4566,2023/2/19 04:53:32,0,0,0,0,7.14660453796387,6.83864688873291,6.82844591140747,0,0,0,0.037226278334856,1,0
4567,2023/2/19 04:53:36,0,0,0,0,7.14660453796387,6.83864688873291,6.82844591140747,0,0,0,0.037226278334856,1,0
4568,2023/2/19 04:53:40,0,0,0,0,7.14660453796387,6.83864688873291,6.82844591140747,0,0,0,0.037226278334856,1,0
4569,2023/2/19 04:53:44,0,0,0,0,7.14660453796387,6.83864688873291,6.82844591140747,0,0,0,0.037226278334856,1,0
4570,2023/2/19 04:53:48,0,0,0,0,7.14660453796387,6.83864688873291,6.82844591140747,0,0,0,0.037226278334856,1,0
4571,2023/2/19 04:53:52,0,0,0,0,7.14660453796387,6.83864688873291,6.82844591140747,0,0,0,0.037226278334856,1,0
4572,2023/2/19 04:53:56,0,0,0,0,7.14660453796387,6.83864688873291,6.82844591140747,0,0,0,0.037226278334856,1,0
4573,2023/2/19 04:54:00,0,0,0,0,7.14660453796387,6.83864688873291,6.82844591140747,0,0,0,0.037226278334856,1,0
4574,2023/2/19 04:54:04,0,0,0,0,7.14660453796387,6.83864688873291,6.82844591140747,0,0,0,0.037226278334856,1,0
4575,2023/2/19 04:54:08,0,0,0,0,7.14660453796387,6.83864688873291,6.82844591140747,0,0,0,0.037226278334856,1,0
4576,2023/2/19 04:54:12,0,0,0,0,7.14660453796387,6.83864688873291,6.82844591140747,0,0,0,0.037226278334856,1,0
4577,2023/2/19 04:54:16,0,0,0,0,7.14660453796387,6.83864688873291,6.82844591140747,0,0,0,0.037226278334856,1,0
4578,2023/2/19 04:54:20,0,0,0,0,7.14660453796387,6.83864688873291,6.82844591140747,0,0,0,0.037226278334856,1,0
4579,2023/2/19 04:54:24,0,0,0,0,7.14660453796387,6.83864688873291,6.82844591140747,0,0,0,0.037226278334856,1,0
4580,2023/2/19 04:54:28,0,0,0,0,7.14660453796387,6.83864688873291,6.82844591140747,0,0,0,0.037226278334856,1,0
4581,2023/2/19 04:54:32,0,0,0,0,7.14660453796387,6.83864688873291,6.82844591140747,0,0,0,0.037226278334856,1,0
4582,2023/2/19 04:54:36,0,0,0,0,7.14660453796387,6.83864688873291,6.82844591140747,0,0,0,0.037226278334856,1,0
4583,2023/2/19 04:54:40,0,0,0,0,7.14660453796387,6.83864688873291,6.82844591140747,0,0,0,0.037226278334856,1,0
4584,2023/2/19 04:54:44,0,0,0,0,7.14660453796387,6.83864688873291,6.82844591140747,0,0,0,0.037226278334856,1,0
4585,2023/2/19 04:54:48,0,0,0,0,7.14660453796387,6.83864688873291,6.82844591140747,0,0,0,0.037226278334856,1,0
4586,2023/2/19 04:54:52,0,0,0,0,7.14660453796387,6.83864688873291,6.82844591140747,0,0,0,0.037226278334856,1,0
4587,2023/2/19 04:54:56,0,0,0,0,7.14660453796387,6.83864688873291,6.82844591140747,0,0,0,0.037226278334856,1,0
4588,2023/2/19 04:55:00,0,0,0,0,7.14660453796387,6.83864688873291,6.82844591140747,0,0,0,0.037226278334856,1,0
4589,2023/2/19 04:55:04,0,0,0,0,7.14660453796387,6.83864688873291,6.82844591140747,0,0,0,0.037226278334856,1,0
4590,2023/2/19 04:55:08,0,0,0,0,7.14660453796387,6.83864688873291,6.82844591140747,0,0,0,0.037226278334856,1,0
4591,2023/2/19 04:55:12,0,0,0,0,7.14660453796387,6.83864688873291,6.82844591140747,0,0,0,0.037226278334856,1,0
4592,2023/2/19 04:55:16,0,0,0,0,7.14660453796387,6.83864688873291,6.82844591140747,0,0,0,0.037226278334856,1,0
4593,2023/2/19 04:55:20,0,0,0,0,7.14660453796387,6.83864688873291,6.82844591140747,0,0,0,0.037226278334856,1,0
4594,2023/2/19 04:55:24,0,0,0,0,7.14660453796387,6.83864688873291,6.82844591140747,0,0,0,0.037226278334856,1,0
4595,2023/2/19 04:55:28,0,0,0,0,7.14660453796387,6.83864688873291,6.82844591140747,0,0,0,0.037226278334856,1,0
4596,2023/2/19 04:55:32,0,0,0,0,7.14660453796387,6.83864688873291,6.82844591140747,0,0,0,0.037226278334856,1,0
4597,2023/2/19 04:55:36,0,0,0,0,7.14660453796387,6.83864688873291,6.82844591140747,0,0,0,0.037226278334856,1,0
4598,2023/2/19 04:55:40,0,0,0,0,7.14660453796387,6.83864688873291,6.82844591140747,0,0,0,0.037226278334856,1,0
4599,2023/2/19 04:55:44,0,0,0,0,7.14660453796387,6.83864688873291,6.82844591140747,0,0,0,0.037226278334856,1,0
4600,2023/2/19 04:55:48,0,0,0,0,7.14660453796387,6.83864688873291,6.82844591140747,0,0,0,0.037226278334856,1,0
4601,2023/2/19 04:55:52,0,0,0,0,7.14660453796387,6.83864688873291,6.82844591140747,0,0,0,0.037226278334856,1,0
4602,2023/2/19 04:55:56,0,0,0,0,7.14660453796387,6.83864688873291,6.82844591140747,0,0,0,0.037226278334856,1,0
4603,2023/2/19 04:56:00,0,0,0,0,7.14660453796387,6.83864688873291,6.82844591140747,0,0,0,0.037226278334856,1,0
4604,2023/2/19 04:56:04,0,0,0,0,7.14660453796387,6.83864688873291,6.82844591140747,0,0,0,0.037226278334856,1,0
4605,2023/2/19 04:56:08,0,0,0,0,7.14660453796387,6.83864688873291,6.82844591140747,0,0,0,0.037226278334856,1,0
4606,2023/2/19 04:56:12,0,0,0,0,7.14660453796387,6.83864688873291,6.82844591140747,0,0,0,0.037226278334856,1,0
4607,2023/2/19 04:56:16,0,0,0,0,7.14660453796387,6.83864688873291,6.82844591140747,0,0,0,0.037226278334856,1,0
4608,2023/2/19 04:56:20,0,0,0,0,7.14660453796387,6.83864688873291,6.82844591140747,0,0,0,0.037226278334856,1,0
4609,2023/2/19 04:56:24,0,0,0,0,7.14660453796387,6.83864688873291,6.82844591140747,0,0,0,0.037226278334856,1,0
4610,2023/2/19 04:56:28,0,0,0,0,7.14660453796387,6.83864688873291,6.82844591140747,0,0,0,0.037226278334856,1,0
4611,2023/2/19 04:56:32,0,0,0,0,7.14660453796387,6.83864688873291,6.82844591140747,0,0,0,0.037226278334856,1,0
4612,2023/2/19 04:56:36,0,0,0,0,7.14660453796387,6.83864688873291,6.82844591140747,0,0,0,0.037226278334856,1,0
4613,2023/2/19 04:56:40,0,0,0,0,7.14660453796387,6.83864688873291,6.82844591140747,0,0,0,0.037226278334856,1,0
4614,2023/2/19 04:56:44,0,0,0,0,7.14660453796387,6.83864688873291,6.82844591140747,0,0,0,0.037226278334856,1,0
4615,2023/2/19 04:56:48,0,0,0,0,7.14660453796387,6.83864688873291,6.82844591140747,0,0,0,0.037226278334856,1,0
4616,2023/2/19 04:56:52,0,0,0,0,7.14660453796387,6.83864688873291,6.82844591140747,0,0,0,0.037226278334856,1,0
4617,2023/2/19 04:56:56,0,0,0,0,7.14660453796387,6.83864688873291,6.82844591140747,0,0,0,0.037226278334856,1,0
4618,2023/2/19 04:57:00,0,0,0,0,7.14660453796387,6.83864688873291,6.82844591140747,0,0,0,0.037226278334856,1,0
4619,2023/2/19 04:57:04,0,0,0,0,7.14660453796387,6.83864688873291,6.82844591140747,0,0,0,0.037226278334856,1,0
4620,2023/2/19 04:57:08,0,0,0,0,7.14660453796387,6.83864688873291,6.82844591140747,0,0,0,0.037226278334856,1,0
4621,2023/2/19 04:57:12,0,0,0,0,7.14660453796387,6.83864688873291,6.82844591140747,0,0,0,0.037226278334856,1,0
4622,2023/2/19 04:57:16,0,0,0,0,7.14660453796387,6.83864688873291,6.82844591140747,0,0,0,0.037226278334856,1,0
4623,2023/2/19 04:57:20,0,0,0,0,7.14660453796387,6.83864688873291,6.82844591140747,0,0,0,0.037226278334856,1,0
4624,2023/2/19 04:57:24,0,0,0,0,7.14660453796387,6.83864688873291,6.82844591140747,0,0,0,0.037226278334856,1,0
4625,2023/2/19 04:57:28,0,0,0,0,7.14660453796387,6.83864688873291,6.82844591140747,0,0,0,0.037226278334856,1,0
4626,2023/2/19 04:57:32,0,0,0,0,7.14660453796387,6.83864688873291,6.82844591140747,0,0,0,0.037226278334856,1,0
4627,2023/2/19 04:57:36,0,0,0,0,7.14660453796387,6.83864688873291,6.82844591140747,0,0,0,0.037226278334856,1,0
4628,2023/2/19 04:57:40,0,0,0,0,7.14660453796387,6.83864688873291,6.82844591140747,0,0,0,0.037226278334856,1,0
4629,2023/2/19 04:57:44,0,0,0,0,7.14660453796387,6.83864688873291,6.82844591140747,0,0,0,0.037226278334856,1,0
4630,2023/2/19 04:57:48,0,0,0,0,7.14660453796387,6.83864688873291,6.82844591140747,0,0,0,0.037226278334856,1,0
4631,2023/2/19 04:57:52,0,0,0,0,7.14660453796387,6.83864688873291,6.82844591140747,0,0,0,0.037226278334856,1,0
4632,2023/2/19 04:57:56,0,0,0,0,7.14660453796387,6.83864688873291,6.82844591140747,0,0,0,0.037226278334856,1,0
4633,2023/2/19 04:58:00,0,0,0,0,7.14660453796387,6.83864688873291,6.82844591140747,0,0,0,0.037226278334856,1,0
4634,2023/2/19 04:58:04,0,0,0,0,7.14660453796387,6.83864688873291,6.82844591140747,0,0,0,0.037226278334856,1,0
4635,2023/2/19 04:58:08,0,0,0,0,7.14660453796387,6.83864688873291,6.82844591140747,0,0,0,0.037226278334856,1,0
4636,2023/2/19 04:58:12,0,0,0,0,7.14660453796387,6.83864688873291,6.82844591140747,0,0,0,0.037226278334856,1,0
4637,2023/2/19 04:58:16,0,0,0,0,7.14660453796387,6.83864688873291,6.82844591140747,0,0,0,0.037226278334856,1,0
4638,2023/2/19 04:58:20,0,0,0,0,7.14660453796387,6.83864688873291,6.82844591140747,0,0,0,0.037226278334856,1,0
4639,2023/2/19 04:58:24,0,0,0,0,7.14660453796387,6.83864688873291,6.82844591140747,0,0,0,0.037226278334856,1,0
4640,2023/2/19 04:58:28,0,0,0,0,7.14660453796387,6.83864688873291,6.82844591140747,0,0,0,0.037226278334856,1,0
4641,2023/2/19 04:58:32,0,0,0,0,7.14660453796387,6.83864688873291,6.82844591140747,0,0,0,0.037226278334856,1,0
4642,2023/2/19 04:58:36,0,0,0,0,7.14660453796387,6.83864688873291,6.82844591140747,0,0,0,0.037226278334856,1,0
4643,2023/2/19 04:58:40,0,0,0,0,7.14660453796387,6.83864688873291,6.82844591140747,0,0,0,0.037226278334856,1,0
4644,2023/2/19 04:58:44,0,0,0,0,7.14660453796387,6.83864688873291,6.82844591140747,0,0,0,0.037226278334856,1,0
4645,2023/2/19 04:58:48,0,0,0,0,7.14660453796387,6.83864688873291,6.82844591140747,0,0,0,0.037226278334856,1,0
4646,2023/2/19 04:58:52,0,0,0,0,7.14660453796387,6.83864688873291,6.82844591140747,0,0,0,0.037226278334856,1,0
4647,2023/2/19 04:58:56,0,0,0,0,7.14660453796387,6.83864688873291,6.82844591140747,0,0,0,0.037226278334856,1,0
4648,2023/2/19 04:59:00,0,0,0,0,7.14660453796387,6.83864688873291,6.82844591140747,0,0,0,0.037226278334856,1,0
4649,2023/2/19 04:59:04,0,0,0,0,7.14660453796387,6.83864688873291,6.82844591140747,0,0,0,0.037226278334856,1,0
4650,2023/2/19 04:59:08,0,0,0,0,7.14660453796387,6.83864688873291,6.82844591140747,0,0,0,0.037226278334856,1,0
4651,2023/2/19 04:59:12,0,0,0,0,7.14660453796387,6.83864688873291,6.82844591140747,0,0,0,0.037226278334856,1,0
4652,2023/2/19 04:59:16,0,0,0,0,7.14660453796387,6.83864688873291,6.82844591140747,0,0,0,0.037226278334856,1,0
4653,2023/2/19 04:59:20,0,0,0,0,7.14660453796387,6.83864688873291,6.82844591140747,0,0,0,0.037226278334856,1,0
4654,2023/2/19 04:59:24,0,0,0,0,7.14660453796387,6.83864688873291,6.82844591140747,0,0,0,0.037226278334856,1,0
4655,2023/2/19 04:59:28,0,0,0,0,7.14660453796387,6.83864688873291,6.82844591140747,0,0,0,0.037226278334856,1,0
4656,2023/2/19 04:59:32,0,0,0,0,7.14660453796387,6.83864688873291,6.82844591140747,0,0,0,0.037226278334856,1,0
4657,2023/2/19 04:59:36,0,0,0,0,7.14660453796387,6.83864688873291,6.82844591140747,0,0,0,0.037226278334856,1,0
4658,2023/2/19 04:59:40,0,0,0,0,7.14660453796387,6.83864688873291,6.82844591140747,0,0,196.352874755859,0.558394193649292,1,0
4659,2023/2/19 04:59:44,0,0,0,0,7.14660453796387,6.83864688873291,6.82844591140747,0,0,220.40412902832,0.558394193649292,1,0
4660,2023/2/19 04:59:48,0,0,0,0,7.14660453796387,6.83864688873291,6.82844591140747,0,0,220.009841918945,0.558394193649292,1,0
4661,2023/2/19 04:59:52,0,0,0,0,7.14660453796387,6.83864688873291,6.82844591140747,0,0,220.40412902832,0.558394193649292,1,0
4662,2023/2/19 04:59:56,0,-3578.399902,-3534.600098,0,-408.824646,-408.4851074,-414.7848816,0,0,220.798416137695,0.558394193649292,0,0
4663,2023/2/19 05:00:00,0,0,0,0,-408.824646,-408.4851074,-414.7848816,0,0,220.798416137695,0.0558394193649292,0,0
4664,2023/2/19 05:00:04,0,0,0,0,-408.824646,-408.4851074,-414.7848816,0,0,220.009841918945,0.0558394193649292,0,0
4665,2023/2/19 05:00:08,0,0,0,0,-408.824646,-408.4851074,-414.7848816,0,0,220.40412902832,0.0558394193649292,0,0
4666,2023/2/19 05:00:12,0,0,0,0,-408.824646,-408.4851074,-414.7848816,0,0,220.40412902832,0.0558394193649292,0,0
4667,2023/2/19 05:00:16,0,0,0,0,-408.824646,-408.4851074,-414.7848816,0,0,220.40412902832,0.0558394193649292,0,0
4668,2023/2/19 05:00:20,0,0,0,0,-408.824646,-408.4851074,-414.7848816,0,0,220.40412902832,0.0558394193649292,0,0
4669,2023/2/19 05:00:24,0,0,0,0,-408.824646,-408.4851074,-414.7848816,0,0,220.40412902832,0.0558394193649292,0,0
4670,2023/2/19 05:00:28,0,0,0,0,-408.824646,-408.4851074,-414.7848816,0,0,220.40412902832,0.0558394193649292,0,0
4671,2023/2/19 05:00:32,0,0,0,0,-408.824646,-408.4851074,-414.7848816,0,0,220.009841918945,0.0558394193649292,0,0
4672,2023/2/19 05:00:36,0,0,0,0,-408.824646,-408.4851074,-414.7848816,0,0,220.40412902832,0.0558394193649292,0,0
4673,2023/2/19 05:00:40,0,0,0,0,-408.824646,-408.4851074,-414.7848816,-20,-20,261.409545898438,0.558394193649292,0,0
4674,2023/2/19 05:00:44,0,0,0,0,-408.824646,-408.4851074,-414.7848816,-1733.333252,-1719.999878,330.014770507813,6.64489078521729,0,0
4675,2023/2/19 05:00:48,0,-0.200000003,-0.200000003,-0.100000001,-409.2564697,-408.894989,-415.238678,-1340,-1340,330.014770507813,7.81751871109009,0,0
4676,2023/2/19 05:00:52,-0.300000012,-0.400000006,-0.200000003,-0.300000012,-410.1201172,-409.8010559,-416.1246338,-506.6666565,-513.333313,330.409057617188,8.59927082061768,0,0
4677,2023/2/19 05:00:56,0,-0.200000003,-0.200000003,-0.100000001,-411.5235291,-411.224884,-417.5292358,0,-6.666666508,330.014770507813,9.64160633087158,0,0
4678,2023/2/19 05:01:00,0,-0.200000003,0,-0.100000001,-411.9553223,-411.6563416,-417.9830017,-146.6666565,-153.3333282,330.014770507813,10.7025556564331,0,0
4679,2023/2/19 05:01:04,0,0,-0.200000003,-0.100000001,-412.6462402,-412.3466797,-418.6528931,0,-33.33333206,329.620483398438,11.7262783050537,0,0
4680,2023/2/19 05:01:08,0,-0.200000003,0,-0.100000001,-413.056488,-412.7349854,-419.0634766,-140,-146.6666565,330.409057617188,11.9124097824097,0,0
4681,2023/2/19 05:01:12,0,0,0,0,-413.4667053,-413.1448975,-419.4740295,-86.66666412,-126.6666641,330.014770507813,11.9124097824097,0,0
4682,2023/2/19 05:01:16,0,0,0,0,-413.5530701,-413.2311707,-419.5604553,-206.6666565,-213.3333282,330.014770507813,9.23211765289307,0,0
4683,2023/2/19 05:01:20,0,0,0,0,-413.5530701,-413.2311707,-419.5604553,-466.6666565,-466.6666565,330.014770507813,8.11532878875732,0,0
4684,2023/2/19 05:01:24,0,-0.200000003,-0.200000003,0,-413.574646,-413.2743225,-419.6036987,-773.333313,-773.333313,330.014770507813,8.11532878875732,0,0
4685,2023/2/19 05:01:28,0,-0.200000003,-0.200000003,-0.100000001,-414.3087463,-414.0078125,-420.3383789,-686.666626,-713.333313,330.409057617188,8.11532878875732,0,0
4686,2023/2/19 05:01:32,0,0,0,0,-414.9132996,-414.590271,-420.9650574,0,0,275.209442138672,8.11532878875732,0,0
4687,2023/2/19 05:01:36,0,0,0,0,-414.9132996,-414.590271,-420.9866638,0,0,220.40412902832,1.06094896793365,0,0
4688,2023/2/19 05:01:40,0,0,0,0,-414.9132996,-414.590271,-420.9866638,0,0,220.009841918945,0.874817550182343,0,0
4689,2023/2/19 05:01:44,0,0,0,0,-414.9132996,-414.590271,-420.9866638,0,0,220.009841918945,0.651459872722626,0,0
4690,2023/2/19 05:01:48,0,0,0,0,-414.9132996,-414.590271,-420.9866638,0,0,220.009841918945,0.558394193649292,0,0
4691,2023/2/19 05:01:52,0,0,0,0,-414.9132996,-414.590271,-420.9866638,0,0,220.40412902832,0.335036516189575,0,0
4692,2023/2/19 05:01:56,0,0,0,0,-414.9132996,-414.590271,-420.9866638,0,0,220.009841918945,0.0558394193649292,0,0
4693,2023/2/19 05:02:00,0,0,0,0,-414.9132996,-414.590271,-420.9866638,0,0,220.009841918945,0.0558394193649292,0,0
4694,2023/2/19 05:02:04,0,0,0,0,-414.9132996,-414.590271,-420.9866638,0,0,220.009841918945,0.0558394193649292,0,0
4695,2023/2/19 05:02:08,0,0,0,0,-414.9132996,-414.590271,-420.9866638,0,0,220.009841918945,0.0558394193649292,0,0
4696,2023/2/19 05:02:12,0,0,0,0,-414.9132996,-414.590271,-420.9866638,0,0,220.009841918945,0.0558394193649292,0,0
4697,2023/2/19 05:02:16,0,0,0,0,-414.9132996,-414.590271,-420.9866638,0,0,220.009841918945,0.0558394193649292,0,0
4698,2023/2/19 05:02:20,0,0,0,0,-414.9132996,-414.590271,-420.9866638,0,0,220.009841918945,0.0558394193649292,0,0
4699,2023/2/19 05:02:24,0,0,0,0,-414.9132996,-414.590271,-420.9866638,0,0,220.009841918945,0.0558394193649292,0,0
4700,2023/2/19 05:02:28,0,0,0,0,-414.9132996,-414.590271,-420.9866638,0,0,220.009841918945,0.0558394193649292,0,0
4701,2023/2/19 05:02:32,0,0,0,0,-414.9132996,-414.590271,-420.9866638,0,0,220.009841918945,0.0558394193649292,0,0
4702,2023/2/19 05:02:36,0,0,0,0,-414.9132996,-414.590271,-420.9866638,0,0,220.009841918945,0.0558394193649292,0,0
4703,2023/2/19 05:02:40,0,0,0,0,-414.9132996,-414.590271,-420.9866638,0,0,220.009841918945,0.0558394193649292,0,0
4704,2023/2/19 05:02:44,0,0,0,0,-414.9132996,-414.590271,-420.9866638,0,0,220.009841918945,0.0558394193649292,0,0
4705,2023/2/19 05:02:48,0,0,0,0,-414.9132996,-414.590271,-420.9866638,0,0,220.009841918945,0.0558394193649292,0,0
4706,2023/2/19 05:02:52,0,0,0,0,-414.9132996,-414.6118469,-420.9866638,0,0,220.009841918945,0.0558394193649292,0,0
4707,2023/2/19 05:02:56,0,0,0,0,-414.9132996,-414.6118469,-420.9866638,0,0,220.009841918945,0.0558394193649292,0,0
4708,2023/2/19 05:03:00,0,0,0,0,-414.9132996,-414.6118469,-420.9866638,0,0,220.009841918945,0.0558394193649292,0,0
4709,2023/2/19 05:03:04,0,0,0,0,-414.9132996,-414.6118469,-420.9866638,0,0,220.009841918945,0.0558394193649292,0,0
4710,2023/2/19 05:03:08,0,0,0,0,-414.9132996,-414.6118469,-420.9866638,0,0,220.009841918945,0.0558394193649292,0,0
4711,2023/2/19 05:03:12,0,0,0,0,-414.9132996,-414.6118469,-420.9866638,0,0,220.40412902832,0.0558394193649292,0,0
4712,2023/2/19 05:03:16,0,0,0,0,-414.9132996,-414.6118469,-420.9866638,0,0,220.009841918945,0.0558394193649292,0,0
4713,2023/2/19 05:03:20,0,0,0,0,-414.9132996,-414.6118469,-420.9866638,0,0,220.009841918945,0.0558394193649292,0,0
4714,2023/2/19 05:03:24,0,0,0,0,-414.9132996,-414.6118469,-420.9866638,0,0,220.009841918945,0.0558394193649292,0,0
4715,2023/2/19 05:03:28,0,0,0,0,-414.9132996,-414.6118469,-420.9866638,0,0,220.009841918945,0.0558394193649292,0,0
4716,2023/2/19 05:03:32,0,0,0,0,-414.9132996,-414.6118469,-420.9866638,0,0,220.009841918945,0.0558394193649292,0,0
4717,2023/2/19 05:03:36,0,0,0,0,-414.9132996,-414.6118469,-420.9866638,0,0,220.40412902832,0.0558394193649292,0,0
4718,2023/2/19 05:03:40,0,0,0,0,-414.9132996,-414.6118469,-420.9866638,0,0,220.009841918945,0.0558394193649292,0,0
4719,2023/2/19 05:03:44,0,0,0,0,-414.9132996,-414.6118469,-420.9866638,0,0,220.40412902832,0.0558394193649292,0,0
4720,2023/2/19 05:03:48,0,0,0,0,-414.9132996,-414.6118469,-420.9866638,0,0,220.40412902832,0.0558394193649292,0,0
4721,2023/2/19 05:03:52,0,0,0,0,-414.9132996,-414.6118469,-420.9866638,0,0,220.009841918945,0.0558394193649292,0,0
4722,2023/2/19 05:03:56,0,0,0,0,-414.9132996,-414.6118469,-420.9866638,0,0,220.009841918945,0.558394193649292,0,0
4723,2023/2/19 05:04:00,0,0,0,0,-414.9132996,-414.6118469,-420.9866638,266.666656494141,260,314.243469238281,0.595620453357697,0,0
4724,2023/2/19 05:04:04,0,0,0,0,-414.9132996,-414.6118469,-420.9866638,1433.33325195313,1420,330.014770507813,6.8496356010437,0,0
4725,2023/2/19 05:04:08,0,0.200000002980232,0.200000002980232,0,-414.6110229,-414.3098145,-420.6193237,1300,1293.33325195313,329.620483398438,7.91058444976807,0,0
4726,2023/2/19 05:04:12,0,0,0,0,-414.265564,-413.9646606,-420.2735596,0,0,233.415466308594,4.03905153274536,0,0
4727,2023/2/19 05:04:16,0,0,0,0,-414.265564,-413.9646606,-420.2735596,0,0,220.40412902832,0.967883288860321,0,0
4728,2023/2/19 05:04:20,0,0,0,0,-414.265564,-413.9646606,-420.2735596,219.999984741211,219.999984741211,319.763427734375,0.67007303237915,0,0
4729,2023/2/19 05:04:24,0,0,0,0,-414.265564,-413.9646606,-420.2735596,1313.33325195313,1320,330.014770507813,6.75656986236572,0,0
4730,2023/2/19 05:04:28,0,0.200000002980232,0.200000002980232,0.100000001490116,-414.0280762,-413.727356,-420.0358582,973.333312988281,966.666625976563,330.014770507813,7.89197111129761,0,0
4731,2023/2/19 05:04:32,0,0,0,0,-413.920105,-413.6195068,-419.9278259,0,0,221.19270324707,1.41459858417511,0,0
4732,2023/2/19 05:04:36,0,0,0,0,-413.920105,-413.6195068,-419.9278259,0,0,220.009841918945,0.874817550182343,0,0
4733,2023/2/19 05:04:40,0,0,0,0,-413.920105,-413.6195068,-419.9278259,0,0,220.009841918945,0.558394193649292,0,0
4734,2023/2/19 05:04:44,0,0,0,0,-413.920105,-413.6195068,-419.9278259,0,0,220.009841918945,0.558394193649292,0,0
4735,2023/2/19 05:04:48,0,0,0,0,-413.920105,-413.6195068,-419.9278259,0,0,220.009841918945,0.558394193649292,0,0
4736,2023/2/19 05:04:52,0,0,0,0,-413.920105,-413.6195068,-419.9278259,0,0,220.009841918945,0.558394193649292,0,0
4737,2023/2/19 05:04:56,0,0,0,0,-413.920105,-413.6195068,-419.9278259,0,0,220.009841918945,0.558394193649292,0,0
4738,2023/2/19 05:05:00,0,0,0,0,-413.920105,-413.6195068,-419.9278259,0,0,220.40412902832,0.558394193649292,0,0
4739,2023/2/19 05:05:04,0,0,0,0,-413.920105,-413.6195068,-419.9278259,0,0,220.009841918945,0.558394193649292,0,0
4740,2023/2/19 05:05:08,0,0,0,0,-413.920105,-413.6195068,-419.9278259,0,0,220.009841918945,0.558394193649292,0,0
4741,2023/2/19 05:05:12,0,0,0,0,-413.920105,-413.6195068,-419.9278259,0,0,220.009841918945,0.558394193649292,0,0
4742,2023/2/19 05:05:16,0,0,0,0,-413.920105,-413.6195068,-419.9278259,0,0,220.009841918945,0.558394193649292,0,0
4743,2023/2/19 05:05:20,0,0,0,0,-413.920105,-413.6195068,-419.9278259,0,0,220.009841918945,0.558394193649292,0,0
4744,2023/2/19 05:05:24,0,0,0,0,-413.920105,-413.6195068,-419.9278259,0,0,220.009841918945,0.558394193649292,0,0
4745,2023/2/19 05:05:28,0,0,0,0,-413.920105,-413.6195068,-419.9278259,0,0,220.009841918945,0.558394193649292,0,0
4746,2023/2/19 05:05:32,0,0,0,0,-413.920105,-413.6195068,-419.9278259,0,0,220.009841918945,0.558394193649292,0,0
4747,2023/2/19 05:05:36,0,0,0,0,-413.920105,-413.6195068,-419.9278259,0,0,220.009841918945,0.558394193649292,0,0
4748,2023/2/19 05:05:40,0,0,0,0,-413.920105,-413.6195068,-419.9278259,0,0,220.009841918945,0.558394193649292,0,0
4749,2023/2/19 05:05:44,0,0,0,0,-413.920105,-413.6195068,-419.9278259,0,0,220.009841918945,0.558394193649292,0,0
4750,2023/2/19 05:05:48,0,0,0,0,-413.920105,-413.6195068,-419.9278259,0,0,220.009841918945,0.558394193649292,0,0
4751,2023/2/19 05:05:52,0,0,0,0,-413.920105,-413.6195068,-419.9278259,0,0,220.009841918945,0.558394193649292,0,0
4752,2023/2/19 05:05:56,0,0,0,0,-413.920105,-413.6195068,-419.9278259,0,0,220.40412902832,0.558394193649292,0,0
4753,2023/2/19 05:06:00,0,0,0,0,-413.920105,-413.6195068,-419.9278259,0,0,220.009841918945,0.558394193649292,0,0
4754,2023/2/19 05:06:04,0,0,0,0,-413.920105,-413.6195068,-419.9278259,0,0,220.40412902832,0.558394193649292,0,0
4755,2023/2/19 05:06:08,0,0,0,0,-413.920105,-413.6195068,-419.9278259,0,0,220.009841918945,0.558394193649292,0,0
4756,2023/2/19 05:06:12,0,0,0,0,-413.920105,-413.6195068,-419.9278259,0,0,220.009841918945,0.558394193649292,0,0
4757,2023/2/19 05:06:16,0,0,0,0,-413.920105,-413.6195068,-419.9278259,0,0,220.009841918945,0.558394193649292,0,0
4758,2023/2/19 05:06:20,0,0,0,0,-413.920105,-413.6195068,-419.9278259,0,0,220.009841918945,0.558394193649292,0,0
4759,2023/2/19 05:06:24,0,0,0,0,-413.920105,-413.6195068,-419.9278259,0,0,220.009841918945,0.558394193649292,0,0
4760,2023/2/19 05:06:28,0,0,0,0,-413.920105,-413.6195068,-419.9278259,0,0,220.009841918945,0.558394193649292,0,0
4761,2023/2/19 05:06:32,0,0,0,0,-413.920105,-413.6195068,-419.9278259,0,0,220.40412902832,0.558394193649292,0,0
4762,2023/2/19 05:06:36,0,0,0,0,-413.920105,-413.6195068,-419.9278259,0,0,220.009841918945,0.558394193649292,0,0
4763,2023/2/19 05:06:40,0,0,0,0,-413.920105,-413.6195068,-419.9278259,0,0,220.009841918945,0.558394193649292,0,0
4764,2023/2/19 05:06:44,0,0,0,0,-413.920105,-413.6195068,-419.9278259,0,0,220.009841918945,0.558394193649292,0,0
4765,2023/2/19 05:06:48,0,0,0,0,-413.920105,-413.6195068,-419.9278259,0,0,220.009841918945,0.558394193649292,0,0
4766,2023/2/19 05:06:52,0,0,0,0,-413.920105,-413.6195068,-419.9278259,0,0,220.009841918945,0.558394193649292,0,0
4767,2023/2/19 05:06:56,0,0,0,0,-413.920105,-413.6195068,-419.9278259,0,0,220.009841918945,0.558394193649292,0,0
4768,2023/2/19 05:07:00,0,0,0,0,-413.920105,-413.6195068,-419.9278259,0,0,220.009841918945,0.558394193649292,0,0
4769,2023/2/19 05:07:04,0,0,0,0,-413.920105,-413.6195068,-419.9278259,0,0,220.009841918945,0.558394193649292,0,0
4770,2023/2/19 05:07:08,0,0,0,0,-413.920105,-413.6195068,-419.9278259,0,0,220.40412902832,0.558394193649292,0,0
4771,2023/2/19 05:07:12,0,0,0,0,-413.920105,-413.6195068,-419.9278259,0,0,220.009841918945,0.558394193649292,0,0
4772,2023/2/19 05:07:16,0,0,0,0,-413.920105,-413.6195068,-419.9278259,0,0,220.009841918945,0.558394193649292,0,0
4773,2023/2/19 05:07:20,0,0,0,0,-413.920105,-413.6195068,-419.9278259,0,0,220.009841918945,0.558394193649292,0,0
4774,2023/2/19 05:07:24,0,0,0,0,-413.920105,-413.6195068,-419.9278259,0,0,220.009841918945,0.558394193649292,0,0
4775,2023/2/19 05:07:28,0,0,0,0,-413.920105,-413.6195068,-419.9278259,0,0,220.009841918945,0.558394193649292,0,0
4776,2023/2/19 05:07:32,0,0,0,0,-413.920105,-413.6195068,-419.9278259,0,0,220.40412902832,0.353649646043777,0,0
4777,2023/2/19 05:07:36,0,0,0,0,-413.920105,-413.6195068,-419.9278259,0,0,220.009841918945,0.0558394193649292,0,0
4778,2023/2/19 05:07:40,0,0,0,0,-413.920105,-413.6195068,-419.9278259,0,0,220.009841918945,0.0558394193649292,0,0
4779,2023/2/19 05:07:44,0,0,0,0,-413.920105,-413.6195068,-419.9278259,0,0,220.009841918945,0.0558394193649292,0,0
4780,2023/2/19 05:07:48,0,0,0,0,-413.920105,-413.6195068,-419.9278259,0,0,220.009841918945,0.0558394193649292,0,0
4781,2023/2/19 05:07:52,0,0,0,0,-413.920105,-413.6195068,-419.9278259,0,0,220.009841918945,0.0558394193649292,0,0
4782,2023/2/19 05:07:56,0,0,0,0,-413.920105,-413.6195068,-419.9278259,0,0,220.009841918945,0.0558394193649292,0,0
4783,2023/2/19 05:08:00,0,0,0,0,-413.920105,-413.6195068,-419.9278259,0,0,220.009841918945,0.0558394193649292,0,0
4784,2023/2/19 05:08:04,0,0,0,0,-413.920105,-413.6195068,-419.9278259,0,0,220.009841918945,0.0558394193649292,0,0
4785,2023/2/19 05:08:08,0,0,0,0,-413.920105,-413.6195068,-419.9278259,0,0,220.009841918945,0.0558394193649292,0,0
4786,2023/2/19 05:08:12,0,0,0,0,-413.920105,-413.6195068,-419.9278259,0,0,220.40412902832,0.0558394193649292,0,0
4787,2023/2/19 05:08:16,0,0,0,0,-413.920105,-413.6195068,-419.9278259,0,0,220.009841918945,0.0558394193649292,0,0
4788,2023/2/19 05:08:20,0,0,0,0,-413.920105,-413.6195068,-419.9278259,0,0,220.40412902832,0.0558394193649292,0,0
4789,2023/2/19 05:08:24,0,0,0,0,-413.920105,-413.6195068,-419.9278259,0,0,220.009841918945,0.0558394193649292,0,0
4790,2023/2/19 05:08:28,0,0,0,0,-413.920105,-413.6195068,-419.9278259,0,0,220.40412902832,0.0558394193649292,0,0
4791,2023/2/19 05:08:32,0,0,0,0,-413.920105,-413.6195068,-419.9278259,0,0,220.009841918945,0.0558394193649292,0,0
4792,2023/2/19 05:08:36,0,0,0,0,-413.920105,-413.6195068,-419.9278259,0,0,220.40412902832,0.0558394193649292,0,0
4793,2023/2/19 05:08:40,0,0,0,0,-413.920105,-413.6195068,-419.9278259,0,0,220.009841918945,0.0558394193649292,0,0
4794,2023/2/19 05:08:44,0,0,0,0,-413.920105,-413.6195068,-419.9278259,0,0,220.009841918945,0.0558394193649292,0,0
4795,2023/2/19 05:08:48,0,0,0,0,-413.920105,-413.6195068,-419.9278259,0,0,220.009841918945,0.0558394193649292,0,0
4796,2023/2/19 05:08:52,0,0,0,0,-413.920105,-413.6195068,-419.9278259,0,0,220.009841918945,0.0558394193649292,0,0
4797,2023/2/19 05:08:56,0,0,0,0,-413.920105,-413.6195068,-419.9278259,0,0,220.009841918945,0.0558394193649292,0,0
4798,2023/2/19 05:09:00,0,0,0,0,-413.920105,-413.6195068,-419.9278259,0,0,220.009841918945,0.0558394193649292,0,0
4799,2023/2/19 05:09:04,0,0,0,0,-413.920105,-413.6195068,-419.9278259,0,0,220.40412902832,0.0558394193649292,0,0
4800,2023/2/19 05:09:08,0,0,0,0,-413.920105,-413.6195068,-419.9278259,0,0,220.009841918945,0.0558394193649292,0,0
4801,2023/2/19 05:09:12,0,0,0,0,-413.920105,-413.6195068,-419.9278259,0,0,220.009841918945,0.0558394193649292,0,0
4802,2023/2/19 05:09:16,0,0,0,0,-413.920105,-413.6195068,-419.9278259,0,0,220.40412902832,0.0558394193649292,0,0
4803,2023/2/19 05:09:20,0,0,0,0,-413.920105,-413.6195068,-419.9278259,0,0,220.009841918945,0.0558394193649292,0,0
4804,2023/2/19 05:09:24,0,0,0,0,-413.920105,-413.6195068,-419.9278259,0,0,220.009841918945,0.0558394193649292,0,0
4805,2023/2/19 05:09:28,0,0,0,0,-413.920105,-413.6195068,-419.9278259,0,0,220.40412902832,0.0558394193649292,0,0
4806,2023/2/19 05:09:32,0,0,0,0,-413.920105,-413.6195068,-419.9278259,0,0,0,0.037226278334856,0,0
4807,2023/2/19 05:09:36,0,0,0,0,-413.920105,-413.6195068,-419.9278259,0,0,0,0.037226278334856,0,0
4808,2023/2/19 05:09:40,0,0,0,0,-413.920105,-413.6195068,-419.9278259,0,0,0,0.037226278334856,0,0
4809,2023/2/19 05:09:44,0,0,0,0,-413.920105,-413.6195068,-419.9278259,0,0,0,0.037226278334856,0,0
4810,2023/2/19 05:09:48,0,0,0,0,-413.920105,-413.6195068,-419.9278259,0,0,0,0.037226278334856,0,0
4811,2023/2/19 05:09:52,0,0,0,0,-413.920105,-413.6195068,-419.9278259,0,0,0,0.037226278334856,0,0
4812,2023/2/19 05:09:56,0,0,0,0,-413.920105,-413.6195068,-419.9278259,0,0,0,0.037226278334856,0,0
4813,2023/2/19 05:10:00,0,0,0,0,-413.920105,-413.6195068,-419.9278259,0,0,0,0.037226278334856,0,0
4814,2023/2/19 05:10:04,0,0,0,0,-413.920105,-413.6195068,-419.9278259,0,0,0,0.037226278334856,0,0
4815,2023/2/19 05:10:08,0,0,0,0,-413.920105,-413.6195068,-419.9278259,0,0,0,0.037226278334856,0,0
4816,2023/2/19 05:10:12,0,0,0,0,-413.920105,-413.6195068,-419.9278259,0,0,0,0.037226278334856,0,0
4817,2023/2/19 05:10:16,0,0,0,0,-413.920105,-413.6195068,-419.9278259,0,0,0,0.037226278334856,0,0
4818,2023/2/19 05:10:20,0,0,0,0,-413.920105,-413.6195068,-419.9278259,0,0,0,0.037226278334856,0,0
4819,2023/2/19 05:10:24,0,0,0,0,-413.920105,-413.6195068,-419.9278259,0,0,0,0.037226278334856,0,0
4820,2023/2/19 05:10:28,0,0,0,0,-413.920105,-413.6195068,-419.9278259,0,0,0,0.037226278334856,0,0
4821,2023/2/19 05:10:32,0,0,0,0,-413.920105,-413.6195068,-419.9278259,0,0,0,0.037226278334856,0,0
4822,2023/2/19 05:10:36,0,0,0,0,-413.920105,-413.6195068,-419.9278259,0,0,0,0.037226278334856,0,0
4823,2023/2/19 05:10:40,0,0,0,0,-413.920105,-413.6195068,-419.9278259,0,0,0,0.037226278334856,0,0
4824,2023/2/19 05:10:44,0,0,0,0,-413.920105,-413.6195068,-419.9278259,0,0,0,0.037226278334856,0,0
4825,2023/2/19 05:10:48,0,0,0,0,-413.920105,-413.6195068,-419.9278259,0,0,0,0.037226278334856,0,0
4826,2023/2/19 05:10:52,0,0,0,0,-413.920105,-413.6195068,-419.9278259,0,0,0,0.037226278334856,0,0
4827,2023/2/19 05:10:56,0,0,0,0,-413.920105,-413.6195068,-419.9278259,0,0,0,0.037226278334856,0,0
4828,2023/2/19 05:11:00,0,0,0,0,-413.920105,-413.6195068,-419.9278259,6.66666650772095,0,0,0.037226278334856,0,0
4829,2023/2/19 05:11:04,0,0,0,0,-413.920105,-413.6195068,-419.9278259,0,0,0,0.037226278334856,0,0
4830,2023/2/19 05:11:08,0,0,0,0,-413.920105,-413.6195068,-419.9278259,0,0,0,0.037226278334856,0,0
4831,2023/2/19 05:11:12,0,0,0,0,-413.920105,-413.6195068,-419.9278259,0,0,0,0.037226278334856,0,0
4832,2023/2/19 05:11:16,0,0,0,0,-413.920105,-413.6195068,-419.9278259,0,0,0,0.037226278334856,0,0
4833,2023/2/19 05:11:20,0,0,0,0,-413.920105,-413.6195068,-419.9278259,0,0,0,0.037226278334856,0,0
4834,2023/2/19 05:11:24,0,0,0,0,-413.920105,-413.6195068,-419.9278259,0,0,0,0.037226278334856,0,0
4835,2023/2/19 05:11:28,0,0,0,0,-413.920105,-413.6195068,-419.9278259,0,0,0,0.037226278334856,0,0
4836,2023/2/19 05:11:32,0,0,0,0,-413.920105,-413.6195068,-419.9278259,0,0,0,0.037226278334856,0,0
4837,2023/2/19 05:11:36,0,0,0,0,-413.920105,-413.6195068,-419.9278259,0,0,0,0.037226278334856,0,0
4838,2023/2/19 05:11:40,0,0,0,0,-413.920105,-413.6195068,-419.9278259,0,0,0,0.037226278334856,0,0
4839,2023/2/19 05:11:44,0,0,0,0,-413.920105,-413.6195068,-419.9278259,0,0,0,0.037226278334856,0,0
4840,2023/2/19 05:11:48,0,0,0,0,-413.920105,-413.6195068,-419.9278259,0,0,0,0.037226278334856,0,0
4841,2023/2/19 05:11:52,0,0,0,0,-413.920105,-413.6195068,-419.9278259,0,0,0,0.037226278334856,0,0
4842,2023/2/19 05:11:56,0,0,0,0,-413.920105,-413.6195068,-419.9278259,0,0,0,0.037226278334856,0,0
4843,2023/2/19 05:12:00,0,0,0,0,-413.920105,-413.6195068,-419.9278259,0,0,0,0.037226278334856,0,0
4844,2023/2/19 05:12:04,0,0,0,0,-413.920105,-413.6195068,-419.9278259,0,0,0,0.037226278334856,0,0
4845,2023/2/19 05:12:08,0,0,0,0,-413.920105,-413.6195068,-419.9278259,0,0,0,0.037226278334856,0,0
4846,2023/2/19 05:12:12,0,0,0,0,-413.920105,-413.6195068,-419.9278259,0,0,0,0.037226278334856,0,0
4847,2023/2/19 05:12:16,0,0,0,0,-413.920105,-413.6195068,-419.9278259,0,0,0,0.037226278334856,0,0
4848,2023/2/19 05:12:20,0,0,0,0,-413.920105,-413.6195068,-419.9278259,0,0,0,0.037226278334856,0,0
4849,2023/2/19 05:12:24,0,0,0,0,-413.920105,-413.6195068,-419.9278259,0,0,0,0.037226278334856,0,0
4850,2023/2/19 05:12:28,0,0,0,0,-413.920105,-413.6195068,-419.9278259,0,0,0,0.037226278334856,0,0
4851,2023/2/19 05:12:32,0,0,0,0,-413.920105,-413.6195068,-419.9278259,0,0,0,0.037226278334856,0,0
4852,2023/2/19 05:12:36,0,0,0,0,-413.920105,-413.6195068,-419.9278259,0,0,0,0.037226278334856,0,0
4853,2023/2/19 05:12:40,0,0,0,0,-413.920105,-413.6195068,-419.9278259,0,0,0,0.037226278334856,0,0
4854,2023/2/19 05:12:44,0,0,0,0,-413.920105,-413.6195068,-419.9278259,0,0,0,0.037226278334856,0,0
4855,2023/2/19 05:12:48,0,0,0,0,-413.920105,-413.6195068,-419.9278259,0,0,0,0.037226278334856,0,0
4856,2023/2/19 05:12:52,0,0,0,0,-413.920105,-413.6195068,-419.9278259,0,0,0,0.037226278334856,0,0
4857,2023/2/19 05:12:56,0,0,0,0,-413.920105,-413.6195068,-419.9278259,0,0,0,0.037226278334856,0,0
4858,2023/2/19 05:13:00,0,0,0,0,-413.920105,-413.6195068,-419.9278259,0,0,0,0.037226278334856,0,0
4859,2023/2/19 05:13:04,0,0,0,0,-413.920105,-413.6195068,-419.9278259,0,0,0,0.037226278334856,0,0
4860,2023/2/19 05:13:08,0,0,0,0,-413.920105,-413.6195068,-419.9278259,0,0,0,0.037226278334856,0,0
4861,2023/2/19 05:13:12,0,0,0,0,-413.920105,-413.6195068,-419.9278259,0,0,0,0.037226278334856,0,0
4862,2023/2/19 05:13:16,0,0,0,0,-413.920105,-413.6195068,-419.9278259,0,0,0,0.037226278334856,0,0
4863,2023/2/19 05:13:20,0,0,0,0,-413.920105,-413.6195068,-419.9278259,0,0,0,0.037226278334856,0,0
4864,2023/2/19 05:13:24,0,0,0,0,-413.920105,-413.6195068,-419.9278259,0,0,0,0.037226278334856,0,0
4865,2023/2/19 05:13:28,0,0,0,0,-413.920105,-413.6195068,-419.9278259,0,0,0,0.037226278334856,0,0
4866,2023/2/19 05:13:32,0,0,0,0,-413.920105,-413.6195068,-419.9278259,0,0,0,0.037226278334856,0,0
4867,2023/2/19 05:13:36,0,0,0,0,-413.920105,-413.6195068,-419.9278259,0,0,0,0.037226278334856,0,0
4868,2023/2/19 05:13:40,0,0,0,0,-413.920105,-413.6195068,-419.9278259,0,0,0,0.037226278334856,0,0
4869,2023/2/19 05:13:44,0,0,0,0,-413.920105,-413.6195068,-419.9278259,0,0,0,0.037226278334856,0,0
4870,2023/2/19 05:13:48,0,0,0,0,-413.920105,-413.6195068,-419.9278259,0,0,0,0.037226278334856,0,0
4871,2023/2/19 05:13:52,0,0,0,0,-413.920105,-413.6195068,-419.9278259,0,0,0,0.037226278334856,0,0
4872,2023/2/19 05:13:56,0,0,0,0,-413.920105,-413.6195068,-419.9278259,0,0,0,0.037226278334856,0,0
4873,2023/2/19 05:14:00,0,0,0,0,-413.920105,-413.6195068,-419.9278259,0,0,0,0.037226278334856,0,0
4874,2023/2/19 05:14:04,0,0,0,0,-413.920105,-413.6195068,-419.9278259,0,0,0,0.037226278334856,0,0
4875,2023/2/19 05:14:08,0,0,0,0,-413.920105,-413.6195068,-419.9278259,0,0,0,0.037226278334856,0,0
4876,2023/2/19 05:14:12,0,0,0,0,-413.920105,-413.6195068,-419.9278259,0,0,0,0.037226278334856,0,0
4877,2023/2/19 05:14:16,0,0,0,0,-413.920105,-413.6195068,-419.9278259,0,0,240.512557983398,0.558394193649292,0,0
4878,2023/2/19 05:14:20,0,0,0,0,-413.920105,-413.6195068,-419.9278259,-1293.333252,-1300,328.043365478516,6.01204395294189,0,0
4879,2023/2/19 05:14:24,0,0,0,0,-414.1791992,-413.8783569,-420.2303467,-1220,-1233.333252,330.409057617188,7.50109529495239,0,0
4880,2023/2/19 05:14:28,0,0,0,0,-414.2871704,-413.9646606,-420.3167725,-1440,-1440,329.226196289063,7.70584011077881,0,0
4881,2023/2/19 05:14:32,0,0,0,0,-414.2871704,-413.9646606,-420.3167725,-1539.999878,-1546.666626,330.409057617188,7.74306631088257,0,0
4882,2023/2/19 05:14:36,0,0,0,-0.100000001,-414.6542053,-414.3313904,-420.6841431,-1413.333252,-1413.333252,330.014770507813,7.70584011077881,0,0
4883,2023/2/19 05:14:40,0,0,0,0,-414.9780579,-414.6549988,-421.0298767,0,0,266.535217285156,7.79890537261963,0,0
4884,2023/2/19 05:14:44,0,0,0,0,-414.9780579,-414.6765747,-421.0298767,0,0,220.40412902832,0.967883288860321,0,0
4885,2023/2/19 05:14:48,0,0,0,0,-414.9780579,-414.6765747,-421.0298767,0,0,220.009841918945,0.856204450130463,0,0
4886,2023/2/19 05:14:52,0,0,0,0,-414.9780579,-414.6765747,-421.0298767,0,0,220.009841918945,0.558394193649292,0,0
4887,2023/2/19 05:14:56,0,0,0,0,-414.9780579,-414.6765747,-421.0298767,0,0,220.40412902832,0.0558394193649292,0,0
4888,2023/2/19 05:15:00,0,0,0,0,-414.9780579,-414.6765747,-421.0298767,0,0,220.009841918945,0.0558394193649292,0,0
4889,2023/2/19 05:15:04,0,0,0,0,-414.9780579,-414.6765747,-421.0298767,0,0,220.40412902832,0.0558394193649292,0,0
4890,2023/2/19 05:15:08,0,0,0,0,-414.9780579,-414.6765747,-421.0298767,0,0,220.009841918945,0.0558394193649292,0,0
4891,2023/2/19 05:15:12,0,0,0,0,-414.9780579,-414.6765747,-421.0298767,0,0,220.40412902832,0.0558394193649292,0,0
4892,2023/2/19 05:15:16,0,0,0,0,-414.9780579,-414.6765747,-421.0298767,0,0,220.009841918945,0.0558394193649292,0,0
4893,2023/2/19 05:15:20,0,0,0,0,-414.9780579,-414.6765747,-421.0298767,0,0,220.40412902832,0.0558394193649292,0,0
4894,2023/2/19 05:15:24,0,0,0,0,-414.9780579,-414.6765747,-421.0298767,0,0,220.009841918945,0.0558394193649292,0,0
4895,2023/2/19 05:15:28,0,0,0,0,-414.9780579,-414.6765747,-421.0298767,0,0,220.40412902832,0.0558394193649292,0,0
4896,2023/2/19 05:15:32,0,0,0,0,-414.9780579,-414.6765747,-421.0298767,0,0,220.009841918945,0.0558394193649292,0,0
4897,2023/2/19 05:15:36,0,0,0,0,-414.9780579,-414.6765747,-421.0298767,0,0,220.009841918945,0.0558394193649292,0,0
4898,2023/2/19 05:15:40,0,0,0,0,-414.9780579,-414.6765747,-421.0298767,0,0,220.40412902832,0.0558394193649292,0,0
4899,2023/2/19 05:15:44,0,0,0,0,-414.9780579,-414.6765747,-421.0298767,0,0,220.009841918945,0.0558394193649292,0,0
4900,2023/2/19 05:15:48,0,0,0,0,-414.9780579,-414.6765747,-421.0298767,0,0,220.009841918945,0.0558394193649292,0,0
4901,2023/2/19 05:15:52,0,0,0,0,-414.9780579,-414.6765747,-421.0298767,0,0,220.40412902832,0.0558394193649292,0,0
4902,2023/2/19 05:15:56,0,0,0,0,-414.9780579,-414.6765747,-421.0298767,0,0,220.009841918945,0.0558394193649292,0,0
4903,2023/2/19 05:16:00,0,0,0,0,-414.9780579,-414.6765747,-421.0298767,0,0,220.009841918945,0.0558394193649292,0,0
4904,2023/2/19 05:16:04,0,0,0,0,-414.9780579,-414.6765747,-421.0298767,6.66666650772095,0,220.40412902832,0.0558394193649292,0,0
4905,2023/2/19 05:16:08,0,0,0,0,-414.9780579,-414.6765747,-421.0298767,0,0,220.009841918945,0.0558394193649292,0,0
4906,2023/2/19 05:16:12,0,0,0,0,-414.9780579,-414.6765747,-421.0298767,0,0,220.009841918945,0.0558394193649292,0,0
4907,2023/2/19 05:16:16,0,0,0,0,-414.9780579,-414.6765747,-421.0298767,0,0,220.40412902832,0.0558394193649292,0,0
4908,2023/2/19 05:16:20,0,0,0,0,-414.9780579,-414.6765747,-421.0298767,0,0,220.009841918945,0.0558394193649292,0,0
4909,2023/2/19 05:16:24,0,0,0,0,-414.9780579,-414.6765747,-421.0298767,0,0,220.40412902832,0.0558394193649292,0,0
4910,2023/2/19 05:16:28,0,0,0,0,-414.9780579,-414.6765747,-421.0298767,0,0,220.009841918945,0.0558394193649292,0,0
4911,2023/2/19 05:16:32,0,0,0,0,-414.9780579,-414.6765747,-421.0298767,0,0,220.009841918945,0.0558394193649292,0,0
4912,2023/2/19 05:16:36,0,0,0,0,-414.9780579,-414.6765747,-421.0298767,0,0,220.009841918945,0.0558394193649292,0,0
4913,2023/2/19 05:16:40,0,0,0,0,-414.9780579,-414.6765747,-421.0298767,0,0,220.40412902832,0.0558394193649292,0,0
4914,2023/2/19 05:16:44,0,0,0,0,-414.9780579,-414.6765747,-421.0298767,0,0,220.009841918945,0.0558394193649292,0,0
4915,2023/2/19 05:16:48,0,0,0,0,-414.9780579,-414.6765747,-421.0298767,0,0,220.009841918945,0.0558394193649292,0,0
4916,2023/2/19 05:16:52,0,0,0,0,-414.9780579,-414.6765747,-421.0298767,0,0,220.009841918945,0.0558394193649292,0,0
4917,2023/2/19 05:16:56,0,0,0,0,-414.9780579,-414.6765747,-421.0298767,0,0,220.40412902832,0.0558394193649292,0,0
4918,2023/2/19 05:17:00,0,0,0,0,-414.9780579,-414.6765747,-421.0298767,0,0,220.009841918945,0.0558394193649292,0,0
4919,2023/2/19 05:17:04,0,0,0,0,-414.9780579,-414.6765747,-421.0298767,0,0,220.40412902832,0.0558394193649292,0,0
4920,2023/2/19 05:17:08,0,0,0,0,-414.9780579,-414.6765747,-421.0298767,0,0,220.009841918945,0.0558394193649292,0,0
4921,2023/2/19 05:17:12,0,0,0,0,-414.9780579,-414.6765747,-421.0298767,0,0,220.009841918945,0.0558394193649292,0,0
4922,2023/2/19 05:17:16,0,0,0,0,-414.9780579,-414.6765747,-421.0298767,0,0,220.009841918945,0.0558394193649292,0,0
4923,2023/2/19 05:17:20,0,0,0,0,-414.9780579,-414.6765747,-421.0298767,0,0,220.40412902832,0.0558394193649292,0,0
4924,2023/2/19 05:17:24,0,0,0,0,-414.9780579,-414.6765747,-421.0298767,0,0,220.009841918945,0.0558394193649292,0,0
4925,2023/2/19 05:17:28,0,0,0,0,-414.9780579,-414.6765747,-421.0298767,0,0,220.009841918945,0.0558394193649292,0,0
4926,2023/2/19 05:17:32,0,0,0,0,-414.9780579,-414.6765747,-421.0298767,0,0,220.009841918945,0.0558394193649292,0,0
4927,2023/2/19 05:17:36,0,0,0,0,-414.9780579,-414.6765747,-421.0298767,0,0,220.009841918945,0.0558394193649292,0,0
4928,2023/2/19 05:17:40,0,0,0,0,-414.9780579,-414.6765747,-421.0298767,0,0,220.009841918945,0.0558394193649292,0,0
4929,2023/2/19 05:17:44,0,0,0,0,-414.9780579,-414.6765747,-421.0298767,0,0,220.009841918945,0.0558394193649292,0,0
4930,2023/2/19 05:17:48,0,0,0,0,-414.9780579,-414.6765747,-421.0298767,0,0,220.40412902832,0.0558394193649292,0,0
4931,2023/2/19 05:17:52,0,0,0,0,-414.9780579,-414.6765747,-421.0298767,0,0,220.009841918945,0.0558394193649292,0,0
4932,2023/2/19 05:17:56,0,0,0,0,-414.9780579,-414.6765747,-421.0298767,0,0,220.40412902832,0.0558394193649292,0,0
4933,2023/2/19 05:18:00,0,0,0,0,-414.9780579,-414.6765747,-421.0298767,0,0,220.009841918945,0.0558394193649292,0,0
4934,2023/2/19 05:18:04,0,0,0,0,-414.9780579,-414.6765747,-421.0298767,0,0,220.009841918945,0.0558394193649292,0,0
4935,2023/2/19 05:18:08,0,0,0,0,-414.9780579,-414.6765747,-421.0298767,0,0,220.009841918945,0.0558394193649292,0,0
4936,2023/2/19 05:18:12,0,0,0,0,-414.9780579,-414.6765747,-421.0298767,0,0,220.40412902832,0.0558394193649292,0,0
4937,2023/2/19 05:18:16,0,0,0,0,-414.9780579,-414.6765747,-421.0298767,0,0,220.009841918945,0.0558394193649292,0,0
4938,2023/2/19 05:18:20,0,0,0,0,-414.9780579,-414.6765747,-421.0298767,0,0,220.40412902832,0.0558394193649292,0,0
4939,2023/2/19 05:18:24,0,0,0,0,-414.9780579,-414.6765747,-421.0298767,0,0,220.009841918945,0.0558394193649292,0,0
4940,2023/2/19 05:18:28,0,0,0,0,-414.9780579,-414.6765747,-421.0298767,0,0,220.40412902832,0.0558394193649292,0,0
4941,2023/2/19 05:18:32,0,0,0,0,-414.9780579,-414.6765747,-421.0298767,0,0,220.009841918945,0.0558394193649292,0,0
4942,2023/2/19 05:18:36,0,0,0,0,-414.9780579,-414.6765747,-421.0298767,0,0,220.009841918945,0.0558394193649292,0,0
4943,2023/2/19 05:18:40,0,0,0,0,-414.9780579,-414.6765747,-421.0298767,0,0,220.009841918945,0.0558394193649292,0,0
4944,2023/2/19 05:18:44,0,0,0,0,-414.9780579,-414.6765747,-421.0298767,0,0,220.40412902832,0.0558394193649292,0,0
4945,2023/2/19 05:18:48,0,0,0,0,-414.9780579,-414.6765747,-421.0298767,0,0,220.009841918945,0.0558394193649292,0,0
4946,2023/2/19 05:18:52,0,0,0,0,-414.9780579,-414.6765747,-421.0298767,0,0,220.009841918945,0.0558394193649292,0,0
4947,2023/2/19 05:18:56,0,0,0,0,-414.9780579,-414.6765747,-421.0298767,0,0,220.009841918945,0.0558394193649292,0,0
4948,2023/2/19 05:19:00,0,0,0,0,-414.9780579,-414.6765747,-421.0298767,0,0,220.40412902832,0.0558394193649292,0,0
4949,2023/2/19 05:19:04,0,0,0,0,-414.9780579,-414.6765747,-421.0298767,0,0,220.009841918945,0.0558394193649292,0,0
4950,2023/2/19 05:19:08,0,0,0,0,-414.9780579,-414.6765747,-421.0298767,0,0,220.40412902832,0.0558394193649292,0,0
4951,2023/2/19 05:19:12,0,0,0,0,-414.9780579,-414.6765747,-421.0298767,0,0,220.009841918945,0.0558394193649292,0,0
4952,2023/2/19 05:19:16,0,0,0,0,-414.9780579,-414.6765747,-421.0298767,0,0,220.40412902832,0.0558394193649292,0,0
4953,2023/2/19 05:19:20,0,0,0,0,-414.9780579,-414.6765747,-421.0298767,0,0,220.40412902832,0.0558394193649292,0,0
4954,2023/2/19 05:19:24,0,0,0,0,-414.9780579,-414.6765747,-421.0298767,0,0,220.009841918945,0.0558394193649292,0,0
4955,2023/2/19 05:19:28,0,0,0,0,-414.9780579,-414.6765747,-421.0298767,0,0,220.009841918945,0.0558394193649292,0,0
4956,2023/2/19 05:19:32,0,0,0,0,-414.9780579,-414.6765747,-421.0298767,0,0,220.009841918945,0.0558394193649292,0,0
4957,2023/2/19 05:19:36,0,0,0,0,-414.9780579,-414.6765747,-421.0298767,0,0,220.40412902832,0.0558394193649292,0,0
4958,2023/2/19 05:19:40,0,0,0,0,-414.9780579,-414.6765747,-421.0298767,0,0,57.9595832824707,0.0558394193649292,0,0
4959,2023/2/19 05:19:44,0,0,0,0,-414.9780579,-414.6765747,-421.0298767,0,0,0,0.037226278334856,0,0
4960,2023/2/19 05:19:48,0,0,0,0,-414.9780579,-414.6765747,-421.0298767,0,0,0,0.037226278334856,0,0
4961,2023/2/19 05:19:52,0,0,0,0,-414.9780579,-414.6765747,-421.0298767,0,0,0,0.037226278334856,0,0
4962,2023/2/19 05:19:56,0,0,0,0,-414.9780579,-414.6765747,-421.0298767,0,0,0,0.037226278334856,0,0
4963,2023/2/19 05:20:00,0,0,0,0,-414.9780579,-414.6765747,-421.0298767,0,0,0,0.037226278334856,0,0
4964,2023/2/19 05:20:04,0,0,0,0,-414.9780579,-414.6765747,-421.0298767,0,0,0,0.037226278334856,0,0
4965,2023/2/19 05:20:08,0,0,0,0,-414.9780579,-414.6765747,-421.0298767,0,0,0,0.037226278334856,0,0
4966,2023/2/19 05:20:12,0,0,0,0,-414.9780579,-414.6765747,-421.0298767,0,0,203.055679321289,0.558394193649292,0,0
4967,2023/2/19 05:20:16,0,0,0,0,-414.9780579,-414.6765747,-421.0298767,899.999938964844,906.666625976563,328.831909179688,2.9967155456543,0,0
4968,2023/2/19 05:20:20,0.200000002980232,0.200000002980232,0.200000002980232,0.100000001490116,-414.8916931,-414.6118469,-420.900238,2053.33325195313,2006.66662597656,330.014770507813,7.11021947860718,0,0
4969,2023/2/19 05:20:24,0,0.200000002980232,0.200000002980232,0.100000001490116,-414.2223816,-413.9430847,-420.2303467,793.333312988281,793.333312988281,331.197631835938,8.15255546569824,0,0
4970,2023/2/19 05:20:28,0.800000011920929,0.699999988079071,0.699999988079071,0.800000011920929,-412.0848694,-411.7857971,-418.069458,166.666656494141,193.33332824707,330.409057617188,9.10182571411133,0,0
4971,2023/2/19 05:20:32,0.5,0.400000005960464,0.400000005960464,0.5,-408.9326172,-408.614563,-414.8929138,-73.33332825,-86.66666412,330.803344726563,10.0138692855835,0,0
4972,2023/2/19 05:20:36,0.400000005960464,0.600000023841858,0.5,0.400000005960464,-406.7087402,-406.3925171,-412.6672058,0,0,330.409057617188,11.0189790725708,0,0
4973,2023/2/19 05:20:40,0.400000005960464,0.600000023841858,0.400000005960464,0.400000005960464,-404.420105,-404.1273499,-410.3334351,-26.66666603,-26.66666603,330.803344726563,11.8193435668945,0,0
4974,2023/2/19 05:20:44,0.400000005960464,0.600000023841858,0.400000005960464,0.400000005960464,-402.196228,-401.9269104,-408.129303,0,-6.666666508,330.409057617188,11.8193435668945,0,0
4975,2023/2/19 05:20:48,0.400000005960464,0.600000023841858,0.400000005960464,0.400000005960464,-399.9723511,-399.704895,-405.9035645,-6.666666508,-13.33333302,330.409057617188,11.8193435668945,0,0
4976,2023/2/19 05:20:52,0.400000005960464,0.400000005960464,0.5,0.400000005960464,-397.7700806,-397.4613037,-403.6778564,-6.666666508,-6.666666508,330.409057617188,11.8193435668945,0,0
4977,2023/2/19 05:20:56,0.400000005960464,0.600000023841858,0.5,0.400000005960464,-395.5678101,-395.2608643,-401.4305115,-6.666666508,-13.33333302,330.409057617188,11.8193435668945,0,0
4978,2023/2/19 05:21:00,0.400000005960464,0.400000005960464,0.5,0.400000005960464,-393.3655396,-393.0603943,-399.1615601,-6.666666508,-6.666666508,330.014770507813,11.8193435668945,0,0
4979,2023/2/19 05:21:04,0.400000005960464,0.600000023841858,0.5,0.400000005960464,-391.1632385,-390.8815308,-396.9358521,-6.666666508,-6.666666508,330.014770507813,11.8193435668945,0,0
4980,2023/2/19 05:21:08,0.400000005960464,0.600000023841858,0.5,0.400000005960464,-388.9393921,-388.6810913,-394.7101135,0,-6.666666508,330.409057617188,11.8193435668945,0,0
4981,2023/2/19 05:21:12,0.400000005960464,0.600000023841858,0.400000005960464,0.400000005960464,-386.7155151,-386.4590759,-392.4627686,-6.666666508,-6.666666508,330.014770507813,11.931022644043,0,0
4982,2023/2/19 05:21:16,0.400000005960464,0.600000023841858,0.5,0.400000005960464,-384.4916382,-384.2154541,-390.2370605,0,-6.666666508,330.409057617188,11.8193435668945,0,0
4983,2023/2/19 05:21:20,0.400000005960464,0.400000005960464,0.400000005960464,0.400000005960464,-382.3109741,-381.9934387,-387.9681091,0,-6.666666508,330.409057617188,11.9124097824097,0,0
4984,2023/2/19 05:21:24,0.400000005960464,0.400000005960464,0.5,0.400000005960464,-380.1086731,-379.8145752,-385.7207642,0,0,330.409057617188,11.9124097824097,0,0
4985,2023/2/19 05:21:28,0.400000005960464,0.400000005960464,0.400000005960464,0.400000005960464,-377.8848267,-377.6141357,-383.4734192,0,0,330.409057617188,11.9124097824097,0,0
4986,2023/2/19 05:21:32,0.400000005960464,0.600000023841858,0.5,0.400000005960464,-375.6609497,-375.4136658,-381.2477112,0,0,330.409057617188,11.9124097824097,0,0
4987,2023/2/19 05:21:36,0.400000005960464,0.600000023841858,0.400000005960464,0.400000005960464,-373.4370728,-373.1916504,-379.0003662,0,0,330.409057617188,11.9124097824097,0,0
4988,2023/2/19 05:21:40,0.400000005960464,0.600000023841858,0.400000005960464,0.400000005960464,-371.2132263,-370.9480591,-376.7530212,0,-6.666666508,330.409057617188,11.9124097824097,0,0
4989,2023/2/19 05:21:44,0.400000005960464,0.600000023841858,0.400000005960464,0.400000005960464,-369.0325317,-368.7476196,-374.5056763,0,-6.666666508,330.409057617188,11.9124097824097,0,0
4990,2023/2/19 05:21:48,0.400000005960464,0.600000023841858,0.5,0.400000005960464,-366.8302612,-366.5471497,-372.2583618,0,0,330.409057617188,11.9124097824097,0,0
4991,2023/2/19 05:21:52,0.400000005960464,0.400000005960464,0.5,0.400000005960464,-364.6063843,-364.3467102,-370.0110168,0,0,330.409057617188,11.9124097824097,0,0
4992,2023/2/19 05:21:56,0.400000005960464,0.600000023841858,0.5,0.400000005960464,-362.3825073,-362.1462708,-367.7852783,0,0,330.014770507813,11.9124097824097,0,0
4993,2023/2/19 05:22:00,0.400000005960464,0.400000005960464,0.5,0.400000005960464,-360.1586609,-359.9026794,-365.5379639,0,0,330.409057617188,11.9124097824097,0,0
4994,2023/2/19 05:22:04,0.400000005960464,0.600000023841858,0.400000005960464,0.400000005960464,-357.9563599,-357.6806641,-363.2906189,0,0,330.409057617188,11.9124097824097,0,0
4995,2023/2/19 05:22:08,0.400000005960464,0.600000023841858,0.400000005960464,0.400000005960464,-355.7540894,-355.4801941,-361.0216675,0,0,330.409057617188,11.9124097824097,0,0
4996,2023/2/19 05:22:12,0.400000005960464,0.400000005960464,0.400000005960464,0.400000005960464,-353.5518188,-353.2797546,-358.7743225,0,0,330.409057617188,11.9124097824097,0,0
4997,2023/2/19 05:22:16,0.400000005960464,0.400000005960464,0.5,0.400000005960464,-351.3279419,-351.0793152,-356.5486145,0,0,330.409057617188,11.9124097824097,0,0
4998,2023/2/19 05:22:20,0.400000005960464,0.600000023841858,0.5,0.400000005960464,-349.1040649,-348.8788757,-354.3012695,0,0,330.409057617188,11.9124097824097,0,0
4999,2023/2/19 05:22:24,0.400000005960464,0.600000023841858,0.400000005960464,0.400000005960464,-346.8802185,-346.6352539,-352.075531,0,0,330.409057617188,11.9124097824097,0,0
5000,2023/2/19 05:22:28,0.400000005960464,0.600000023841858,0.5,0.400000005960464,-344.677948,-344.4132385,-349.8282166,0,0,330.409057617188,11.9124097824097,0,0
5001,2023/2/19 05:22:32,0.400000005960464,0.400000005960464,0.5,0.400000005960464,-342.475647,-342.2127991,-347.5592651,0,0,330.409057617188,11.9124097824097,0,0
5002,2023/2/19 05:22:36,0.400000005960464,0.600000023841858,0.5,0.400000005960464,-340.2733765,-340.0339355,-345.3119202,0,0,330.409057617188,11.9124097824097,0,0
5003,2023/2/19 05:22:40,0.400000005960464,0.600000023841858,0.5,0.400000005960464,-338.0494995,-337.8334656,-343.0861816,0,0,330.409057617188,11.9124097824097,0,0
5004,2023/2/19 05:22:44,0.400000005960464,0.400000005960464,0.5,0.400000005960464,-335.847229,-335.6114502,-340.8388672,6.66666650772095,0,330.409057617188,11.9124097824097,0,0
5005,2023/2/19 05:22:48,0.400000005960464,0.600000023841858,0.5,0.400000005960464,-333.6017761,-333.3894348,-338.6131287,6.66666650772095,0,330.409057617188,11.9124097824097,0,0
5006,2023/2/19 05:22:52,0.400000005960464,0.400000005960464,0.5,0.400000005960464,-331.3995056,-331.1458435,-336.3657837,0,0,330.014770507813,11.9124097824097,0,0
5007,2023/2/19 05:22:56,0.400000005960464,0.400000005960464,0.5,0.400000005960464,-329.1972351,-328.9454041,-334.0968628,0,0,330.409057617188,11.9124097824097,0,0
5008,2023/2/19 05:23:00,0.400000005960464,0.600000023841858,0.5,0.400000005960464,-326.9949341,-326.76651,-331.8495178,0,0,330.409057617188,11.9124097824097,0,0
5009,2023/2/19 05:23:04,0.400000005960464,0.400000005960464,0.5,0.400000005960464,-324.7926636,-324.5660706,-329.6237793,6.66666650772095,0,330.409057617188,11.9124097824097,0,0
5010,2023/2/19 05:23:08,0.400000005960464,0.400000005960464,0.400000005960464,0.400000005960464,-322.5472107,-322.3440552,-327.3764343,6.66666650772095,6.66666650772095,330.409057617188,11.9124097824097,0,0
5011,2023/2/19 05:23:12,0.400000005960464,0.400000005960464,0.5,0.400000005960464,-320.3233337,-320.1004639,-325.1507263,6.66666650772095,6.66666650772095,330.409057617188,11.9124097824097,0,0
5012,2023/2/19 05:23:16,0.400000005960464,0.400000005960464,0.400000005960464,0.400000005960464,-318.1210632,-317.8784485,-322.8817749,6.66666650772095,0,330.409057617188,11.9124097824097,0,0
5013,2023/2/19 05:23:20,0.400000005960464,0.600000023841858,0.5,0.400000005960464,-315.9187927,-315.6995544,-320.6128235,6.66666650772095,0,330.409057617188,11.9124097824097,0,0
5014,2023/2/19 05:23:24,0.200000002980232,0.200000002980232,0.200000002980232,0.200000002980232,-313.9756165,-313.7579956,-318.6464233,-253.3333282,-246.6666565,330.014770507813,11.9124097824097,0,0
5015,2023/2/19 05:23:28,0,0,0,0,-313.8244629,-313.5853882,-318.4735413,0,0,221.19270324707,1.82408773899078,0,0
5016,2023/2/19 05:23:32,0,0,0,0,-313.8244629,-313.5853882,-318.4735413,0,0,220.009841918945,0.0558394193649292,0,0
5017,2023/2/19 05:23:36,0,0,0,0,-313.8244629,-313.5853882,-318.4735413,0,0,220.009841918945,0.0558394193649292,0,0
5018,2023/2/19 05:23:40,0,0,0,0,-313.8244629,-313.5853882,-318.4735413,0,0,220.009841918945,0.0558394193649292,0,0
5019,2023/2/19 05:23:44,0,0,0,0,-313.8244629,-313.5853882,-318.4735413,0,0,220.009841918945,0.0558394193649292,0,0
5020,2023/2/19 05:23:48,0,0,0,0,-313.8244629,-313.5853882,-318.4735413,0,0,220.009841918945,0.0558394193649292,0,0
5021,2023/2/19 05:23:52,0,0,0,0,-313.8244629,-313.5853882,-318.4735413,0,0,220.009841918945,0.0558394193649292,0,0
5022,2023/2/19 05:23:56,0,0,0,0,-313.8244629,-313.5853882,-318.4735413,0,0,220.009841918945,0.0558394193649292,0,0
5023,2023/2/19 05:24:00,0,0,0,0,-313.8244629,-313.5853882,-318.4735413,0,0,220.009841918945,0.0558394193649292,0,0
5024,2023/2/19 05:24:04,0,0,0,0,-313.8244629,-313.5853882,-318.4735413,0,0,220.009841918945,0.0558394193649292,0,0
5025,2023/2/19 05:24:08,0,0,0,0,-313.8244629,-313.5853882,-318.4735413,0,0,220.009841918945,0.0558394193649292,0,0
5026,2023/2/19 05:24:12,0,0,0,0,-313.8244629,-313.5853882,-318.4735413,0,0,220.009841918945,0.0558394193649292,0,0
5027,2023/2/19 05:24:16,0,0,0,0,-313.8244629,-313.5853882,-318.4735413,0,0,220.009841918945,0.0558394193649292,0,0
5028,2023/2/19 05:24:20,0,0,0,0,-313.8244629,-313.5853882,-318.4735413,0,0,220.009841918945,0.0558394193649292,0,0
5029,2023/2/19 05:24:24,0,0,0,0,-313.8244629,-313.5853882,-318.4735413,0,0,220.009841918945,0.0558394193649292,0,0
5030,2023/2/19 05:24:28,0,0,0,0,-313.8244629,-313.5853882,-318.4735413,0,0,220.009841918945,0.0558394193649292,0,0
5031,2023/2/19 05:24:32,0,0,0,0,-313.8244629,-313.5853882,-318.4735413,0,0,220.40412902832,0.0558394193649292,0,0
5032,2023/2/19 05:24:36,0,0,0,0,-313.8244629,-313.5853882,-318.4735413,0,0,220.009841918945,0.0558394193649292,0,0
5033,2023/2/19 05:24:40,0,0,0,0,-313.8244629,-313.5853882,-318.4735413,0,0,220.40412902832,0.0558394193649292,0,0
5034,2023/2/19 05:24:44,0,0,0,0,-313.8244629,-313.5853882,-318.4735413,0,0,220.009841918945,0.0558394193649292,0,0
5035,2023/2/19 05:24:48,0,0,0,0,-313.8244629,-313.5853882,-318.4735413,0,0,220.009841918945,0.0558394193649292,0,0
5036,2023/2/19 05:24:52,0,0,0,0,-313.8244629,-313.5853882,-318.4735413,0,0,220.009841918945,0.0558394193649292,0,0
5037,2023/2/19 05:24:56,0,0,0,0,-313.8244629,-313.5853882,-318.4735413,0,0,220.009841918945,0.0558394193649292,0,0
5038,2023/2/19 05:25:00,0,0,0,0,-313.8244629,-313.5853882,-318.4735413,0,0,220.009841918945,0.0558394193649292,0,0
5039,2023/2/19 05:25:04,0,0,0,0,-313.8244629,-313.5853882,-318.4735413,0,0,220.009841918945,0.0558394193649292,0,0
5040,2023/2/19 05:25:08,0,0,0,0,-313.8244629,-313.5853882,-318.4735413,0,0,220.009841918945,0.0558394193649292,0,0
5041,2023/2/19 05:25:12,0,0,0,0,-313.8244629,-313.5853882,-318.4735413,0,0,220.009841918945,0.0558394193649292,0,0
5042,2023/2/19 05:25:16,0,0,0,0,-313.8244629,-313.5853882,-318.4735413,0,0,220.009841918945,0.0558394193649292,0,0
5043,2023/2/19 05:25:20,0,0,0,0,-313.8244629,-313.5853882,-318.4735413,0,0,220.009841918945,0.0558394193649292,0,0
5044,2023/2/19 05:25:24,0,0,0,0,-313.8244629,-313.5853882,-318.4735413,0,0,220.009841918945,0.0558394193649292,0,0
5045,2023/2/19 05:25:28,0,0,0,0,-313.8244629,-313.5853882,-318.4735413,0,0,220.009841918945,0.0558394193649292,0,0
5046,2023/2/19 05:25:32,0,0,0,0,-313.8244629,-313.5853882,-318.4735413,0,0,220.009841918945,0.0558394193649292,0,0
5047,2023/2/19 05:25:36,0,0,0,0,-313.8244629,-313.5853882,-318.4735413,0,0,220.009841918945,0.0558394193649292,0,0
5048,2023/2/19 05:25:40,0,0,0,0,-313.8244629,-313.5853882,-318.4735413,0,0,220.009841918945,0.0558394193649292,0,0
5049,2023/2/19 05:25:44,0,0,0,0,-313.8244629,-313.5853882,-318.4735413,0,0,220.40412902832,0.0558394193649292,0,0
5050,2023/2/19 05:25:48,0,0,0,0,-313.8244629,-313.5853882,-318.4735413,0,0,220.009841918945,0.0558394193649292,0,0
5051,2023/2/19 05:25:52,0,0,0,0,-313.8244629,-313.5853882,-318.4735413,0,0,220.009841918945,0.0558394193649292,0,0
5052,2023/2/19 05:25:56,0,0,0,0,-313.8244629,-313.5853882,-318.4735413,0,0,220.009841918945,0.0558394193649292,0,0
5053,2023/2/19 05:26:00,0,0,0,0,-313.8244629,-313.5853882,-318.4735413,0,0,220.009841918945,0.0558394193649292,0,0
5054,2023/2/19 05:26:04,0,0,0,0,-313.8244629,-313.5853882,-318.4735413,0,0,220.40412902832,0.0558394193649292,0,0
5055,2023/2/19 05:26:08,0,0,0,0,-313.8244629,-313.5853882,-318.4735413,0,0,220.009841918945,0.0558394193649292,0,0
5056,2023/2/19 05:26:12,0,0,0,0,-313.8244629,-313.5853882,-318.4735413,0,0,220.40412902832,0.0558394193649292,0,0
5057,2023/2/19 05:26:16,0,0,0,0,-313.8244629,-313.5853882,-318.4735413,0,0,220.40412902832,0.0558394193649292,0,0
5058,2023/2/19 05:26:20,0,0,0,0,-313.8244629,-313.5853882,-318.4735413,0,0,220.40412902832,0.0558394193649292,0,0
5059,2023/2/19 05:26:24,0,0,0,0,-313.8244629,-313.5853882,-318.4735413,0,0,220.009841918945,0.0558394193649292,0,0
5060,2023/2/19 05:26:28,0,0,0,0,-313.8244629,-313.5853882,-318.4735413,0,0,220.40412902832,0.0558394193649292,0,0
5061,2023/2/19 05:26:32,0,0,0,0,-313.8244629,-313.5853882,-318.4735413,0,0,220.009841918945,0.0558394193649292,0,0
5062,2023/2/19 05:26:36,0,0,0,0,-313.8244629,-313.5853882,-318.4735413,0,0,220.009841918945,0.0558394193649292,0,0
5063,2023/2/19 05:26:40,0,0,0,0,-313.8244629,-313.5853882,-318.4735413,0,0,220.009841918945,0.0558394193649292,0,0
5064,2023/2/19 05:26:44,0,0,0,0,-313.8244629,-313.5853882,-318.4735413,0,0,220.009841918945,0.0558394193649292,0,0
5065,2023/2/19 05:26:48,0,0,0,0,-313.8244629,-313.5853882,-318.4735413,0,0,220.009841918945,0.0558394193649292,0,0
5066,2023/2/19 05:26:52,0,0,0,0,-313.8244629,-313.5853882,-318.4735413,0,0,220.40412902832,0.0558394193649292,0,0
5067,2023/2/19 05:26:56,0,0,0,0,-313.8244629,-313.5853882,-318.4735413,0,0,220.009841918945,0.0558394193649292,0,0
5068,2023/2/19 05:27:00,0,0,0,0,-313.8244629,-313.5853882,-318.4735413,0,0,220.009841918945,0.0558394193649292,0,0
5069,2023/2/19 05:27:04,0,0,0,0,-313.8244629,-313.5853882,-318.4735413,0,0,220.009841918945,0.0558394193649292,0,0
5070,2023/2/19 05:27:08,0,0,0,0,-313.8244629,-313.5853882,-318.4735413,0,0,220.009841918945,0.0558394193649292,0,0
5071,2023/2/19 05:27:12,0,0,0,0,-313.8244629,-313.5853882,-318.4735413,0,0,220.009841918945,0.0558394193649292,0,0
5072,2023/2/19 05:27:16,0,0,0,0,-313.8244629,-313.5853882,-318.4735413,0,0,220.009841918945,0.0558394193649292,0,0
5073,2023/2/19 05:27:20,0,0,0,0,-313.8244629,-313.5853882,-318.4735413,0,0,220.009841918945,0.0558394193649292,0,0
5074,2023/2/19 05:27:24,0,0,0,0,-313.8244629,-313.5853882,-318.4735413,0,0,220.009841918945,0.0558394193649292,0,0
5075,2023/2/19 05:27:28,0,0,0,0,-313.8244629,-313.5853882,-318.4735413,0,0,220.009841918945,0.0558394193649292,0,0
5076,2023/2/19 05:27:32,0,0,0,0,-313.8244629,-313.5853882,-318.4735413,0,0,220.009841918945,0.0558394193649292,0,0
5077,2023/2/19 05:27:36,0,0,0,0,-313.8244629,-313.5853882,-318.4735413,0,0,220.40412902832,0.0558394193649292,0,0
5078,2023/2/19 05:27:40,0,0,0,0,-313.8244629,-313.5853882,-318.4735413,0,0,220.009841918945,0.0558394193649292,0,0
5079,2023/2/19 05:27:44,0,0,0,0,-313.8244629,-313.5853882,-318.4735413,0,0,220.009841918945,0.0558394193649292,0,0
5080,2023/2/19 05:27:48,0,0,0,0,-313.8244629,-313.5853882,-318.4735413,0,0,220.009841918945,0.0558394193649292,0,0
5081,2023/2/19 05:27:52,0,0,0,0,-313.8244629,-313.5853882,-318.4735413,0,0,220.009841918945,0.0558394193649292,0,0
5082,2023/2/19 05:27:56,0,0,0,0,-313.8244629,-313.5853882,-318.4735413,0,0,220.009841918945,0.0558394193649292,0,0
5083,2023/2/19 05:28:00,0,0,0,0,-313.8244629,-313.5853882,-318.4735413,0,0,220.009841918945,0.0558394193649292,0,0
5084,2023/2/19 05:28:04,0,0,0,0,-313.8244629,-313.5853882,-318.4735413,0,0,220.009841918945,0.0558394193649292,0,0
5085,2023/2/19 05:28:08,0,0,0,0,-313.8244629,-313.5853882,-318.4735413,0,0,220.009841918945,0.0558394193649292,0,0
5086,2023/2/19 05:28:12,0,0,0,0,-313.8244629,-313.5853882,-318.4735413,0,0,220.009841918945,0.0558394193649292,0,0
5087,2023/2/19 05:28:16,0,0,0,0,-313.8244629,-313.5853882,-318.4735413,0,0,220.009841918945,0.0558394193649292,0,0
5088,2023/2/19 05:28:20,0,0,0,0,-313.8244629,-313.5853882,-318.4735413,0,0,220.009841918945,0.0558394193649292,0,0
5089,2023/2/19 05:28:24,0,0,0,0,-313.8244629,-313.5853882,-318.4735413,0,0,220.009841918945,0.0558394193649292,0,0
5090,2023/2/19 05:28:28,0,0,0,0,-313.8244629,-313.5853882,-318.4735413,0,0,220.009841918945,0.0558394193649292,0,0
5091,2023/2/19 05:28:32,0,0,0,0,-313.8244629,-313.5853882,-318.4735413,0,0,220.009841918945,0.0558394193649292,0,0
5092,2023/2/19 05:28:36,0,0,0,0,-313.8244629,-313.5853882,-318.4735413,0,0,220.009841918945,0.0558394193649292,0,0
5093,2023/2/19 05:28:40,0,0,0,0,-313.8244629,-313.5853882,-318.4735413,0,0,220.009841918945,0.0558394193649292,0,0
5094,2023/2/19 05:28:44,0,0,0,0,-313.8244629,-313.5853882,-318.4735413,0,0,220.009841918945,0.0558394193649292,0,0
5095,2023/2/19 05:28:48,0,0,0,0,-313.8244629,-313.5853882,-318.4735413,0,0,220.009841918945,0.0558394193649292,0,0
5096,2023/2/19 05:28:52,0,0,0,0,-313.8244629,-313.5853882,-318.4735413,0,0,220.009841918945,0.0558394193649292,0,0
5097,2023/2/19 05:28:56,0,0,0,0,-313.8244629,-313.5853882,-318.4735413,0,0,220.009841918945,0.0558394193649292,0,0
5098,2023/2/19 05:29:00,0,0,0,0,-313.8244629,-313.5853882,-318.4735413,0,0,220.009841918945,0.0558394193649292,0,0
5099,2023/2/19 05:29:04,0,0,0,0,-313.8244629,-313.5853882,-318.4735413,0,0,220.009841918945,0.0558394193649292,0,0
5100,2023/2/19 05:29:08,0,0,0,0,-313.8244629,-313.5853882,-318.4735413,0,0,220.009841918945,0.0558394193649292,0,0
5101,2023/2/19 05:29:12,0,0,0,0,-313.8244629,-313.5853882,-318.4735413,0,0,220.009841918945,0.0558394193649292,0,0
5102,2023/2/19 05:29:16,0,0,0,0,-313.8244629,-313.5853882,-318.4735413,0,0,220.009841918945,0.0558394193649292,0,0
5103,2023/2/19 05:29:20,0,0,0,0,-313.8244629,-313.5853882,-318.4735413,0,0,220.009841918945,0.0558394193649292,0,0
5104,2023/2/19 05:29:24,0,0,0,0,-313.8244629,-313.5853882,-318.4735413,0,0,220.009841918945,0.0558394193649292,0,0
5105,2023/2/19 05:29:28,0,0,0,0,-313.8244629,-313.5853882,-318.4735413,0,0,220.009841918945,0.0558394193649292,0,0
5106,2023/2/19 05:29:32,0,0,0,0,-313.8244629,-313.5853882,-318.4735413,0,0,220.009841918945,0.0558394193649292,0,0
5107,2023/2/19 05:29:36,0,0,0,0,-313.8244629,-313.5853882,-318.4735413,0,0,220.009841918945,0.0558394193649292,0,0
5108,2023/2/19 05:29:40,0,0,0,0,-313.8244629,-313.5853882,-318.4735413,0,0,220.009841918945,0.0558394193649292,0,0
5109,2023/2/19 05:29:44,0,0,0,0,-313.8244629,-313.5853882,-318.4735413,0,0,220.009841918945,0.0558394193649292,0,0
5110,2023/2/19 05:29:48,0,0,0,0,-313.8244629,-313.5853882,-318.4735413,0,0,220.009841918945,0.0558394193649292,0,0
5111,2023/2/19 05:29:52,0,0,0,0,-313.8244629,-313.5853882,-318.4735413,0,0,220.009841918945,0.0558394193649292,0,0
5112,2023/2/19 05:29:56,0,0,0,0,-313.8244629,-313.5853882,-318.4735413,0,0,220.009841918945,0.0558394193649292,0,0
5113,2023/2/19 05:30:00,0,0,0,0,-313.8244629,-313.5853882,-318.4735413,0,0,220.009841918945,0.0558394193649292,0,0
5114,2023/2/19 05:30:04,0,0,0,0,-313.8244629,-313.5853882,-318.4735413,0,0,220.009841918945,0.0558394193649292,0,0
5115,2023/2/19 05:30:08,0,0,0,0,-313.8244629,-313.5853882,-318.4735413,0,0,220.009841918945,0.0558394193649292,0,0
5116,2023/2/19 05:30:12,0,0,0,0,-313.8244629,-313.5853882,-318.4735413,0,0,220.009841918945,0.0558394193649292,0,0
5117,2023/2/19 05:30:16,0,0,0,0,-313.8244629,-313.5853882,-318.4735413,0,0,220.009841918945,0.0558394193649292,0,0
5118,2023/2/19 05:30:20,0,0,0,0,-313.8244629,-313.5853882,-318.4735413,0,0,220.009841918945,0.0558394193649292,0,0
5119,2023/2/19 05:30:24,0,0,0,0,-313.8244629,-313.5853882,-318.4735413,0,0,220.009841918945,0.0558394193649292,0,0
5120,2023/2/19 05:30:28,0,0,0,0,-313.8244629,-313.5853882,-318.4735413,0,0,220.009841918945,0.0558394193649292,0,0
5121,2023/2/19 05:30:32,0,0,0,0,-313.8244629,-313.5853882,-318.4735413,0,0,220.009841918945,0.0558394193649292,0,0
5122,2023/2/19 05:30:36,0,0,0,0,-313.8244629,-313.5853882,-318.4735413,0,0,220.009841918945,0.0558394193649292,0,0
5123,2023/2/19 05:30:40,0,0,0,0,-313.8244629,-313.5853882,-318.4735413,0,0,220.009841918945,0.558394193649292,0,0
5124,2023/2/19 05:30:44,0,0,0,0,-313.8244629,-313.5853882,-318.4735413,0,0,246.426803588867,0.67007303237915,0,0
5125,2023/2/19 05:30:48,0,0,0,0,-313.8244629,-313.5853882,-318.4735413,1753.33325195313,1739.99987792969,330.014770507813,6.49598598480225,0,0
5126,2023/2/19 05:30:52,0,0.200000002980232,0.200000002980232,0.100000001490116,-313.3926392,-313.1755066,-318.0413513,1213.33325195313,1226.66662597656,330.409057617188,7.79890537261963,0,0
5127,2023/2/19 05:30:56,0.600000023841858,0.600000023841858,0.699999988079071,0.600000023841858,-312.3131104,-312.0968628,-316.960907,879.999938964844,879.999938964844,330.409057617188,8.82262802124023,0,0
5128,2023/2/19 05:31:00,3.09999990463257,3.20000004768372,3.09999990463257,3.20000004768372,-304.7130737,-304.5031738,-309.3113098,1813.33325195313,1799.99987792969,330.014770507813,9.82773780822754,0,0
5129,2023/2/19 05:31:04,7.19999980926514,7.19999980926514,7.19999980926514,7.30000019073486,-279.1062317,-279.0038452,-283.4237366,553.333312988281,566.666625976563,330.014770507813,10.9817523956299,0,0
5130,2023/2/19 05:31:08,7.19999980926514,7.19999980926514,7.09999990463257,7.40000009536743,-245.3595581,-245.2852325,-249.1734467,40,33.3333320617676,330.409057617188,12.0240879058838,0,0
5131,2023/2/19 05:31:12,7.5,7.40000009536743,7.59999990463257,7.69999980926514,-211.2242737,-211.1998596,-214.5558319,153.33332824707,160,330.014770507813,12.1357669830322,0,0
